customer_id,state,region,orders,revenue,profit,first_order,last_order,recency_days,avg_delivery_days,returned_lines,order_lines,r_score,f_score,m_score,segment,churn_status
C06220,Assam,Northeast,1,123.18,-112.0,2025-06-11,2025-06-11,203,5.0,0,1,2,1,1,Low value / lost,Churned
C06569,Tamil Nadu,South,1,134.84,-87.72,2025-10-16,2025-10-16,76,3.0,0,1,3,1,1,Low value / lost,Active
C08768,Madhya Pradesh,Central,1,135.72,-82.17,2025-08-19,2025-08-19,134,5.0,0,1,2,1,1,Low value / lost,Churned
C06267,Gujarat,West,1,142.97,-60.6,2024-12-26,2024-12-26,370,4.0,0,1,1,1,1,Low value / lost,Churned
C00327,Tamil Nadu,South,1,143.7,-91.68,2025-09-05,2025-09-05,117,5.0,0,1,2,1,1,Low value / lost,Churned
C00243,Telangana,South,1,145.14,-52.64,2024-11-29,2024-11-29,397,2.0,0,1,1,1,1,Low value / lost,Churned
C05162,Delhi,North,1,146.27,-62.89,2025-12-18,2025-12-18,13,3.0,0,1,5,1,1,New / promising,Active
C07881,Telangana,South,1,146.27,-25.68,2025-10-27,2025-10-27,65,1.0,0,1,3,1,1,Low value / lost,Active
C00670,Bihar,East,1,151.69,-98.03,2024-11-23,2024-11-23,403,6.0,0,1,1,1,1,Low value / lost,Churned
C10876,Tamil Nadu,South,1,154.1,-70.42,2024-04-15,2024-04-15,625,3.0,0,1,1,1,1,Low value / lost,Churned
C10947,Delhi,North,1,159.67,-17.67,2025-10-24,2025-10-24,68,1.0,0,1,3,1,1,Low value / lost,Active
C02455,Maharashtra,West,1,159.67,-36.7,2025-08-31,2025-08-31,122,3.0,0,1,2,1,1,Low value / lost,Churned
C08945,Maharashtra,West,1,162.21,-26.71,2024-08-24,2024-08-24,494,1.0,0,1,1,1,1,Low value / lost,Churned
C01052,Kerala,South,1,168.86,-87.42,2024-09-05,2024-09-05,482,4.0,0,1,1,1,1,Low value / lost,Churned
C04593,Gujarat,West,1,170.75,-32.27,2025-04-14,2025-04-14,261,3.0,0,1,2,1,1,Low value / lost,Churned
C06204,Gujarat,West,1,170.77,-78.95,2025-03-24,2025-03-24,282,3.0,0,1,1,1,1,Low value / lost,Churned
C02117,Madhya Pradesh,Central,1,177.1,-77.04,2025-09-26,2025-09-26,96,4.0,0,1,3,1,1,Low value / lost,Churned
C07399,Delhi,North,1,188.17,-47.45,2025-10-11,2025-10-11,81,2.0,0,1,3,1,1,Low value / lost,Active
C04393,Gujarat,West,1,188.92,-42.99,2025-01-10,2025-01-10,355,2.0,0,1,1,1,1,Low value / lost,Churned
C00209,Maharashtra,West,1,188.92,-47.68,2025-09-02,2025-09-02,120,2.0,0,1,2,1,1,Low value / lost,Churned
C01413,Karnataka,South,1,189.97,-57.86,2024-12-29,2024-12-29,367,3.0,0,1,1,1,1,Low value / lost,Churned
C05131,Telangana,South,1,190.71,-10.83,2025-08-09,2025-08-09,144,1.0,0,1,2,1,1,Low value / lost,Churned
C05288,Karnataka,South,1,190.71,-25.95,2025-12-26,2025-12-26,5,3.0,1,1,5,1,1,New / promising,Active
C05252,Karnataka,South,1,190.71,-28.6,2025-12-06,2025-12-06,25,3.0,0,1,4,1,1,New / promising,Active
C04319,Tamil Nadu,South,1,192.35,-56.21,2024-12-09,2024-12-09,387,3.0,0,1,1,1,1,Low value / lost,Churned
C07686,Uttar Pradesh,North,1,192.63,-16.58,2025-09-12,2025-09-12,110,2.0,0,1,2,1,1,Low value / lost,Churned
C02477,Maharashtra,West,1,194.04,-62.62,2025-02-19,2025-02-19,315,1.0,0,1,1,1,1,Low value / lost,Churned
C01766,Telangana,South,1,200.73,-54.29,2024-08-20,2024-08-20,498,3.0,0,1,1,1,1,Low value / lost,Churned
C11569,Kerala,South,1,201.8,-17.37,2025-11-28,2025-11-28,33,3.0,0,1,4,1,1,New / promising,Active
C10889,Tamil Nadu,South,1,201.8,-22.76,2025-12-07,2025-12-07,24,3.0,0,1,4,1,1,New / promising,Active
C05905,Telangana,South,1,204.92,-94.05,2024-04-09,2024-04-09,631,3.0,0,1,1,1,1,Low value / lost,Churned
C01602,Assam,Northeast,1,206.17,-119.82,2025-12-02,2025-12-02,29,8.0,0,1,4,1,1,New / promising,Active
C10291,Gujarat,West,1,206.17,-74.22,2025-12-03,2025-12-03,28,4.0,0,1,4,1,1,New / promising,Active
C01515,Tamil Nadu,South,1,208.23,-84.22,2025-06-08,2025-06-08,206,3.0,0,1,2,1,1,Low value / lost,Churned
C08704,Karnataka,South,1,210.31,-26.84,2025-02-18,2025-02-18,316,2.0,0,1,1,1,1,Low value / lost,Churned
C06009,Uttar Pradesh,North,1,213.72,-5.69,2025-06-11,2025-06-11,203,1.0,0,1,2,1,1,Low value / lost,Churned
C07843,Gujarat,West,1,213.72,-31.24,2025-08-22,2025-08-22,131,3.0,0,1,2,1,1,Low value / lost,Churned
C08187,Tamil Nadu,South,1,213.72,-32.93,2025-10-19,2025-10-19,73,4.0,0,1,3,1,1,Low value / lost,Active
C02578,Rajasthan,North,1,213.72,-51.28,2025-11-07,2025-11-07,54,4.0,0,1,3,1,1,Low value / lost,Active
C02330,Maharashtra,West,1,213.72,-210.31,2025-12-05,2025-12-05,26,3.0,0,1,4,1,1,New / promising,Active
C05383,Maharashtra,West,1,217.73,-95.45,2025-01-28,2025-01-28,337,5.0,0,1,1,1,1,Low value / lost,Churned
C05250,Maharashtra,West,1,218.3,-39.14,2025-02-22,2025-02-22,312,1.0,0,1,1,1,1,Low value / lost,Churned
C01687,Gujarat,West,1,219.56,-61.97,2024-11-02,2024-11-02,424,5.0,0,1,1,1,1,Low value / lost,Churned
C01134,Gujarat,West,1,220.01,-210.35,2025-10-30,2025-10-30,62,4.0,0,1,3,1,1,Low value / lost,Active
C04664,Madhya Pradesh,Central,1,221.32,-64.92,2025-10-13,2025-10-13,79,4.0,0,1,3,1,1,Low value / lost,Active
C07175,Karnataka,South,1,221.38,-24.18,2025-09-04,2025-09-04,118,3.0,1,1,2,1,1,Low value / lost,Churned
C03765,Rajasthan,North,1,225.94,-199.6,2025-06-09,2025-06-09,205,4.0,0,1,2,1,1,Low value / lost,Churned
C08597,Maharashtra,West,1,225.94,4.33,2025-03-28,2025-03-28,278,1.0,0,1,1,1,1,Low value / lost,Churned
C06577,Kerala,South,1,226.4,-47.01,2025-12-02,2025-12-02,29,3.0,0,1,4,1,1,New / promising,Active
C03691,Maharashtra,West,1,227.77,5.81,2024-08-21,2024-08-21,497,1.0,0,1,1,1,1,Low value / lost,Churned
C09368,Uttar Pradesh,North,1,228.33,-44.3,2025-11-11,2025-11-11,50,3.0,0,1,3,1,1,Low value / lost,Active
C04783,Karnataka,South,1,230.97,-70.26,2024-11-25,2024-11-25,401,3.0,0,1,1,1,1,Low value / lost,Churned
C01308,Telangana,South,1,231.32,-83.4,2024-08-15,2024-08-15,503,2.0,0,1,1,1,1,Low value / lost,Churned
C06600,West Bengal,East,1,231.32,-124.5,2025-08-15,2025-08-15,138,6.0,0,1,2,1,1,Low value / lost,Churned
C08338,Maharashtra,West,1,236.15,-2.22,2025-08-09,2025-08-09,144,2.0,0,1,2,1,1,Low value / lost,Churned
C08124,Gujarat,West,1,236.38,-41.42,2024-09-07,2024-09-07,480,2.0,0,1,1,1,1,Low value / lost,Churned
C08830,Delhi,North,1,240.54,-72.82,2025-05-22,2025-05-22,223,3.0,0,1,2,1,1,Low value / lost,Churned
C11270,Tamil Nadu,South,1,242.55,-28.75,2025-06-21,2025-06-21,193,3.0,0,1,2,1,1,Low value / lost,Churned
C03315,Karnataka,South,1,243.96,-34.3,2025-05-19,2025-05-19,226,4.0,0,1,2,1,1,Low value / lost,Churned
C06588,Madhya Pradesh,Central,1,245.91,-85.01,2025-01-26,2025-01-26,339,6.0,0,1,1,1,1,Low value / lost,Churned
C09278,Kerala,South,1,245.91,-31.64,2025-02-23,2025-02-23,311,2.0,0,1,1,1,1,Low value / lost,Churned
C06828,Madhya Pradesh,Central,1,252.76,-58.26,2025-03-13,2025-03-13,293,5.0,0,1,1,1,1,Low value / lost,Churned
C09438,Kerala,South,1,253.1,-69.2,2025-10-06,2025-10-06,86,4.0,0,1,3,1,1,Low value / lost,Active
C05445,Karnataka,South,1,255.58,-62.62,2025-09-28,2025-09-28,94,4.0,0,1,3,1,1,Low value / lost,Churned
C06198,West Bengal,East,1,256.63,-23.51,2025-11-16,2025-11-16,45,2.0,0,1,4,1,1,New / promising,Active
C03673,Telangana,South,1,256.63,-21.94,2024-08-28,2024-08-28,490,2.0,0,1,1,1,1,Low value / lost,Churned
C06410,Rajasthan,North,1,256.63,-33.59,2025-03-15,2025-03-15,291,2.0,0,1,1,1,1,Low value / lost,Churned
C03784,Bihar,East,1,258.88,16.25,2025-08-25,2025-08-25,128,7.0,1,1,2,1,1,Low value / lost,Churned
C06692,Uttar Pradesh,North,1,262.01,-53.11,2024-10-08,2024-10-08,449,3.0,0,1,1,1,1,Low value / lost,Churned
C04927,Maharashtra,West,1,262.64,-9.76,2024-12-13,2024-12-13,383,2.0,0,1,1,1,1,Low value / lost,Churned
C08575,Telangana,South,1,262.64,-6.88,2025-05-05,2025-05-05,240,2.0,0,1,2,1,1,Low value / lost,Churned
C09978,Telangana,South,1,262.95,20.12,2025-04-11,2025-04-11,264,3.0,0,1,2,1,1,Low value / lost,Churned
C01375,Rajasthan,North,1,267.72,-54.04,2025-07-22,2025-07-22,162,6.0,0,1,2,1,1,Low value / lost,Churned
C04405,Uttar Pradesh,North,1,268.34,-1.86,2025-10-21,2025-10-21,71,1.0,0,1,3,1,1,Low value / lost,Active
C05988,Karnataka,South,1,268.91,-27.55,2025-09-17,2025-09-17,105,1.0,0,1,3,1,1,Low value / lost,Churned
C11211,Madhya Pradesh,Central,1,268.91,-68.14,2024-04-08,2024-04-08,632,4.0,0,1,1,1,1,Low value / lost,Churned
C01196,Maharashtra,West,1,269.45,-53.99,2025-10-10,2025-10-10,82,2.0,0,1,3,1,1,Low value / lost,Active
C06123,Telangana,South,1,273.05,-7.86,2025-10-31,2025-10-31,61,1.0,0,1,3,1,1,Low value / lost,Active
C11326,Maharashtra,West,1,274.78,-16.96,2024-04-29,2024-04-29,611,2.0,0,1,1,1,1,Low value / lost,Churned
C03278,Maharashtra,West,1,275.99,-20.78,2025-05-01,2025-05-01,244,1.0,0,1,2,1,1,Low value / lost,Churned
C06699,Madhya Pradesh,Central,1,276.56,-78.22,2025-09-07,2025-09-07,115,5.0,0,1,2,1,1,Low value / lost,Churned
C00997,Telangana,South,1,276.56,-36.98,2024-07-17,2024-07-17,532,2.0,0,1,1,1,1,Low value / lost,Churned
C05353,Rajasthan,North,1,276.56,-79.13,2024-12-07,2024-12-07,389,6.0,0,1,1,1,1,Low value / lost,Churned
C07395,Uttar Pradesh,North,1,280.84,-17.93,2025-10-17,2025-10-17,75,4.0,0,1,3,1,1,Low value / lost,Active
C10138,Assam,Northeast,1,280.84,-47.82,2025-12-09,2025-12-09,22,6.0,0,1,4,1,1,New / promising,Active
C01078,West Bengal,East,1,282.6,-36.26,2025-12-26,2025-12-26,5,5.0,0,1,5,1,1,New / promising,Active
C00954,Rajasthan,North,1,284.42,-57.74,2024-11-19,2024-11-19,407,4.0,0,1,1,1,1,Low value / lost,Churned
C08891,Uttar Pradesh,North,1,284.73,-34.24,2024-10-22,2024-10-22,435,3.0,0,1,1,1,1,Low value / lost,Churned
C06510,Uttar Pradesh,North,1,284.73,-50.21,2025-02-10,2025-02-10,324,5.0,0,1,1,1,1,Low value / lost,Churned
C08443,Karnataka,South,1,285.65,-30.85,2024-05-11,2024-05-11,599,3.0,0,1,1,1,1,Low value / lost,Churned
C06188,Maharashtra,West,1,289.12,8.46,2025-08-27,2025-08-27,126,1.0,0,1,2,1,1,Low value / lost,Churned
C03251,Maharashtra,West,1,289.15,-10.86,2025-04-18,2025-04-18,257,1.0,0,1,2,1,1,Low value / lost,Churned
C01318,Tamil Nadu,South,1,289.15,-45.25,2025-08-21,2025-08-21,132,4.0,0,1,2,1,1,Low value / lost,Churned
C02756,Karnataka,South,1,289.15,-42.04,2024-07-29,2024-07-29,520,3.0,0,1,1,1,1,Low value / lost,Churned
C07463,Madhya Pradesh,Central,1,291.12,-35.77,2024-12-27,2024-12-27,369,3.0,0,1,1,1,1,Low value / lost,Churned
C01315,Maharashtra,West,1,291.12,-13.83,2025-12-06,2025-12-06,25,2.0,0,1,4,1,1,New / promising,Active
C02854,Telangana,South,1,292.79,-46.65,2025-10-06,2025-10-06,86,4.0,0,1,3,1,1,Low value / lost,Active
C01259,Uttar Pradesh,North,1,292.79,-10.05,2025-03-20,2025-03-20,286,1.0,0,1,1,1,1,Low value / lost,Churned
C03854,Delhi,North,1,298.16,15.98,2025-04-12,2025-04-12,263,2.0,0,1,2,1,1,Low value / lost,Churned
C01482,Kerala,South,1,299.39,-53.14,2024-08-25,2024-08-25,493,4.0,0,1,1,1,1,Low value / lost,Churned
C00498,Maharashtra,West,1,299.39,-58.58,2025-12-30,2025-12-30,1,5.0,0,1,5,1,1,New / promising,Active
C06293,Uttar Pradesh,North,1,299.39,-58.2,2025-04-20,2025-04-20,255,4.0,0,1,2,1,1,Low value / lost,Churned
C00806,Uttar Pradesh,North,1,300.55,-23.8,2025-05-30,2025-05-30,215,4.0,0,1,2,1,1,Low value / lost,Churned
C11067,Delhi,North,1,300.68,4.2,2025-06-04,2025-06-04,210,2.0,0,1,2,1,1,Low value / lost,Churned
C03730,Delhi,North,1,300.68,5.36,2025-12-08,2025-12-08,23,1.0,0,1,4,1,1,New / promising,Active
C00960,Delhi,North,1,300.68,-2.82,2024-10-18,2024-10-18,439,2.0,0,1,1,1,1,Low value / lost,Churned
C01951,Maharashtra,West,1,306.33,74.44,2024-11-11,2024-11-11,415,2.0,0,1,1,1,1,Low value / lost,Churned
C05659,Tamil Nadu,South,2,307.41,-177.81,2025-06-07,2025-11-13,48,4.5,1,2,3,1,1,Low value / lost,Active
C08467,Assam,Northeast,1,307.94,-131.24,2024-05-20,2024-05-20,590,10.0,0,1,1,1,1,Low value / lost,Churned
C10821,Uttar Pradesh,North,1,307.94,-47.96,2025-04-18,2025-04-18,257,4.0,0,1,2,1,1,Low value / lost,Churned
C11142,Maharashtra,West,1,308.2,-14.59,2025-06-12,2025-06-12,202,3.0,0,1,2,1,1,Low value / lost,Churned
C08250,Rajasthan,North,1,308.2,-11.48,2024-06-18,2024-06-18,561,3.0,0,1,1,1,1,Low value / lost,Churned
C02351,Delhi,North,1,308.2,-17.59,2024-09-12,2024-09-12,475,3.0,0,1,1,1,1,Low value / lost,Churned
C04671,Delhi,North,1,308.2,-3.2,2025-10-31,2025-10-31,61,2.0,0,1,3,1,1,Low value / lost,Active
C05112,Tamil Nadu,South,1,309.34,-21.47,2025-01-14,2025-01-14,351,2.0,0,1,1,1,1,Low value / lost,Churned
C03540,Maharashtra,West,1,316.37,-4.28,2024-10-27,2024-10-27,430,3.0,0,1,1,1,1,Low value / lost,Churned
C09951,Tamil Nadu,South,1,319.34,-32.78,2024-05-07,2024-05-07,603,4.0,0,1,1,1,1,Low value / lost,Churned
C09827,Maharashtra,West,1,319.34,-31.04,2025-09-18,2025-09-18,104,4.0,0,1,3,1,1,Low value / lost,Churned
C00944,Karnataka,South,1,322.5,-79.37,2025-04-29,2025-04-29,246,4.0,0,1,2,1,1,Low value / lost,Churned
C07112,Tamil Nadu,South,1,322.5,-103.15,2024-12-19,2024-12-19,377,5.0,0,1,1,1,1,Low value / lost,Churned
C08719,Maharashtra,West,1,323.95,-96.28,2025-05-07,2025-05-07,238,3.0,0,1,2,1,1,Low value / lost,Churned
C10087,Maharashtra,West,1,325.31,39.82,2025-10-26,2025-10-26,66,3.0,0,1,3,1,1,Low value / lost,Active
C01306,Tamil Nadu,South,2,334.49,-148.04,2024-12-13,2025-06-02,212,4.5,0,2,2,1,1,Low value / lost,Churned
C01993,Rajasthan,North,1,338.06,-69.74,2024-07-07,2024-07-07,542,3.0,0,1,1,1,1,Low value / lost,Churned
C02545,Karnataka,South,1,338.06,-37.25,2025-05-21,2025-05-21,224,1.0,0,1,2,1,1,Low value / lost,Churned
C00934,Maharashtra,West,1,341.7,8.61,2025-01-28,2025-01-28,337,2.0,0,1,1,1,1,Low value / lost,Churned
C02353,Gujarat,West,1,341.95,-48.72,2025-06-28,2025-06-28,186,1.0,0,1,2,1,1,Low value / lost,Churned
C00966,Maharashtra,West,1,342.67,-55.15,2025-11-12,2025-11-12,49,3.0,0,1,3,1,1,Low value / lost,Active
C08573,Kerala,South,1,346.71,122.89,2025-01-06,2025-01-06,359,2.0,0,1,1,1,1,Low value / lost,Churned
C00075,Tamil Nadu,South,1,347.25,-56.88,2025-05-27,2025-05-27,218,2.0,0,1,2,1,1,Low value / lost,Churned
C07084,Telangana,South,1,347.25,-70.03,2025-12-23,2025-12-23,8,2.0,0,1,5,1,1,New / promising,Active
C01042,Tamil Nadu,South,1,349.3,-106.51,2025-06-18,2025-06-18,196,3.0,0,2,2,1,1,Low value / lost,Churned
C03448,Maharashtra,West,1,349.42,83.06,2025-11-01,2025-11-01,60,3.0,1,1,3,1,1,Low value / lost,Active
C08636,Delhi,North,1,352.02,-51.76,2025-12-25,2025-12-25,6,1.0,0,1,5,1,1,New / promising,Active
C06128,Maharashtra,West,1,357.5,-44.75,2024-08-17,2024-08-17,501,3.0,0,1,1,1,1,Low value / lost,Churned
C07419,Tamil Nadu,South,1,357.5,-29.27,2025-06-02,2025-06-02,212,2.0,0,1,2,1,1,Low value / lost,Churned
C10000,Gujarat,West,1,359.68,13.23,2025-08-17,2025-08-17,136,4.0,0,1,2,1,1,Low value / lost,Churned
C04214,Maharashtra,West,1,359.68,24.72,2025-08-29,2025-08-29,124,2.0,0,1,2,1,1,Low value / lost,Churned
C05569,Delhi,North,1,359.68,31.39,2025-10-20,2025-10-20,72,2.0,0,1,3,1,1,Low value / lost,Active
C02810,Delhi,North,1,360.44,-18.23,2025-10-29,2025-10-29,63,2.0,0,1,3,1,1,Low value / lost,Active
C09046,Maharashtra,West,1,360.44,-8.7,2024-10-25,2024-10-25,432,1.0,0,1,1,1,1,Low value / lost,Churned
C09108,Delhi,North,1,366.27,81.56,2025-05-21,2025-05-21,224,2.0,0,1,2,1,1,Low value / lost,Churned
C11143,Maharashtra,West,1,368.54,-68.92,2025-05-25,2025-05-25,220,4.0,0,1,2,1,1,Low value / lost,Churned
C08672,Delhi,North,1,368.54,-28.0,2024-12-24,2024-12-24,372,1.0,0,1,1,1,1,Low value / lost,Churned
C04789,Madhya Pradesh,Central,1,369.92,-76.82,2024-06-14,2024-06-14,565,7.0,0,1,1,1,1,Low value / lost,Churned
C09870,Tamil Nadu,South,1,369.92,10.67,2025-01-28,2025-01-28,337,1.0,0,1,1,1,1,Low value / lost,Churned
C03852,Uttar Pradesh,North,1,371.25,93.65,2025-11-08,2025-11-08,53,4.0,0,1,3,1,1,Low value / lost,Active
C01217,Delhi,North,1,375.62,-22.32,2025-05-07,2025-05-07,238,3.0,0,1,2,1,1,Low value / lost,Churned
C08777,Uttar Pradesh,North,1,375.62,-30.75,2025-07-18,2025-07-18,166,4.0,0,1,2,1,1,Low value / lost,Churned
C08253,Delhi,North,1,376.32,-6.09,2025-01-14,2025-01-14,351,1.0,0,1,1,1,1,Low value / lost,Churned
C05769,West Bengal,East,1,376.32,-28.76,2025-02-27,2025-02-27,307,4.0,0,1,1,1,1,Low value / lost,Churned
C00953,Maharashtra,West,1,379.41,-19.88,2025-03-24,2025-03-24,282,4.0,0,1,1,1,1,Low value / lost,Churned
C07618,Delhi,North,1,379.41,-2.45,2025-08-06,2025-08-06,147,2.0,0,1,2,1,1,Low value / lost,Churned
C11603,Assam,Northeast,1,381.42,-28.57,2024-04-30,2024-04-30,610,6.0,0,1,1,1,1,Low value / lost,Churned
C10629,Delhi,North,1,381.67,34.25,2025-03-05,2025-03-05,301,4.0,0,1,1,1,1,Low value / lost,Churned
C05092,Tamil Nadu,South,1,382.98,-10.65,2025-12-22,2025-12-22,9,2.0,0,1,5,1,1,New / promising,Active
C09323,Gujarat,West,1,385.44,53.18,2024-09-26,2024-09-26,461,4.0,0,1,1,1,1,Low value / lost,Churned
C06502,Rajasthan,North,1,387.25,83.04,2025-01-08,2025-01-08,357,3.0,0,1,1,1,1,Low value / lost,Churned
C04879,Gujarat,West,1,390.29,-52.6,2024-05-15,2024-05-15,595,3.0,0,1,1,1,1,Low value / lost,Churned
C03468,Gujarat,West,1,390.29,-53.66,2024-10-08,2024-10-08,449,4.0,0,1,1,1,1,Low value / lost,Churned
C05609,Telangana,South,1,390.29,-30.75,2025-08-11,2025-08-11,142,1.0,0,1,2,1,1,Low value / lost,Churned
C03836,Telangana,South,1,391.71,35.32,2025-11-07,2025-11-07,54,2.0,0,1,3,1,1,Low value / lost,Active
C05581,Karnataka,South,1,391.71,16.68,2025-11-20,2025-11-20,41,4.0,0,1,4,1,1,New / promising,Active
C03199,West Bengal,East,2,393.04,-103.85,2025-12-04,2025-12-22,9,4.5,0,2,5,1,1,New / promising,Active
C00256,Maharashtra,West,1,393.46,-125.26,2025-03-09,2025-03-09,297,4.0,0,1,1,1,1,Low value / lost,Churned
C03601,Kerala,South,1,394.95,138.0,2025-06-03,2025-06-03,211,3.0,0,1,2,1,1,Low value / lost,Churned
C05663,Odisha,East,1,404.1,119.42,2025-11-10,2025-11-10,51,7.0,0,1,3,1,1,Low value / lost,Active
C01383,Karnataka,South,1,405.46,-106.22,2025-10-26,2025-10-26,66,4.0,0,1,3,1,1,Low value / lost,Active
C05269,Uttar Pradesh,North,1,408.53,-16.57,2024-09-30,2024-09-30,457,4.0,0,1,1,1,1,Low value / lost,Churned
C01616,Maharashtra,West,1,409.84,-87.18,2025-08-26,2025-08-26,127,1.0,0,1,2,1,1,Low value / lost,Churned
C06920,Assam,Northeast,1,410.36,-225.16,2024-02-10,2024-02-10,690,8.0,0,2,1,1,1,Low value / lost,Churned
C09129,Delhi,North,1,410.99,-61.94,2025-03-23,2025-03-23,283,3.0,0,1,1,1,1,Low value / lost,Churned
C08040,Bihar,East,2,411.29,-227.31,2025-11-03,2025-11-03,58,7.0,0,2,3,2,1,Low value / lost,Active
C11902,Bihar,East,1,411.9,-76.84,2025-04-23,2025-04-23,252,8.0,0,1,2,1,1,Low value / lost,Churned
C10572,Karnataka,South,1,411.9,1.99,2025-06-29,2025-06-29,185,3.0,0,1,2,1,1,Low value / lost,Churned
C09751,Tamil Nadu,South,1,411.98,-15.0,2024-09-23,2024-09-23,464,2.0,0,1,1,1,1,Low value / lost,Churned
C05705,Tamil Nadu,South,1,412.04,-16.84,2025-07-27,2025-07-27,157,3.0,0,1,2,1,1,Low value / lost,Churned
C03721,Delhi,North,1,416.51,21.32,2025-09-20,2025-09-20,102,2.0,0,1,3,1,1,Low value / lost,Churned
C02283,West Bengal,East,1,420.22,-125.61,2025-12-12,2025-12-12,19,7.0,0,1,4,1,1,New / promising,Active
C06986,Delhi,North,1,423.78,-142.45,2025-12-13,2025-12-13,18,4.0,0,1,4,1,1,New / promising,Active
C10416,Maharashtra,West,1,432.76,11.02,2025-02-10,2025-02-10,324,3.0,0,1,1,1,1,Low value / lost,Churned
C09703,Telangana,South,1,432.76,16.31,2025-04-17,2025-04-17,258,2.0,0,1,2,1,1,Low value / lost,Churned
C03208,Karnataka,South,1,433.58,-31.6,2024-04-19,2024-04-19,621,6.0,0,1,1,1,1,Low value / lost,Churned
C09379,Uttar Pradesh,North,1,433.58,42.11,2024-11-23,2024-11-23,403,1.0,0,1,1,1,1,Low value / lost,Churned
C02931,West Bengal,East,1,433.58,-19.17,2025-12-29,2025-12-29,2,6.0,0,1,5,1,1,New / promising,Active
C00117,West Bengal,East,1,433.66,-22.0,2025-02-27,2025-02-27,307,4.0,0,1,1,1,1,Low value / lost,Churned
C02850,Kerala,South,1,433.75,124.73,2024-12-11,2024-12-11,385,5.0,0,1,1,1,1,Low value / lost,Churned
C03096,Delhi,North,1,435.2,56.79,2025-10-27,2025-10-27,65,2.0,0,1,3,1,1,Low value / lost,Active
C08637,Rajasthan,North,1,435.65,114.45,2024-02-07,2024-02-07,693,4.0,0,1,1,1,1,Low value / lost,Churned
C06553,Odisha,East,1,436.27,-140.67,2025-05-21,2025-05-21,224,6.0,0,1,2,1,1,Low value / lost,Churned
C05231,Rajasthan,North,1,438.83,178.49,2025-10-08,2025-10-08,84,4.0,0,1,3,1,1,Low value / lost,Active
C02312,Delhi,North,1,439.65,32.5,2025-11-07,2025-11-07,54,2.0,0,1,3,1,1,Low value / lost,Active
C06531,Telangana,South,1,439.65,22.56,2025-06-22,2025-06-22,192,4.0,0,1,2,1,1,Low value / lost,Churned
C06160,Maharashtra,West,1,439.65,54.63,2025-08-12,2025-08-12,141,1.0,0,1,2,1,1,Low value / lost,Churned
C06241,Uttar Pradesh,North,1,440.02,-13.29,2025-07-02,2025-07-02,182,5.0,0,1,2,1,1,Low value / lost,Churned
C09264,Maharashtra,West,1,440.02,25.16,2024-11-21,2024-11-21,405,3.0,0,1,1,1,1,Low value / lost,Churned
C08928,Maharashtra,West,1,440.02,21.31,2025-12-07,2025-12-07,24,3.0,0,1,4,1,1,New / promising,Active
C08923,West Bengal,East,1,444.75,133.81,2024-04-30,2024-04-30,610,5.0,0,1,1,1,1,Low value / lost,Churned
C09989,Telangana,South,1,446.49,-45.33,2025-09-28,2025-09-28,94,3.0,0,1,3,1,1,Low value / lost,Churned
C11375,Karnataka,South,1,451.47,39.53,2024-11-21,2024-11-21,405,1.0,0,1,1,1,1,Low value / lost,Churned
C08072,Delhi,North,1,453.98,-80.99,2025-03-07,2025-03-07,299,1.0,0,1,1,1,1,Low value / lost,Churned
C11763,Uttar Pradesh,North,1,455.54,-2.33,2025-05-08,2025-05-08,237,5.0,0,1,2,1,1,Low value / lost,Churned
C04181,Tamil Nadu,South,2,459.7,-91.58,2025-06-22,2025-10-05,87,4.0,0,2,3,2,1,Low value / lost,Active
C02195,Maharashtra,West,1,459.86,157.85,2025-09-19,2025-09-19,103,2.0,0,1,3,1,1,Low value / lost,Churned
C01846,Kerala,South,1,460.45,-152.23,2025-07-26,2025-07-26,158,3.0,0,2,2,1,1,Low value / lost,Churned
C05647,Karnataka,South,1,461.07,-38.91,2025-05-30,2025-05-30,215,1.0,0,1,2,1,1,Low value / lost,Churned
C11723,Delhi,North,1,461.7,-28.29,2025-10-08,2025-10-08,84,2.0,0,1,3,1,1,Low value / lost,Active
C08285,Maharashtra,West,1,461.91,29.06,2025-08-04,2025-08-04,149,1.0,0,1,2,1,1,Low value / lost,Churned
C05079,Odisha,East,1,462.79,68.2,2025-11-14,2025-11-14,47,2.0,0,1,4,1,1,New / promising,Active
C10349,Delhi,North,1,462.79,57.86,2025-11-19,2025-11-19,42,2.0,0,1,4,1,1,New / promising,Active
C06388,Delhi,North,2,463.8,-213.3,2025-12-10,2025-12-13,18,1.5,0,2,4,2,1,New / promising,Active
C06730,Karnataka,South,1,465.79,-113.88,2025-04-03,2025-04-03,272,3.0,0,1,2,1,1,Low value / lost,Churned
C09730,Assam,Northeast,1,474.47,-197.21,2024-03-11,2024-03-11,660,9.0,0,1,1,1,1,Low value / lost,Churned
C06584,Karnataka,South,1,476.38,12.45,2025-02-26,2025-02-26,308,1.0,0,1,1,1,1,Low value / lost,Churned
C11036,Karnataka,South,1,484.06,184.51,2024-06-18,2024-06-18,561,2.0,0,1,1,1,1,Low value / lost,Churned
C02565,Rajasthan,North,1,484.06,179.88,2025-06-01,2025-06-01,213,3.0,0,1,2,1,1,Low value / lost,Churned
C10921,Karnataka,South,1,487.92,49.59,2025-05-08,2025-05-08,237,3.0,0,1,2,1,1,Low value / lost,Churned
C02478,Maharashtra,West,1,488.38,172.72,2025-06-19,2025-06-19,195,4.0,0,1,2,1,1,Low value / lost,Churned
C09299,Tamil Nadu,South,1,488.99,149.29,2024-10-27,2024-10-27,430,3.0,0,1,1,1,1,Low value / lost,Churned
C03101,Kerala,South,1,497.08,205.71,2025-11-07,2025-11-07,54,3.0,0,1,3,1,1,Low value / lost,Active
C00755,Delhi,North,2,498.7,-73.12,2024-10-18,2025-09-04,118,3.0,0,2,2,2,1,Low value / lost,Churned
C00915,West Bengal,East,1,503.05,154.94,2024-11-21,2024-11-21,405,5.0,0,1,1,1,1,Low value / lost,Churned
C07189,Gujarat,West,1,503.05,193.84,2025-12-01,2025-12-01,30,2.0,0,1,4,1,1,New / promising,Active
C04513,Maharashtra,West,1,504.15,194.35,2025-08-23,2025-08-23,130,3.0,0,1,2,1,1,Low value / lost,Churned
C08831,Uttar Pradesh,North,1,505.53,-72.64,2025-05-03,2025-05-03,242,3.0,0,2,2,1,1,Low value / lost,Churned
C09160,West Bengal,East,2,507.51,-173.27,2025-03-26,2025-04-24,251,6.0,0,2,2,2,1,Low value / lost,Churned
C07637,West Bengal,East,2,508.53,-102.36,2024-09-20,2025-11-16,45,5.5,0,2,4,2,1,New / promising,Active
C11862,Tamil Nadu,South,2,511.55,-36.83,2024-12-10,2025-11-26,35,2.0,0,2,4,2,1,New / promising,Active
C04004,Delhi,North,1,512.25,14.26,2025-05-20,2025-05-20,225,3.0,0,1,2,1,1,Low value / lost,Churned
C01754,Rajasthan,North,1,512.25,-25.54,2025-07-04,2025-07-04,180,5.0,0,1,2,1,1,Low value / lost,Churned
C10540,Telangana,South,1,512.25,45.56,2025-08-24,2025-08-24,129,1.0,0,1,2,1,1,Low value / lost,Churned
C09913,Telangana,South,1,512.3,-18.88,2025-07-30,2025-07-30,154,3.0,0,1,2,1,1,Low value / lost,Churned
C07834,Maharashtra,West,1,512.3,-8.26,2025-08-06,2025-08-06,147,3.0,0,1,2,1,1,Low value / lost,Churned
C08256,Gujarat,West,1,513.0,11.31,2025-10-18,2025-10-18,74,4.0,0,1,3,1,1,Low value / lost,Active
C05886,West Bengal,East,1,513.0,3.35,2024-02-19,2024-02-19,681,4.0,0,1,1,1,1,Low value / lost,Churned
C04276,Maharashtra,West,1,513.0,7.11,2024-08-05,2024-08-05,513,4.0,0,1,1,1,1,Low value / lost,Churned
C05150,Telangana,South,1,513.0,-27.25,2024-11-15,2024-11-15,411,6.0,0,1,1,1,1,Low value / lost,Churned
C06125,Delhi,North,1,513.26,1.75,2025-09-10,2025-09-10,112,2.0,0,1,2,1,1,Low value / lost,Churned
C00423,Madhya Pradesh,Central,1,514.75,49.78,2025-02-26,2025-02-26,308,4.0,0,1,1,1,1,Low value / lost,Churned
C09047,Gujarat,West,1,517.98,172.64,2024-06-17,2024-06-17,562,4.0,0,1,1,1,1,Low value / lost,Churned
C06808,Telangana,South,1,519.54,25.14,2025-11-18,2025-11-18,43,1.0,0,2,4,1,1,New / promising,Active
C11974,Karnataka,South,1,521.41,87.99,2025-11-07,2025-11-07,54,2.0,0,1,3,1,1,Low value / lost,Active
C01576,Uttar Pradesh,North,1,521.41,94.28,2025-04-16,2025-04-16,259,1.0,1,1,2,1,1,Low value / lost,Churned
C08675,Telangana,South,1,522.08,-60.1,2025-09-26,2025-09-26,96,5.0,0,1,3,1,1,Low value / lost,Churned
C03324,Karnataka,South,1,522.3,-111.34,2025-05-14,2025-05-14,231,4.0,0,2,2,1,1,Low value / lost,Churned
C10684,Tamil Nadu,South,1,523.94,-62.48,2025-11-21,2025-11-21,40,3.0,0,1,4,1,1,New / promising,Active
C11701,Rajasthan,North,1,525.28,-38.99,2025-09-11,2025-09-11,111,7.0,0,1,2,1,1,Low value / lost,Churned
C10429,Bihar,East,1,526.65,118.56,2025-04-01,2025-04-01,274,8.0,1,1,2,1,1,Low value / lost,Churned
C04421,Assam,Northeast,1,528.67,39.4,2025-04-10,2025-04-10,265,7.0,0,1,2,1,1,Low value / lost,Churned
C03356,Gujarat,West,1,530.68,211.92,2025-09-28,2025-09-28,94,4.0,0,1,3,1,1,Low value / lost,Churned
C04614,Rajasthan,North,1,531.17,-39.08,2025-07-23,2025-07-23,161,5.0,0,1,2,1,1,Low value / lost,Churned
C05390,Telangana,South,1,533.81,227.95,2025-10-17,2025-10-17,75,2.0,0,1,3,1,1,Low value / lost,Active
C04556,Odisha,East,1,535.9,186.24,2025-05-22,2025-05-22,223,7.0,0,1,2,1,1,Low value / lost,Churned
C10425,Delhi,North,1,540.42,122.38,2025-06-25,2025-06-25,189,2.0,0,1,2,1,1,Low value / lost,Churned
C10356,Karnataka,South,1,542.64,240.38,2025-11-27,2025-11-27,34,3.0,1,1,4,1,1,New / promising,Active
C08265,West Bengal,East,1,545.89,-15.9,2025-10-30,2025-10-30,62,7.0,0,1,3,1,1,Low value / lost,Active
C11819,Uttar Pradesh,North,1,546.04,227.97,2024-11-15,2024-11-15,411,2.0,0,1,1,1,1,Low value / lost,Churned
C01210,Uttar Pradesh,North,1,549.56,30.75,2025-02-08,2025-02-08,326,1.0,0,1,1,1,1,Low value / lost,Churned
C00655,Gujarat,West,1,549.56,-24.66,2025-11-22,2025-11-22,39,4.0,0,1,4,1,1,New / promising,Active
C10124,Maharashtra,West,1,554.29,-46.47,2024-12-30,2024-12-30,366,3.0,1,1,1,1,1,Low value / lost,Churned
C04153,Telangana,South,2,555.99,-64.71,2025-10-05,2025-11-08,53,2.5,0,2,3,2,1,Low value / lost,Active
C04877,Uttar Pradesh,North,1,557.46,-80.45,2025-07-02,2025-07-02,182,2.0,0,2,2,1,1,Low value / lost,Churned
C05050,Telangana,South,1,557.63,210.47,2025-11-27,2025-11-27,34,4.0,0,1,4,1,1,New / promising,Active
C01113,Kerala,South,1,561.68,42.71,2025-07-08,2025-07-08,176,3.0,0,1,2,1,1,Low value / lost,Churned
C03326,Gujarat,West,1,562.23,251.89,2024-12-01,2024-12-01,395,3.0,0,1,1,1,1,Low value / lost,Churned
C06592,Rajasthan,North,1,564.1,237.05,2025-11-07,2025-11-07,54,5.0,0,1,3,1,1,Low value / lost,Active
C08827,Assam,Northeast,1,565.19,-14.46,2025-09-14,2025-09-14,108,8.0,0,1,3,1,1,Low value / lost,Churned
C10825,Maharashtra,West,1,565.74,178.59,2025-07-13,2025-07-13,171,3.0,0,1,2,1,1,Low value / lost,Churned
C10057,Rajasthan,North,1,567.48,25.68,2025-07-23,2025-07-23,161,2.0,0,1,2,1,1,Low value / lost,Churned
C10491,Delhi,North,1,567.64,51.78,2024-11-11,2024-11-11,415,3.0,1,1,1,1,1,Low value / lost,Churned
C09037,West Bengal,East,1,568.84,-73.28,2025-05-01,2025-05-01,244,6.0,0,1,2,1,1,Low value / lost,Churned
C03712,Telangana,South,1,569.92,-46.62,2024-07-18,2024-07-18,531,4.0,0,1,1,1,1,Low value / lost,Churned
C09294,Uttar Pradesh,North,1,573.92,201.65,2025-03-15,2025-03-15,291,6.0,1,1,1,1,1,Low value / lost,Churned
C04020,Delhi,North,1,574.28,249.74,2025-12-03,2025-12-03,28,3.0,0,1,4,1,1,New / promising,Active
C08352,West Bengal,East,1,575.28,224.2,2024-04-28,2024-04-28,612,4.0,0,1,1,1,1,Low value / lost,Churned
C11212,Tamil Nadu,South,1,576.85,154.87,2025-08-23,2025-08-23,130,3.0,0,1,2,1,1,Low value / lost,Churned
C01316,Delhi,North,1,578.16,278.8,2024-12-25,2024-12-25,371,1.0,0,1,1,1,1,Low value / lost,Churned
C08064,Madhya Pradesh,Central,1,578.3,-9.35,2025-10-31,2025-10-31,61,3.0,0,1,3,1,1,Low value / lost,Active
C00541,Odisha,East,1,580.19,-57.75,2024-07-06,2024-07-06,543,5.0,0,1,1,1,1,Low value / lost,Churned
C08115,Rajasthan,North,1,581.63,151.17,2025-11-18,2025-11-18,43,2.0,0,1,4,1,1,New / promising,Active
C08354,Assam,Northeast,1,584.04,93.06,2025-08-18,2025-08-18,135,7.0,0,1,2,1,1,Low value / lost,Churned
C05397,Tamil Nadu,South,1,585.4,200.08,2025-08-14,2025-08-14,139,3.0,0,1,2,1,1,Low value / lost,Churned
C08531,West Bengal,East,1,585.4,156.63,2024-04-01,2024-04-01,639,7.0,0,1,1,1,1,Low value / lost,Churned
C11240,Tamil Nadu,South,1,585.58,16.78,2025-05-17,2025-05-17,228,2.0,0,1,2,1,1,Low value / lost,Churned
C06578,Assam,Northeast,1,587.75,-81.27,2025-05-29,2025-05-29,216,8.0,0,1,2,1,1,Low value / lost,Churned
C07671,Tamil Nadu,South,1,588.84,190.48,2024-11-21,2024-11-21,405,4.0,0,1,1,1,1,Low value / lost,Churned
C08826,Telangana,South,1,590.18,-110.45,2025-08-25,2025-08-25,128,2.0,0,1,2,1,1,Low value / lost,Churned
C04452,Karnataka,South,1,596.32,90.13,2024-10-13,2024-10-13,444,3.0,0,1,1,1,1,Low value / lost,Churned
C02110,Gujarat,West,1,596.32,77.82,2025-11-25,2025-11-25,36,4.0,0,1,4,1,1,New / promising,Active
C01574,Delhi,North,1,598.78,-15.14,2025-10-30,2025-10-30,62,3.0,0,1,3,1,1,Low value / lost,Active
C09775,West Bengal,East,1,602.18,-54.75,2024-02-14,2024-02-14,686,6.0,0,1,1,1,1,Low value / lost,Churned
C02982,Tamil Nadu,South,1,604.45,30.58,2024-07-10,2024-07-10,539,2.0,0,1,1,1,1,Low value / lost,Churned
C11801,Bihar,East,1,604.45,-6.08,2024-12-29,2024-12-29,367,6.0,0,1,1,1,1,Low value / lost,Churned
C04958,Uttar Pradesh,North,1,605.4,67.05,2025-11-30,2025-11-30,31,3.0,0,1,4,1,1,New / promising,Active
C03907,Karnataka,South,1,608.41,111.07,2025-06-23,2025-06-23,191,3.0,1,2,2,1,1,Low value / lost,Churned
C04574,Karnataka,South,1,610.21,235.37,2025-01-09,2025-01-09,356,2.0,1,1,1,1,1,Low value / lost,Churned
C05117,Karnataka,South,1,610.36,61.01,2024-12-17,2024-12-17,379,3.0,0,1,1,1,1,Low value / lost,Churned
C11133,Assam,Northeast,1,614.98,-73.38,2025-03-09,2025-03-09,297,8.0,0,1,1,1,1,Low value / lost,Churned
C04016,Gujarat,West,1,616.4,30.72,2025-10-28,2025-10-28,64,4.0,0,1,3,1,1,Low value / lost,Active
C10327,Bihar,East,1,616.49,-118.6,2025-05-29,2025-05-29,216,7.0,0,1,2,1,1,Low value / lost,Churned
C01512,Karnataka,South,1,617.62,208.41,2025-05-16,2025-05-16,229,1.0,0,1,2,1,1,Low value / lost,Churned
C04198,Gujarat,West,1,619.59,308.37,2025-11-05,2025-11-05,56,1.0,0,1,3,1,1,Low value / lost,Active
C07405,Kerala,South,1,620.46,-175.12,2024-09-27,2024-09-27,460,4.0,0,2,1,1,1,Low value / lost,Churned
C00106,Gujarat,West,1,628.14,228.45,2025-08-24,2025-08-24,129,3.0,0,1,2,1,1,Low value / lost,Churned
C09891,Maharashtra,West,1,632.74,89.78,2025-09-04,2025-09-04,118,1.0,0,1,2,1,1,Low value / lost,Churned
C01468,Gujarat,West,1,638.55,-123.37,2025-04-06,2025-04-06,269,5.0,0,1,2,1,1,Low value / lost,Churned
C00679,Uttar Pradesh,North,1,641.16,29.64,2024-10-20,2024-10-20,437,4.0,0,1,1,1,1,Low value / lost,Churned
C06029,Maharashtra,West,1,642.48,125.81,2025-05-16,2025-05-16,229,1.0,0,1,2,1,1,Low value / lost,Churned
C06054,Gujarat,West,1,643.93,76.12,2025-10-31,2025-10-31,61,2.0,0,1,3,1,1,Low value / lost,Active
C07222,Rajasthan,North,1,648.74,144.88,2025-10-17,2025-10-17,75,3.0,0,1,3,1,1,Low value / lost,Active
C09169,West Bengal,East,1,649.09,278.65,2025-03-17,2025-03-17,289,5.0,0,1,1,1,1,Low value / lost,Churned
C00261,Gujarat,West,1,655.72,287.83,2024-08-09,2024-08-09,509,2.0,0,1,1,1,1,Low value / lost,Churned
C00242,Karnataka,South,2,659.83,-57.34,2024-11-10,2025-07-11,173,2.5,0,2,2,2,1,Low value / lost,Churned
C05575,Tamil Nadu,South,1,667.47,248.04,2024-12-31,2024-12-31,365,2.0,0,1,1,1,1,Low value / lost,Churned
C00288,Tamil Nadu,South,1,667.55,143.52,2025-12-02,2025-12-02,29,3.0,0,1,4,1,1,New / promising,Active
C02225,Gujarat,West,2,668.48,14.77,2024-07-04,2024-10-11,446,2.5,0,2,1,2,1,Low value / lost,Churned
C02404,Delhi,North,1,669.49,186.78,2025-12-17,2025-12-17,14,2.0,0,1,5,1,1,New / promising,Active
C04542,West Bengal,East,1,669.49,157.4,2025-09-16,2025-09-16,106,4.0,1,1,3,1,1,Low value / lost,Churned
C04222,Karnataka,South,1,674.96,-4.23,2024-10-30,2024-10-30,427,4.0,0,2,1,1,1,Low value / lost,Churned
C11615,Maharashtra,West,1,676.12,-35.78,2025-05-30,2025-05-30,215,2.0,0,1,2,1,1,Low value / lost,Churned
C03004,Uttar Pradesh,North,2,676.8,-198.52,2025-06-03,2025-08-13,140,4.5,0,2,2,2,1,Low value / lost,Churned
C06130,Rajasthan,North,1,676.89,82.59,2024-06-15,2024-06-15,564,2.0,0,1,1,1,1,Low value / lost,Churned
C04178,West Bengal,East,1,676.89,55.36,2024-12-21,2024-12-21,375,5.0,0,1,1,1,1,Low value / lost,Churned
C09053,Odisha,East,1,677.38,-102.46,2024-12-01,2024-12-01,395,7.0,0,1,1,1,1,Low value / lost,Churned
C05077,Delhi,North,1,677.82,105.33,2025-09-15,2025-09-15,107,2.0,0,1,3,1,1,Low value / lost,Churned
C05876,Delhi,North,1,678.59,203.26,2025-09-19,2025-09-19,103,3.0,1,1,3,1,1,Low value / lost,Churned
C00865,Gujarat,West,1,680.26,43.72,2024-11-15,2024-11-15,411,3.0,0,1,1,1,1,Low value / lost,Churned
C02975,Tamil Nadu,South,2,684.3,19.7,2024-12-31,2025-02-15,319,2.0,0,2,1,2,1,Low value / lost,Churned
C09024,Karnataka,South,1,684.33,289.12,2025-10-06,2025-10-06,86,2.0,0,1,3,1,1,Low value / lost,Active
C02298,Uttar Pradesh,North,1,684.99,7.02,2025-09-20,2025-09-20,102,3.0,0,1,3,1,1,Low value / lost,Churned
C08485,Telangana,South,1,685.15,334.59,2025-10-09,2025-10-09,83,3.0,0,1,3,1,1,Low value / lost,Active
C09433,Maharashtra,West,1,685.15,339.95,2024-07-03,2024-07-03,546,3.0,0,1,1,1,1,Low value / lost,Churned
C01922,Delhi,North,1,686.95,251.5,2025-04-13,2025-04-13,262,4.0,0,1,2,1,1,Low value / lost,Churned
C04564,Bihar,East,1,693.41,38.26,2025-03-25,2025-03-25,281,8.0,0,1,1,1,1,Low value / lost,Churned
C01914,Madhya Pradesh,Central,1,694.3,282.85,2024-10-13,2024-10-13,444,5.0,0,1,1,1,1,Low value / lost,Churned
C01735,Delhi,North,1,700.46,284.9,2024-08-06,2024-08-06,512,2.0,0,1,1,1,1,Low value / lost,Churned
C05869,Tamil Nadu,South,1,704.03,-48.24,2025-09-19,2025-09-19,103,2.0,0,1,3,1,1,Low value / lost,Churned
C04476,Rajasthan,North,1,707.1,232.93,2024-11-25,2024-11-25,401,5.0,0,1,1,1,1,Low value / lost,Churned
C00167,Uttar Pradesh,North,1,707.14,201.56,2025-12-06,2025-12-06,25,5.0,0,1,4,1,1,New / promising,Active
C03945,Maharashtra,West,1,707.21,335.43,2025-12-24,2025-12-24,7,1.0,0,1,5,1,1,New / promising,Active
C02683,Maharashtra,West,1,709.0,282.36,2024-11-19,2024-11-19,407,3.0,0,1,1,1,1,Low value / lost,Churned
C05921,Delhi,North,1,709.19,269.24,2025-12-08,2025-12-08,23,3.0,0,1,4,1,1,New / promising,Active
C06923,Telangana,South,1,713.12,300.74,2025-08-23,2025-08-23,130,3.0,0,1,2,1,1,Low value / lost,Churned
C05365,Maharashtra,West,2,724.7,84.43,2025-02-21,2025-08-15,138,2.5,0,2,2,2,1,Low value / lost,Churned
C04196,Odisha,East,1,726.48,-68.39,2024-07-10,2024-07-10,539,7.0,0,1,1,1,1,Low value / lost,Churned
C04532,Gujarat,West,1,727.1,307.89,2025-09-28,2025-09-28,94,4.0,0,1,3,1,1,Low value / lost,Churned
C05991,Uttar Pradesh,North,1,727.4,351.3,2024-05-18,2024-05-18,592,1.0,0,1,1,1,1,Low value / lost,Churned
C09243,Maharashtra,West,1,730.03,-37.89,2025-10-30,2025-10-30,62,4.0,0,1,3,1,1,Low value / lost,Active
C02228,Telangana,South,1,731.13,271.39,2024-07-26,2024-07-26,523,4.0,0,1,1,1,1,Low value / lost,Churned
C09792,Uttar Pradesh,North,1,731.13,-38.56,2024-10-24,2024-10-24,433,4.0,0,2,1,1,1,Low value / lost,Churned
C00734,Maharashtra,West,1,731.21,50.01,2025-04-06,2025-04-06,269,3.0,0,2,2,1,1,Low value / lost,Churned
C08778,Delhi,North,1,735.4,207.39,2025-08-16,2025-08-16,137,1.0,0,2,2,1,1,Low value / lost,Churned
C11832,Rajasthan,North,1,737.33,-117.0,2025-05-15,2025-05-15,230,3.0,0,1,2,1,1,Low value / lost,Churned
C03529,Tamil Nadu,South,1,741.66,314.82,2024-11-02,2024-11-02,424,3.0,0,1,1,1,1,Low value / lost,Churned
C03197,Karnataka,South,1,748.95,301.3,2025-09-19,2025-09-19,103,3.0,0,1,3,1,1,Low value / lost,Churned
C10016,Delhi,North,1,750.91,318.57,2024-09-18,2024-09-18,469,3.0,0,1,1,1,1,Low value / lost,Churned
C03893,Rajasthan,North,2,752.3,-63.08,2025-05-31,2025-09-14,108,3.5,0,2,3,2,1,Low value / lost,Churned
C06279,Gujarat,West,1,754.31,301.74,2025-10-06,2025-10-06,86,5.0,0,1,3,1,1,Low value / lost,Active
C11831,Bihar,East,1,756.38,313.89,2024-01-24,2024-01-24,707,8.0,0,1,1,1,1,Low value / lost,Churned
C06501,Delhi,North,1,758.27,21.88,2025-05-28,2025-05-28,217,2.0,0,1,2,1,1,Low value / lost,Churned
C01127,Delhi,North,1,765.39,-54.9,2025-11-28,2025-11-28,33,3.0,0,2,4,1,1,New / promising,Active
C09738,Maharashtra,West,1,765.68,384.3,2025-10-06,2025-10-06,86,2.0,0,1,3,1,1,Low value / lost,Active
C03364,Rajasthan,North,1,769.87,359.51,2025-12-11,2025-12-11,20,4.0,1,1,4,1,1,New / promising,Active
C06001,Gujarat,West,1,769.87,398.43,2025-03-07,2025-03-07,299,1.0,0,1,1,1,1,Low value / lost,Churned
C10290,Uttar Pradesh,North,1,770.37,231.34,2025-06-13,2025-06-13,201,5.0,0,1,2,1,1,Low value / lost,Churned
C05648,Telangana,South,1,772.4,317.61,2024-04-18,2024-04-18,622,1.0,0,1,1,1,1,Low value / lost,Churned
C06520,Karnataka,South,1,772.4,281.21,2025-12-22,2025-12-22,9,4.0,0,1,5,1,1,New / promising,Active
C02496,Rajasthan,North,1,773.31,235.62,2024-03-10,2024-03-10,661,2.0,0,2,1,1,1,Low value / lost,Churned
C04814,Delhi,North,1,773.34,253.14,2024-12-09,2024-12-09,387,4.0,0,1,1,1,1,Low value / lost,Churned
C03181,Kerala,South,1,773.59,154.02,2024-07-09,2024-07-09,540,4.0,0,1,1,1,1,Low value / lost,Churned
C06857,Karnataka,South,1,775.54,317.57,2025-05-19,2025-05-19,226,1.0,0,1,2,1,1,Low value / lost,Churned
C05865,Rajasthan,North,1,776.82,302.17,2025-02-27,2025-02-27,307,5.0,0,1,1,1,1,Low value / lost,Churned
C07788,Telangana,South,1,777.19,-20.75,2025-02-09,2025-02-09,325,4.0,1,1,1,1,1,Low value / lost,Churned
C10316,Uttar Pradesh,North,1,780.59,-39.81,2025-05-07,2025-05-07,238,3.0,0,1,2,1,1,Low value / lost,Churned
C08642,Maharashtra,West,1,781.92,-2.29,2025-10-03,2025-10-03,89,1.0,1,2,3,1,1,Low value / lost,Active
C04283,Maharashtra,West,1,781.98,-64.08,2025-08-08,2025-08-08,145,5.0,0,1,2,1,1,Low value / lost,Churned
C02444,Gujarat,West,1,784.86,38.7,2025-07-02,2025-07-02,182,4.0,0,1,2,1,1,Low value / lost,Churned
C01393,Uttar Pradesh,North,1,786.02,-45.47,2025-09-30,2025-09-30,92,3.0,0,1,3,1,1,Low value / lost,Churned
C08952,Tamil Nadu,South,2,786.02,-0.69,2025-01-13,2025-11-27,34,3.5,0,2,4,2,1,New / promising,Active
C07465,Gujarat,West,1,786.96,314.49,2025-07-06,2025-07-06,178,1.0,1,1,2,1,1,Low value / lost,Churned
C00767,Telangana,South,1,787.2,350.04,2024-05-09,2024-05-09,601,2.0,0,1,1,1,1,Low value / lost,Churned
C08097,Uttar Pradesh,North,1,787.92,80.42,2025-06-15,2025-06-15,199,3.0,0,1,2,1,1,Low value / lost,Churned
C07851,Karnataka,South,1,789.11,334.52,2025-09-03,2025-09-03,119,3.0,0,1,2,1,1,Low value / lost,Churned
C11304,Maharashtra,West,1,790.29,351.72,2024-08-21,2024-08-21,497,3.0,0,1,1,1,1,Low value / lost,Churned
C09511,Maharashtra,West,1,790.8,-84.59,2025-10-12,2025-10-12,80,3.0,0,1,3,1,1,Low value / lost,Active
C06157,Telangana,South,1,792.41,357.26,2024-11-10,2024-11-10,416,3.0,0,1,1,1,1,Low value / lost,Churned
C04625,Delhi,North,1,792.62,382.65,2025-12-28,2025-12-28,3,1.0,0,1,5,1,1,New / promising,Active
C07582,Delhi,North,1,793.01,348.06,2025-03-19,2025-03-19,287,2.0,0,1,1,1,1,Low value / lost,Churned
C03613,West Bengal,East,2,794.18,-5.8,2025-01-12,2025-03-07,299,4.5,0,2,1,2,1,Low value / lost,Churned
C04966,Gujarat,West,2,797.78,-59.49,2025-03-06,2025-09-19,103,4.0,0,2,3,2,1,Low value / lost,Churned
C09923,Delhi,North,1,798.35,94.56,2025-07-28,2025-07-28,156,1.0,0,1,2,1,1,Low value / lost,Churned
C10518,Delhi,North,1,802.95,342.28,2025-03-23,2025-03-23,283,1.0,0,1,1,1,1,Low value / lost,Churned
C10955,Karnataka,South,1,802.95,321.91,2025-10-13,2025-10-13,79,3.0,0,1,3,1,1,Low value / lost,Active
C07471,Telangana,South,2,804.81,-5.11,2025-11-04,2025-11-23,38,2.5,0,2,4,2,1,New / promising,Active
C11493,Bihar,East,1,805.87,-142.75,2025-06-08,2025-06-08,206,7.0,0,1,2,1,1,Low value / lost,Churned
C09748,Uttar Pradesh,North,1,813.13,363.22,2024-06-19,2024-06-19,560,2.0,0,1,1,1,1,Low value / lost,Churned
C05814,Tamil Nadu,South,1,815.01,372.4,2025-10-31,2025-10-31,61,3.0,0,1,3,1,1,Low value / lost,Active
C07317,Delhi,North,2,816.55,-79.98,2025-04-18,2025-11-21,40,2.0,0,3,4,2,1,New / promising,Active
C03897,Uttar Pradesh,North,1,819.78,259.03,2025-04-02,2025-04-02,273,4.0,0,2,2,1,1,Low value / lost,Churned
C02334,Kerala,South,1,822.52,387.65,2025-07-18,2025-07-18,166,3.0,0,1,2,1,1,Low value / lost,Churned
C08988,Tamil Nadu,South,1,823.8,27.65,2025-12-17,2025-12-17,14,6.0,0,1,5,1,1,New / promising,Active
C08055,Karnataka,South,3,824.01,22.07,2025-02-17,2025-09-03,119,3.0,0,3,2,2,1,Low value / lost,Churned
C07528,Maharashtra,West,1,824.48,-79.85,2024-04-16,2024-04-16,624,2.0,1,1,1,1,1,Low value / lost,Churned
C04039,Tamil Nadu,South,1,824.76,276.29,2025-12-10,2025-12-10,21,3.0,1,1,4,1,1,New / promising,Active
C07357,Kerala,South,1,826.42,-73.19,2025-09-05,2025-09-05,117,3.0,0,1,2,1,1,Low value / lost,Churned
C02823,Maharashtra,West,1,829.69,14.82,2025-06-02,2025-06-02,212,2.0,0,1,2,1,1,Low value / lost,Churned
C07290,Telangana,South,1,831.88,397.57,2025-03-04,2025-03-04,302,2.0,0,1,1,1,1,Low value / lost,Churned
C11716,Maharashtra,West,1,834.12,401.07,2025-06-11,2025-06-11,203,3.0,0,1,2,1,1,Low value / lost,Churned
C02786,Gujarat,West,1,836.04,69.64,2024-11-26,2024-11-26,400,3.0,0,1,1,1,1,Low value / lost,Churned
C07839,Uttar Pradesh,North,1,837.94,-64.05,2025-12-21,2025-12-21,10,2.0,1,1,5,1,1,New / promising,Active
C08174,Kerala,South,1,838.24,-31.29,2025-04-18,2025-04-18,257,4.0,0,1,2,1,1,Low value / lost,Churned
C02822,Telangana,South,1,841.54,14.25,2025-05-10,2025-05-10,235,3.0,1,1,2,1,1,Low value / lost,Churned
C11081,Uttar Pradesh,North,2,852.06,-34.3,2025-02-25,2025-07-29,155,4.5,0,2,2,2,1,Low value / lost,Churned
C05110,Delhi,North,1,853.28,372.57,2025-08-25,2025-08-25,128,2.0,0,1,2,1,1,Low value / lost,Churned
C00891,West Bengal,East,1,854.8,305.92,2025-04-28,2025-04-28,247,4.0,0,1,2,1,1,Low value / lost,Churned
C01378,Delhi,North,1,856.94,81.79,2025-07-18,2025-07-18,166,2.0,0,1,2,1,1,Low value / lost,Churned
C02908,Uttar Pradesh,North,1,858.67,362.82,2024-11-26,2024-11-26,400,4.0,0,1,1,1,1,Low value / lost,Churned
C00794,Madhya Pradesh,Central,1,860.0,-93.46,2025-05-14,2025-05-14,231,5.0,0,2,2,1,1,Low value / lost,Churned
C08460,Maharashtra,West,1,863.23,-36.4,2025-07-24,2025-07-24,160,4.0,0,1,2,1,1,Low value / lost,Churned
C05533,Rajasthan,North,1,864.58,-106.2,2024-11-18,2024-11-18,408,4.0,1,1,1,1,1,Low value / lost,Churned
C10994,Uttar Pradesh,North,2,865.93,24.66,2025-02-28,2025-05-16,229,3.5,0,2,2,2,1,Low value / lost,Churned
C10126,Rajasthan,North,1,867.16,107.59,2024-02-15,2024-02-15,685,3.0,0,1,1,1,1,Low value / lost,Churned
C03810,Karnataka,South,1,867.16,98.05,2025-11-17,2025-11-17,44,3.0,0,1,4,1,1,New / promising,Active
C01765,Uttar Pradesh,North,1,867.45,8.8,2025-09-22,2025-09-22,100,4.0,0,1,3,1,1,Low value / lost,Churned
C02017,Delhi,North,1,870.4,191.09,2025-02-27,2025-02-27,307,1.0,0,1,1,1,1,Low value / lost,Churned
C04385,Karnataka,South,1,870.4,156.1,2025-11-15,2025-11-15,46,3.0,0,1,4,1,1,New / promising,Active
C02682,Karnataka,South,1,873.36,78.64,2025-06-11,2025-06-11,203,1.0,0,1,2,1,1,Low value / lost,Churned
C02442,Delhi,North,1,874.49,332.5,2024-07-23,2024-07-23,526,3.0,0,1,1,1,1,Low value / lost,Churned
C07322,Gujarat,West,3,878.78,-162.31,2024-01-17,2024-04-20,620,2.3,0,3,1,2,1,Low value / lost,Churned
C04136,Tamil Nadu,South,1,879.97,94.57,2024-12-31,2024-12-31,365,2.0,0,2,1,1,1,Low value / lost,Churned
C03991,Telangana,South,1,881.62,-19.59,2025-05-22,2025-05-22,223,4.0,0,1,2,1,1,Low value / lost,Churned
C08695,Telangana,South,2,883.63,244.3,2024-07-24,2024-08-02,516,2.0,0,2,1,2,1,Low value / lost,Churned
C08981,Maharashtra,West,1,885.28,-123.31,2024-11-15,2024-11-15,411,2.0,0,1,1,1,1,Low value / lost,Churned
C10852,Gujarat,West,1,885.33,398.31,2025-06-23,2025-06-23,191,2.0,0,1,2,1,1,Low value / lost,Churned
C04449,Karnataka,South,2,890.24,16.3,2024-12-27,2025-11-28,33,2.0,0,2,4,2,1,New / promising,Active
C01780,West Bengal,East,1,892.29,146.93,2025-12-23,2025-12-23,8,6.0,0,2,5,1,1,New / promising,Active
C07149,Delhi,North,1,894.3,201.73,2024-12-24,2024-12-24,372,1.0,0,2,1,1,1,Low value / lost,Churned
C05917,Maharashtra,West,1,898.14,206.03,2025-08-16,2025-08-16,137,1.0,0,1,2,1,1,Low value / lost,Churned
C10483,Tamil Nadu,South,1,898.17,-12.99,2025-06-14,2025-06-14,200,5.0,0,1,2,1,1,Low value / lost,Churned
C05728,Tamil Nadu,South,1,899.35,205.69,2024-08-19,2024-08-19,499,3.0,0,1,1,1,1,Low value / lost,Churned
C06222,Madhya Pradesh,Central,1,902.16,337.71,2025-08-27,2025-08-27,126,3.0,0,1,2,1,1,Low value / lost,Churned
C08938,Telangana,South,1,902.16,345.22,2025-10-08,2025-10-08,84,3.0,0,1,3,1,1,Low value / lost,Active
C10502,Maharashtra,West,1,903.01,123.26,2024-11-06,2024-11-06,420,3.0,1,1,1,1,1,Low value / lost,Churned
C11797,Gujarat,West,2,904.31,-162.74,2025-05-17,2025-09-12,110,3.0,0,2,2,2,1,Low value / lost,Churned
C09662,Madhya Pradesh,Central,1,906.61,397.09,2025-02-12,2025-02-12,322,5.0,0,1,1,1,1,Low value / lost,Churned
C03819,Uttar Pradesh,North,1,906.72,117.97,2025-04-15,2025-04-15,260,3.0,0,1,2,1,1,Low value / lost,Churned
C05348,Maharashtra,West,2,907.46,162.41,2025-04-19,2025-12-26,5,1.0,1,2,5,2,1,New / promising,Active
C11310,Assam,Northeast,1,907.97,-186.07,2025-08-27,2025-08-27,126,7.0,0,1,2,1,1,Low value / lost,Churned
C02874,West Bengal,East,1,908.31,22.89,2024-11-17,2024-11-17,409,6.0,0,1,1,1,1,Low value / lost,Churned
C01594,Uttar Pradesh,North,1,909.81,410.28,2025-11-14,2025-11-14,47,2.0,0,1,3,1,1,Low value / lost,Active
C04739,West Bengal,East,1,911.09,257.68,2025-10-13,2025-10-13,79,6.0,0,2,3,1,1,Low value / lost,Active
C02571,Karnataka,South,1,915.53,53.49,2025-07-28,2025-07-28,156,7.0,0,1,2,1,1,Low value / lost,Churned
C10763,Tamil Nadu,South,2,915.79,-15.73,2025-07-07,2025-08-13,140,3.5,0,2,2,2,1,Low value / lost,Churned
C06243,Gujarat,West,1,918.64,313.12,2024-05-14,2024-05-14,596,3.0,0,1,1,1,1,Low value / lost,Churned
C00712,Madhya Pradesh,Central,1,919.98,14.37,2025-11-16,2025-11-16,45,7.0,0,1,4,1,1,New / promising,Active
C09189,Rajasthan,North,1,921.78,367.69,2025-12-31,2025-12-31,0,4.0,0,1,5,1,1,New / promising,Active
C08025,Tamil Nadu,South,1,922.27,283.76,2024-09-02,2024-09-02,485,3.0,0,2,1,1,1,Low value / lost,Churned
C07485,Maharashtra,West,1,922.97,254.08,2025-04-05,2025-04-05,270,5.0,0,1,2,1,1,Low value / lost,Churned
C07159,Maharashtra,West,1,924.77,45.49,2025-08-10,2025-08-10,143,3.0,0,1,2,1,1,Low value / lost,Churned
C09811,Gujarat,West,1,925.58,179.82,2025-07-29,2025-07-29,155,2.0,0,1,2,1,1,Low value / lost,Churned
C10793,Telangana,South,1,925.58,186.01,2025-11-08,2025-11-08,53,2.0,0,1,3,1,1,Low value / lost,Active
C02602,Maharashtra,West,1,925.93,371.3,2025-05-10,2025-05-10,235,4.0,0,1,2,1,1,Low value / lost,Churned
C04645,Rajasthan,North,3,927.78,-95.47,2024-12-04,2025-12-26,5,2.3,0,3,5,2,1,New / promising,Active
C04590,Delhi,North,2,928.02,-16.11,2025-03-28,2025-04-13,262,2.5,0,2,2,2,1,Low value / lost,Churned
C08105,Gujarat,West,1,934.52,440.27,2024-04-20,2024-04-20,620,3.0,1,1,1,1,1,Low value / lost,Churned
C04850,Karnataka,South,1,936.34,204.15,2025-06-03,2025-06-03,211,1.0,0,1,2,1,1,Low value / lost,Churned
C07541,Tamil Nadu,South,1,943.78,295.71,2024-05-07,2024-05-07,603,3.0,0,1,1,1,1,Low value / lost,Churned
C01198,Tamil Nadu,South,2,947.14,-97.17,2024-12-05,2025-05-29,216,3.5,1,2,2,2,1,Low value / lost,Churned
C09061,Rajasthan,North,1,948.19,191.25,2025-09-27,2025-09-27,95,6.0,0,2,3,1,1,Low value / lost,Churned
C09769,Telangana,South,1,948.5,483.95,2024-09-01,2024-09-01,486,2.0,0,1,1,1,1,Low value / lost,Churned
C11690,Karnataka,South,1,948.96,90.91,2025-08-17,2025-08-17,136,1.0,0,1,2,1,1,Low value / lost,Churned
C09502,Karnataka,South,1,949.78,413.34,2025-05-20,2025-05-20,225,3.0,0,1,2,1,1,Low value / lost,Churned
C07408,Kerala,South,1,949.86,-71.29,2025-08-21,2025-08-21,132,5.0,0,1,2,1,1,Low value / lost,Churned
C05656,Maharashtra,West,1,953.28,-16.31,2025-03-10,2025-03-10,296,5.0,0,1,1,1,1,Low value / lost,Churned
C11674,Tamil Nadu,South,1,953.55,134.22,2024-09-24,2024-09-24,463,3.0,0,1,1,1,1,Low value / lost,Churned
C07457,Tamil Nadu,South,1,954.17,-203.59,2025-03-25,2025-03-25,281,3.0,0,3,1,1,1,Low value / lost,Churned
C08452,Tamil Nadu,South,1,954.19,-14.15,2025-12-03,2025-12-03,28,1.0,0,2,4,1,1,New / promising,Active
C00412,Odisha,East,3,959.31,-3.12,2024-06-24,2024-09-02,485,5.7,0,3,1,2,1,Low value / lost,Churned
C08815,Maharashtra,West,1,959.69,463.5,2024-08-08,2024-08-08,510,3.0,0,1,1,1,1,Low value / lost,Churned
C10980,Karnataka,South,1,959.94,501.98,2025-12-21,2025-12-21,10,1.0,0,1,5,1,1,New / promising,Active
C09246,Telangana,South,1,962.18,-94.79,2025-12-27,2025-12-27,4,3.0,0,1,5,1,1,New / promising,Active
C09456,Telangana,South,2,964.86,191.23,2024-12-06,2025-10-15,77,2.5,1,2,3,2,1,Low value / lost,Active
C07502,Madhya Pradesh,Central,1,966.99,359.4,2025-03-07,2025-03-07,299,4.0,0,1,1,1,1,Low value / lost,Churned
C01173,Telangana,South,1,969.42,488.01,2025-07-12,2025-07-12,172,3.0,0,1,2,1,1,Low value / lost,Churned
C06638,Telangana,South,1,970.2,96.11,2025-01-17,2025-01-17,348,2.0,0,1,1,1,1,Low value / lost,Churned
C05516,Maharashtra,West,1,970.77,130.22,2024-07-23,2024-07-23,526,3.0,0,1,1,1,1,Low value / lost,Churned
C02771,Kerala,South,1,973.35,-93.2,2025-04-17,2025-04-17,258,3.0,0,1,2,1,1,Low value / lost,Churned
C07902,Maharashtra,West,1,975.84,-25.75,2024-04-13,2024-04-13,627,3.0,0,1,1,1,1,Low value / lost,Churned
C01240,Kerala,South,1,980.09,285.91,2025-02-02,2025-02-02,332,3.0,1,1,1,1,1,Low value / lost,Churned
C09675,Maharashtra,West,1,980.09,308.81,2025-04-16,2025-04-16,259,1.0,1,1,2,1,1,Low value / lost,Churned
C00148,Telangana,South,1,980.09,303.41,2025-05-20,2025-05-20,225,1.0,1,1,2,1,1,Low value / lost,Churned
C05518,Maharashtra,West,1,980.32,319.67,2025-01-05,2025-01-05,360,1.0,0,2,1,1,1,Low value / lost,Churned
C09656,Rajasthan,North,1,980.83,191.07,2024-12-11,2024-12-11,385,4.0,0,2,1,1,1,Low value / lost,Churned
C03998,Karnataka,South,1,981.55,324.49,2025-10-12,2025-10-12,80,2.0,0,1,3,1,1,Low value / lost,Active
C10872,Gujarat,West,2,981.71,186.83,2024-12-15,2025-09-07,115,4.0,0,2,2,2,1,Low value / lost,Churned
C04844,Maharashtra,West,1,983.7,487.62,2024-10-22,2024-10-22,435,4.0,0,1,1,1,1,Low value / lost,Churned
C00100,Delhi,North,1,989.59,52.25,2024-11-11,2024-11-11,415,1.0,0,1,1,1,1,Low value / lost,Churned
C08089,Telangana,South,1,990.26,24.27,2025-08-24,2025-08-24,129,2.0,0,2,2,1,1,Low value / lost,Churned
C09841,Gujarat,West,1,991.7,105.84,2025-08-02,2025-08-02,151,3.0,1,1,2,1,1,Low value / lost,Churned
C10005,Telangana,South,2,992.29,265.21,2025-04-06,2025-11-17,44,2.0,0,2,4,2,1,New / promising,Active
C07368,Telangana,South,1,994.98,-278.7,2024-10-20,2024-10-20,437,2.0,0,1,1,1,1,Low value / lost,Churned
C04475,Maharashtra,West,1,1000.94,205.3,2025-10-28,2025-10-28,64,4.0,0,1,3,1,1,Low value / lost,Active
C10644,Tamil Nadu,South,1,1001.2,528.04,2024-12-16,2024-12-16,380,3.0,0,1,1,1,1,Low value / lost,Churned
C09626,Maharashtra,West,1,1002.2,203.96,2025-05-29,2025-05-29,216,1.0,0,1,2,1,1,Low value / lost,Churned
C02920,Rajasthan,North,1,1003.39,-5.56,2024-05-23,2024-05-23,587,5.0,1,1,1,1,1,Low value / lost,Churned
C02785,Bihar,East,1,1007.66,-61.85,2025-11-16,2025-11-16,45,9.0,1,2,4,1,1,New / promising,Active
C00055,Maharashtra,West,2,1011.71,-46.28,2024-02-21,2024-09-15,472,2.0,0,2,1,2,1,Low value / lost,Churned
C03303,Delhi,North,2,1015.51,378.91,2024-03-28,2024-04-08,632,2.5,0,2,1,2,1,Low value / lost,Churned
C07170,Uttar Pradesh,North,2,1020.09,-33.73,2024-12-19,2025-06-23,191,4.0,0,2,2,2,1,Low value / lost,Churned
C08999,Uttar Pradesh,North,2,1021.05,-164.0,2024-11-12,2025-12-09,22,4.0,0,2,4,2,1,New / promising,Active
C06256,Tamil Nadu,South,1,1024.02,112.88,2025-07-02,2025-07-02,182,3.0,0,2,2,1,1,Low value / lost,Churned
C04740,Karnataka,South,1,1024.97,109.29,2025-06-18,2025-06-18,196,1.0,0,1,2,1,1,Low value / lost,Churned
C05583,Uttar Pradesh,North,1,1024.97,83.5,2025-07-27,2025-07-27,157,2.0,0,1,2,1,1,Low value / lost,Churned
C02987,Uttar Pradesh,North,1,1025.09,106.27,2024-07-28,2024-07-28,521,5.0,0,1,1,1,1,Low value / lost,Churned
C06580,Maharashtra,West,1,1026.0,90.92,2024-12-30,2024-12-30,366,3.0,0,1,1,1,1,Low value / lost,Churned
C07349,Gujarat,West,1,1026.0,96.61,2025-01-17,2025-01-17,348,3.0,0,1,1,1,1,Low value / lost,Churned
C09757,Delhi,North,1,1027.97,-11.52,2025-07-15,2025-07-15,169,3.0,0,1,2,1,1,Low value / lost,Churned
C01183,Delhi,North,2,1029.39,13.44,2024-03-13,2024-10-07,450,2.0,0,2,1,2,1,Low value / lost,Churned
C02132,Maharashtra,West,1,1032.02,249.93,2025-02-19,2025-02-19,315,3.0,0,1,1,1,1,Low value / lost,Churned
C08792,Delhi,North,1,1036.08,386.91,2024-10-30,2024-10-30,427,1.0,1,1,1,1,1,Low value / lost,Churned
C10677,Karnataka,South,1,1036.08,340.06,2025-08-01,2025-08-01,152,5.0,0,1,2,1,1,Low value / lost,Churned
C05552,Delhi,North,1,1037.74,368.93,2025-06-20,2025-06-20,194,1.0,0,1,2,1,1,Low value / lost,Churned
C02665,Bihar,East,2,1038.04,-130.96,2024-07-25,2024-08-20,498,6.3,0,3,1,2,1,Low value / lost,Churned
C04234,Maharashtra,West,1,1039.44,-101.41,2024-07-01,2024-07-01,548,4.0,0,1,1,1,1,Low value / lost,Churned
C07780,Maharashtra,West,1,1042.06,69.23,2024-11-17,2024-11-17,409,2.0,0,1,1,1,1,Low value / lost,Churned
C04896,Assam,Northeast,1,1042.64,-101.96,2024-08-25,2024-08-25,493,7.0,0,1,1,1,1,Low value / lost,Churned
C03396,Karnataka,South,1,1045.05,595.86,2025-06-09,2025-06-09,205,1.0,0,1,2,1,1,Low value / lost,Churned
C05819,Karnataka,South,1,1045.12,360.62,2025-08-17,2025-08-17,136,1.0,0,1,2,1,1,Low value / lost,Churned
C04617,Maharashtra,West,1,1046.48,563.85,2025-05-08,2025-05-08,237,1.0,0,1,2,1,1,Low value / lost,Churned
C00108,Odisha,East,1,1048.39,178.29,2024-05-01,2024-05-01,609,6.0,0,1,1,1,1,Low value / lost,Churned
C10725,Uttar Pradesh,North,1,1048.39,204.44,2025-02-08,2025-02-08,326,4.0,0,1,1,1,1,Low value / lost,Churned
C06929,Telangana,South,1,1054.8,358.55,2024-04-23,2024-04-23,617,2.0,0,1,1,1,1,Low value / lost,Churned
C11859,Tamil Nadu,South,1,1057.67,16.28,2024-11-09,2024-11-09,417,3.0,0,1,1,1,1,Low value / lost,Churned
C07284,Kerala,South,1,1057.95,494.88,2025-11-25,2025-11-25,36,4.0,0,1,4,1,1,New / promising,Active
C11749,Delhi,North,1,1060.48,290.4,2024-05-08,2024-05-08,602,1.0,0,1,1,1,1,Low value / lost,Churned
C01438,Kerala,South,1,1060.95,514.28,2025-11-14,2025-11-14,47,6.0,0,1,3,1,1,Low value / lost,Active
C09717,Gujarat,West,1,1065.0,-547.51,2025-12-28,2025-12-28,3,3.0,0,2,5,1,1,New / promising,Active
C11542,Tamil Nadu,South,1,1066.6,557.69,2025-12-01,2025-12-01,30,5.0,0,1,4,1,1,New / promising,Active
C10238,Madhya Pradesh,Central,2,1068.44,31.84,2025-07-27,2025-12-24,7,4.0,0,2,5,2,1,New / promising,Active
C01967,Gujarat,West,2,1070.52,-13.66,2025-04-30,2025-11-14,47,5.0,0,2,3,2,1,Low value / lost,Active
C08216,Karnataka,South,1,1071.89,443.67,2025-10-19,2025-10-19,73,1.0,0,2,3,1,1,Low value / lost,Active
C04347,West Bengal,East,1,1072.09,273.2,2025-12-05,2025-12-05,26,6.0,0,2,4,1,1,New / promising,Active
C03355,Maharashtra,West,2,1077.24,159.59,2025-05-20,2025-11-20,41,3.0,0,2,4,2,1,New / promising,Active
C11518,Delhi,North,1,1078.83,-22.11,2024-09-25,2024-09-25,462,1.0,0,3,1,1,1,Low value / lost,Churned
C09405,Karnataka,South,1,1079.95,-316.97,2024-10-23,2024-10-23,434,5.0,1,1,1,1,1,Low value / lost,Churned
C09469,Maharashtra,West,1,1083.11,597.33,2025-10-04,2025-10-04,88,1.0,0,1,3,1,1,Low value / lost,Active
C01989,West Bengal,East,1,1090.61,404.37,2025-04-19,2025-04-19,256,4.0,0,1,2,1,1,Low value / lost,Churned
C02714,Karnataka,South,1,1090.61,441.21,2025-09-01,2025-09-01,121,1.0,1,1,2,1,1,Low value / lost,Churned
C07369,Maharashtra,West,1,1092.08,521.95,2025-04-14,2025-04-14,261,2.0,0,1,2,1,1,Low value / lost,Churned
C11583,Rajasthan,North,1,1094.97,377.0,2025-08-17,2025-08-17,136,4.0,0,1,2,1,1,Low value / lost,Churned
C10364,Maharashtra,West,1,1096.52,333.13,2025-03-10,2025-03-10,296,2.0,0,1,1,1,1,Low value / lost,Churned
C04374,Gujarat,West,1,1097.36,42.16,2024-05-20,2024-05-20,590,2.0,1,1,1,1,1,Low value / lost,Churned
C05286,Assam,Northeast,1,1101.48,439.1,2024-06-10,2024-06-10,569,8.0,0,1,1,1,1,Low value / lost,Churned
C07555,West Bengal,East,2,1108.32,-240.28,2025-05-17,2025-05-19,226,6.0,0,2,2,2,1,Low value / lost,Churned
C09225,Telangana,South,1,1109.76,60.92,2025-03-15,2025-03-15,291,4.0,0,1,1,1,1,Low value / lost,Churned
C05958,Uttar Pradesh,North,1,1112.03,33.39,2024-08-19,2024-08-19,499,5.0,0,2,1,1,1,Low value / lost,Churned
C10172,Uttar Pradesh,North,2,1115.38,75.05,2024-09-26,2025-01-02,363,3.5,0,2,1,2,1,Low value / lost,Churned
C04777,Odisha,East,1,1115.41,48.03,2024-11-05,2024-11-05,421,6.0,0,2,1,1,1,Low value / lost,Churned
C03970,Maharashtra,West,1,1122.05,33.37,2025-12-27,2025-12-27,4,1.0,0,1,5,1,1,New / promising,Active
C00791,Karnataka,South,1,1123.48,-275.73,2025-09-13,2025-09-13,109,2.0,1,1,3,1,1,Low value / lost,Churned
C10883,Tamil Nadu,South,1,1124.52,492.08,2025-11-09,2025-11-09,52,3.0,0,1,3,1,1,Low value / lost,Active
C03603,Telangana,South,1,1127.18,410.8,2025-10-06,2025-10-06,86,2.0,1,1,3,1,1,Low value / lost,Active
C04038,Maharashtra,West,1,1127.18,377.9,2025-11-02,2025-11-02,59,4.0,0,1,3,1,1,Low value / lost,Active
C11198,Uttar Pradesh,North,1,1133.51,297.38,2025-03-04,2025-03-04,302,3.0,0,2,1,1,1,Low value / lost,Churned
C03587,West Bengal,East,1,1133.77,-94.86,2025-01-03,2025-01-03,362,6.0,0,1,1,1,1,Low value / lost,Churned
C01329,Kerala,South,1,1134.37,448.43,2025-08-03,2025-08-03,150,2.0,0,2,2,1,1,Low value / lost,Churned
C07812,Maharashtra,West,1,1142.58,105.99,2025-12-14,2025-12-14,17,2.0,0,1,5,1,1,New / promising,Active
C08605,Delhi,North,1,1142.68,76.99,2025-07-14,2025-07-14,170,3.0,0,2,2,1,1,Low value / lost,Churned
C00652,Delhi,North,1,1145.03,317.98,2025-11-14,2025-11-14,47,2.0,0,2,3,1,1,Low value / lost,Active
C08098,Gujarat,West,1,1145.04,431.31,2024-10-30,2024-10-30,427,2.0,0,1,1,1,1,Low value / lost,Churned
C01910,Bihar,East,1,1146.16,316.12,2025-11-15,2025-11-15,46,7.0,0,2,4,1,1,New / promising,Active
C01195,Bihar,East,1,1148.46,7.71,2024-10-25,2024-10-25,432,6.0,0,1,1,1,1,Low value / lost,Churned
C05593,Delhi,North,1,1148.95,104.13,2025-03-04,2025-03-04,302,1.0,1,1,1,1,1,Low value / lost,Churned
C04798,Karnataka,South,1,1152.6,443.7,2025-04-07,2025-04-07,268,4.0,0,1,2,1,1,Low value / lost,Churned
C07363,Tamil Nadu,South,1,1153.05,438.88,2025-03-05,2025-03-05,301,5.0,0,1,1,1,1,Low value / lost,Churned
C11926,Tamil Nadu,South,1,1153.05,448.38,2025-03-08,2025-03-08,298,4.0,1,1,1,1,1,Low value / lost,Churned
C09429,Uttar Pradesh,North,2,1154.22,-35.03,2025-02-22,2025-10-28,64,3.5,0,2,3,2,1,Low value / lost,Active
C08786,Gujarat,West,1,1154.26,270.48,2024-07-31,2024-07-31,518,1.0,0,1,1,1,1,Low value / lost,Churned
C03868,Delhi,North,1,1154.27,224.48,2024-05-17,2024-05-17,593,4.0,0,1,1,1,1,Low value / lost,Churned
C02156,Maharashtra,West,1,1156.3,495.21,2025-12-19,2025-12-19,12,1.0,0,1,5,1,1,New / promising,Active
C11346,Tamil Nadu,South,1,1156.98,276.76,2025-02-19,2025-02-19,315,2.0,0,1,1,1,1,Low value / lost,Churned
C02778,Uttar Pradesh,North,1,1157.55,532.58,2025-12-13,2025-12-13,18,1.0,0,1,4,1,1,New / promising,Active
C04663,Maharashtra,West,1,1159.72,362.83,2024-10-28,2024-10-28,429,3.0,0,1,1,1,1,Low value / lost,Churned
C10469,Tamil Nadu,South,1,1159.72,356.64,2025-10-06,2025-10-06,86,3.0,0,1,3,1,1,Low value / lost,Active
C05625,Telangana,South,1,1162.81,-107.57,2025-07-16,2025-07-16,168,2.0,1,3,2,1,1,Low value / lost,Churned
C00133,Maharashtra,West,2,1163.19,152.79,2025-07-20,2025-11-08,53,2.5,0,2,3,2,1,Low value / lost,Active
C10011,Maharashtra,West,1,1163.49,178.76,2025-12-05,2025-12-05,26,3.0,0,2,4,1,1,New / promising,Active
C06770,Karnataka,South,1,1167.77,374.0,2025-10-06,2025-10-06,86,3.0,0,1,3,1,1,Low value / lost,Active
C10487,Rajasthan,North,1,1168.26,193.15,2025-03-28,2025-03-28,278,5.0,0,1,1,1,1,Low value / lost,Churned
C02452,Karnataka,South,1,1168.91,65.14,2025-12-13,2025-12-13,18,2.0,0,1,4,1,1,New / promising,Active
C09860,West Bengal,East,2,1171.08,218.3,2025-02-16,2025-05-10,235,4.5,0,2,2,2,1,Low value / lost,Churned
C09739,Bihar,East,1,1175.04,106.28,2025-08-31,2025-08-31,122,6.0,0,1,2,1,1,Low value / lost,Churned
C00946,Maharashtra,West,1,1179.03,646.95,2025-02-02,2025-02-02,332,2.0,0,1,1,1,1,Low value / lost,Churned
C11614,Tamil Nadu,South,1,1183.64,619.3,2025-09-27,2025-09-27,95,4.0,0,1,3,1,1,Low value / lost,Churned
C02759,Gujarat,West,1,1183.71,559.27,2025-01-22,2025-01-22,343,2.0,0,1,1,1,1,Low value / lost,Churned
C05562,Maharashtra,West,1,1187.71,475.45,2024-06-03,2024-06-03,576,2.0,0,2,1,1,1,Low value / lost,Churned
C03853,Madhya Pradesh,Central,1,1191.6,71.83,2025-11-21,2025-11-21,40,3.0,0,1,4,1,1,New / promising,Active
C04260,Karnataka,South,2,1196.43,446.68,2025-06-27,2025-12-24,7,3.0,0,2,5,2,1,New / promising,Active
C02801,Rajasthan,North,1,1197.56,-9.82,2024-10-10,2024-10-10,447,6.0,0,1,1,1,1,Low value / lost,Churned
C00620,Gujarat,West,1,1205.31,459.51,2025-03-14,2025-03-14,292,4.0,0,1,1,1,1,Low value / lost,Churned
C07269,West Bengal,East,1,1207.0,-15.68,2025-10-18,2025-10-18,74,5.0,0,2,3,1,1,Low value / lost,Active
C02129,Rajasthan,North,1,1210.42,232.08,2025-06-18,2025-06-18,196,5.0,0,1,2,1,1,Low value / lost,Churned
C08513,Madhya Pradesh,Central,1,1212.3,433.48,2024-01-28,2024-01-28,703,5.0,0,1,1,1,1,Low value / lost,Churned
C05807,Maharashtra,West,2,1214.53,211.65,2024-02-25,2024-03-26,645,2.0,1,2,1,2,1,Low value / lost,Churned
C01881,Tamil Nadu,South,1,1216.04,387.09,2024-09-01,2024-09-01,486,4.0,1,2,1,1,1,Low value / lost,Churned
C06785,Uttar Pradesh,North,1,1217.25,337.75,2025-04-22,2025-04-22,253,5.0,0,1,2,1,1,Low value / lost,Churned
C04682,Kerala,South,1,1220.54,512.29,2024-11-27,2024-11-27,399,4.0,0,1,1,1,1,Low value / lost,Churned
C00162,Delhi,North,1,1220.71,189.51,2025-08-23,2025-08-23,130,3.0,0,1,2,1,1,Low value / lost,Churned
C00855,Odisha,East,2,1222.24,-16.42,2025-08-05,2025-10-02,90,5.5,1,2,3,2,1,Low value / lost,Active
C01458,Karnataka,South,1,1225.24,562.15,2025-10-29,2025-10-29,63,3.0,0,1,3,1,1,Low value / lost,Active
C07854,Delhi,North,1,1225.52,476.38,2025-12-29,2025-12-29,2,1.0,0,1,5,1,1,New / promising,Active
C08207,Tamil Nadu,South,2,1225.98,333.84,2025-07-17,2025-11-18,43,3.0,0,2,4,2,1,New / promising,Active
C02828,West Bengal,East,2,1227.66,436.18,2025-03-14,2025-11-20,41,5.0,0,2,4,2,1,New / promising,Active
C11380,Maharashtra,West,1,1228.21,436.34,2025-11-09,2025-11-09,52,2.0,0,1,3,1,1,Low value / lost,Active
C01017,Telangana,South,2,1229.31,-62.05,2024-07-01,2024-08-24,494,4.0,1,2,1,2,1,Low value / lost,Churned
C10181,Karnataka,South,1,1230.46,129.7,2024-11-23,2024-11-23,403,1.0,0,1,1,1,1,Low value / lost,Churned
C00928,Tamil Nadu,South,1,1230.46,117.49,2024-11-25,2024-11-25,401,2.0,0,1,1,1,1,Low value / lost,Churned
C00007,West Bengal,East,1,1232.2,409.4,2024-05-28,2024-05-28,582,4.0,0,1,1,1,1,Low value / lost,Churned
C04183,Delhi,North,1,1233.06,337.08,2024-09-20,2024-09-20,467,2.0,0,1,1,1,1,Low value / lost,Churned
C10879,Uttar Pradesh,North,1,1233.4,494.86,2025-03-08,2025-03-08,298,7.0,0,1,1,1,1,Low value / lost,Churned
C02253,West Bengal,East,1,1233.95,169.4,2024-11-27,2024-11-27,399,5.0,1,1,1,1,1,Low value / lost,Churned
C11236,Delhi,North,1,1233.95,182.77,2025-04-08,2025-04-08,267,4.0,0,1,2,1,1,Low value / lost,Churned
C11190,Delhi,North,1,1236.99,248.23,2025-10-27,2025-10-27,65,4.0,0,1,3,1,1,Low value / lost,Active
C10472,Gujarat,West,2,1243.78,94.92,2025-10-18,2025-12-18,13,2.0,0,2,5,2,1,New / promising,Active
C11867,Gujarat,West,2,1245.09,25.05,2025-08-18,2025-08-29,124,3.0,0,2,2,2,1,Low value / lost,Churned
C04523,West Bengal,East,1,1247.22,584.59,2025-10-10,2025-10-10,82,6.0,0,1,3,1,1,Low value / lost,Active
C02376,Uttar Pradesh,North,2,1249.24,413.08,2025-10-31,2025-12-02,29,3.7,0,3,4,2,1,New / promising,Active
C03108,Tamil Nadu,South,1,1249.53,159.76,2024-11-30,2024-11-30,396,3.0,0,1,1,1,1,Low value / lost,Churned
C07691,Madhya Pradesh,Central,1,1251.68,-53.28,2025-05-10,2025-05-10,235,5.0,0,2,2,1,1,Low value / lost,Churned
C01102,Maharashtra,West,2,1252.55,58.4,2025-04-10,2025-11-06,55,1.5,0,2,3,2,1,Low value / lost,Active
C11817,Rajasthan,North,1,1254.06,70.85,2025-11-26,2025-11-26,35,6.0,0,1,4,1,1,New / promising,Active
C08987,Gujarat,West,2,1261.52,443.39,2025-03-21,2025-04-30,245,2.5,0,2,2,2,1,Low value / lost,Churned
C07813,Gujarat,West,1,1262.31,440.56,2025-08-24,2025-08-24,129,4.0,0,1,2,1,1,Low value / lost,Churned
C05746,Karnataka,South,1,1264.67,413.18,2025-12-07,2025-12-07,24,1.0,0,1,4,1,1,New / promising,Active
C02994,Delhi,North,2,1272.38,303.74,2024-04-12,2024-07-26,523,1.5,0,2,1,2,1,Low value / lost,Churned
C03464,Uttar Pradesh,North,1,1274.64,598.4,2025-02-25,2025-02-25,309,4.0,0,1,1,1,1,Low value / lost,Churned
C01635,Uttar Pradesh,North,2,1280.12,-70.23,2025-10-19,2025-10-20,72,4.3,0,3,3,2,1,Low value / lost,Active
C05605,Kerala,South,1,1280.25,200.89,2024-10-13,2024-10-13,444,3.0,0,1,1,1,1,Low value / lost,Churned
C07966,Delhi,North,1,1280.25,230.06,2025-03-28,2025-03-28,278,1.0,1,1,1,1,1,Low value / lost,Churned
C02116,Kerala,South,1,1280.25,202.64,2025-07-29,2025-07-29,155,4.0,0,1,2,1,1,Low value / lost,Churned
C11455,Delhi,North,2,1280.98,425.72,2025-06-01,2025-10-10,82,2.5,1,2,3,2,1,Low value / lost,Active
C02126,West Bengal,East,1,1286.77,391.7,2025-12-05,2025-12-05,26,7.0,0,1,4,1,1,New / promising,Active
C10658,Kerala,South,1,1287.72,496.38,2025-03-18,2025-03-18,288,3.0,0,1,1,1,1,Low value / lost,Churned
C08284,Delhi,North,2,1287.97,52.48,2025-11-09,2025-12-05,26,2.5,0,2,4,2,1,New / promising,Active
C04497,Delhi,North,1,1288.54,459.64,2025-08-12,2025-08-12,141,3.0,1,1,2,1,1,Low value / lost,Churned
C02435,Madhya Pradesh,Central,1,1288.85,418.87,2025-03-13,2025-03-13,293,4.0,1,1,1,1,1,Low value / lost,Churned
C07915,Delhi,North,1,1292.22,593.45,2024-11-09,2024-11-09,417,3.0,0,1,1,1,1,Low value / lost,Churned
C02909,Karnataka,South,1,1298.49,287.72,2025-12-18,2025-12-18,13,3.0,1,1,5,1,1,New / promising,Active
C01002,Karnataka,South,1,1298.8,471.75,2025-08-26,2025-08-26,127,2.0,0,1,2,1,1,Low value / lost,Churned
C10798,Karnataka,South,1,1300.74,159.22,2025-06-04,2025-06-04,210,4.0,0,1,2,1,1,Low value / lost,Churned
C11268,Delhi,North,1,1300.74,227.91,2025-03-01,2025-03-01,305,1.0,0,1,1,1,1,Low value / lost,Churned
C09790,Uttar Pradesh,North,1,1300.98,89.57,2024-01-12,2024-01-12,719,4.0,0,1,1,1,1,Low value / lost,Churned
C08570,Maharashtra,West,3,1303.55,154.29,2025-04-21,2025-11-10,51,2.7,0,3,3,2,1,Low value / lost,Active
C00548,Bihar,East,1,1310.09,367.9,2024-06-27,2024-06-27,552,8.0,0,1,1,1,1,Low value / lost,Churned
C03445,Tamil Nadu,South,1,1310.09,412.36,2025-06-28,2025-06-28,186,5.0,1,1,2,1,1,Low value / lost,Churned
C00599,Gujarat,West,1,1315.74,462.12,2025-08-03,2025-08-03,150,3.0,0,2,2,1,1,Low value / lost,Churned
C11837,Tamil Nadu,South,4,1318.41,73.27,2024-11-21,2025-10-10,82,3.5,1,4,3,3,1,Loyal,Active
C05879,Maharashtra,West,1,1319.17,425.37,2025-03-21,2025-03-21,285,2.0,0,1,1,1,1,Low value / lost,Churned
C11017,Maharashtra,West,1,1320.14,252.69,2025-08-06,2025-08-06,147,5.0,0,1,2,1,1,Low value / lost,Churned
C10685,Uttar Pradesh,North,2,1325.04,243.46,2024-09-16,2025-06-20,194,1.0,0,3,2,2,1,Low value / lost,Churned
C04640,Uttar Pradesh,North,1,1326.1,590.65,2025-10-16,2025-10-16,76,3.0,0,1,3,1,1,Low value / lost,Active
C01724,Uttar Pradesh,North,1,1330.25,380.18,2024-07-03,2024-07-03,546,3.0,1,2,1,1,1,Low value / lost,Churned
C02848,West Bengal,East,1,1331.94,553.88,2025-11-08,2025-11-08,53,6.0,0,1,3,1,1,Low value / lost,Active
C06476,Karnataka,South,1,1331.94,-83.23,2025-09-08,2025-09-08,114,3.0,0,1,2,1,1,Low value / lost,Churned
C08420,Gujarat,West,2,1334.91,388.57,2025-08-07,2025-11-15,46,4.0,0,2,4,2,1,New / promising,Active
C00543,Maharashtra,West,1,1335.16,384.96,2024-11-04,2024-11-04,422,3.0,1,1,1,1,1,Low value / lost,Churned
C04007,Gujarat,West,2,1336.74,434.22,2024-06-03,2024-11-17,409,2.0,0,2,1,2,1,Low value / lost,Churned
C01073,Delhi,North,1,1337.63,589.44,2025-02-19,2025-02-19,315,2.0,0,1,1,1,1,Low value / lost,Churned
C03094,Delhi,North,1,1337.85,364.24,2024-12-30,2024-12-30,366,1.0,1,1,1,1,1,Low value / lost,Churned
C01171,Gujarat,West,1,1338.97,433.06,2025-09-03,2025-09-03,119,2.0,0,1,2,1,1,Low value / lost,Churned
C00697,Delhi,North,1,1341.18,506.51,2024-12-05,2024-12-05,391,1.0,0,1,1,1,1,Low value / lost,Churned
C02074,Maharashtra,West,1,1341.73,674.48,2025-08-11,2025-08-11,142,3.0,0,1,2,1,1,Low value / lost,Churned
C00991,Madhya Pradesh,Central,1,1345.12,314.58,2025-07-26,2025-07-26,158,2.0,1,1,2,1,1,Low value / lost,Churned
C05452,Kerala,South,2,1346.4,555.33,2025-05-26,2025-09-29,93,3.5,0,2,3,2,1,Low value / lost,Churned
C05693,Maharashtra,West,1,1348.18,-48.57,2025-02-28,2025-02-28,306,2.0,0,1,1,1,1,Low value / lost,Churned
C04642,Delhi,North,1,1350.8,63.39,2024-04-16,2024-04-16,624,3.0,0,1,1,1,1,Low value / lost,Churned
C00051,Maharashtra,West,1,1350.89,321.55,2025-09-17,2025-09-17,105,2.0,0,1,3,1,1,Low value / lost,Churned
C09167,Delhi,North,2,1352.61,303.23,2024-05-24,2025-11-14,47,1.5,0,2,3,2,1,Low value / lost,Active
C05714,Telangana,South,1,1358.28,-132.04,2025-09-24,2025-09-24,98,3.0,0,2,3,1,1,Low value / lost,Churned
C00706,Kerala,South,1,1360.12,519.05,2025-11-12,2025-11-12,49,4.0,1,1,3,1,1,Low value / lost,Active
C01502,Maharashtra,West,2,1363.7,378.85,2024-05-07,2025-07-15,169,1.5,0,2,2,2,1,Low value / lost,Churned
C00151,Tamil Nadu,South,1,1365.6,189.71,2025-03-12,2025-03-12,294,3.0,0,2,1,1,1,Low value / lost,Churned
C11478,Tamil Nadu,South,1,1374.55,421.19,2025-12-30,2025-12-30,1,5.0,0,1,5,1,1,New / promising,Active
C00740,Telangana,South,2,1375.44,201.67,2025-04-15,2025-10-30,62,2.5,0,2,3,2,1,Low value / lost,Active
C06329,Maharashtra,West,1,1377.17,589.61,2024-10-07,2024-10-07,450,2.0,0,1,1,1,1,Low value / lost,Churned
C04111,Telangana,South,1,1377.17,594.41,2024-12-21,2024-12-21,375,1.0,1,1,1,1,1,Low value / lost,Churned
C09798,Uttar Pradesh,North,2,1381.54,530.54,2025-04-05,2025-12-12,19,3.5,0,2,4,2,1,New / promising,Active
C00140,Rajasthan,North,2,1385.86,474.18,2025-06-26,2025-09-11,111,4.0,0,2,2,2,1,Low value / lost,Churned
C09832,Kerala,South,1,1387.15,497.62,2024-04-06,2024-04-06,634,3.0,1,1,1,1,1,Low value / lost,Churned
C08234,Maharashtra,West,2,1391.43,-10.37,2024-10-30,2025-11-17,44,2.7,0,3,4,2,1,New / promising,Active
C08500,Tamil Nadu,South,1,1392.98,88.13,2024-01-31,2024-01-31,700,4.0,0,1,1,1,1,Low value / lost,Churned
C06536,West Bengal,East,1,1392.98,35.03,2024-12-27,2024-12-27,369,9.0,0,1,1,1,1,Low value / lost,Churned
C09219,Rajasthan,North,1,1392.98,92.65,2025-06-27,2025-06-27,187,4.0,0,1,2,1,1,Low value / lost,Churned
C10971,Telangana,South,1,1394.06,382.89,2025-12-30,2025-12-30,1,3.0,0,2,5,1,1,New / promising,Active
C03624,Kerala,South,2,1395.24,297.59,2024-12-30,2025-04-26,249,3.0,0,2,2,2,1,Low value / lost,Churned
C10368,Karnataka,South,1,1401.62,521.01,2025-12-23,2025-12-23,8,1.0,0,1,5,1,1,New / promising,Active
C01826,Maharashtra,West,1,1402.57,-182.84,2025-09-28,2025-09-28,94,4.0,0,1,3,1,1,Low value / lost,Churned
C02223,Gujarat,West,1,1402.57,575.43,2025-10-28,2025-10-28,64,4.0,0,1,3,1,1,Low value / lost,Active
C05829,Maharashtra,West,1,1406.72,131.56,2024-09-16,2024-09-16,471,4.0,0,2,1,1,1,Low value / lost,Churned
C02002,Rajasthan,North,1,1410.23,380.62,2025-09-07,2025-09-07,115,2.0,0,1,2,1,1,Low value / lost,Churned
C04220,Telangana,South,1,1410.89,503.92,2025-01-14,2025-01-14,351,2.0,0,1,1,1,1,Low value / lost,Churned
C08548,Delhi,North,2,1413.57,-147.37,2025-11-24,2025-12-04,27,2.0,1,2,4,2,1,New / promising,Active
C00406,Kerala,South,2,1416.79,386.22,2024-05-22,2025-04-23,252,3.0,0,2,2,2,1,Low value / lost,Churned
C09004,Tamil Nadu,South,1,1418.61,481.1,2024-09-16,2024-09-16,471,2.0,0,1,1,1,1,Low value / lost,Churned
C06976,Bihar,East,1,1421.28,416.88,2025-06-02,2025-06-02,212,5.0,0,2,2,1,1,Low value / lost,Churned
C00290,Maharashtra,West,1,1421.46,440.09,2025-12-22,2025-12-22,9,2.0,1,1,5,1,1,New / promising,Active
C02650,Telangana,South,1,1422.82,603.96,2025-09-18,2025-09-18,104,1.0,1,1,3,1,1,Low value / lost,Churned
C01977,Karnataka,South,1,1424.49,517.36,2025-03-21,2025-03-21,285,2.0,0,1,1,1,1,Low value / lost,Churned
C05240,Rajasthan,North,1,1425.41,-285.29,2024-11-10,2024-11-10,416,3.0,1,1,1,1,1,Low value / lost,Churned
C11248,Rajasthan,North,1,1431.71,-153.99,2024-09-16,2024-09-16,471,4.0,1,1,1,1,1,Low value / lost,Churned
C07809,Kerala,South,2,1433.72,184.53,2025-02-18,2025-12-02,29,3.0,1,2,4,2,1,New / promising,Active
C03620,Uttar Pradesh,North,1,1435.8,703.85,2025-06-05,2025-06-05,209,5.0,0,1,2,1,1,Low value / lost,Churned
C10189,Karnataka,South,1,1435.8,773.51,2025-12-07,2025-12-07,24,1.0,0,1,4,1,1,New / promising,Active
C04796,Rajasthan,North,1,1436.86,505.15,2025-06-11,2025-06-11,203,5.0,0,1,2,1,1,Low value / lost,Churned
C11423,Telangana,South,1,1437.95,306.11,2025-07-14,2025-07-14,170,3.0,0,2,2,1,1,Low value / lost,Churned
C06221,Karnataka,South,1,1442.42,827.6,2025-02-11,2025-02-11,323,2.0,0,1,1,1,1,Low value / lost,Churned
C03576,Maharashtra,West,1,1442.57,26.79,2025-11-12,2025-11-12,49,2.0,0,1,3,1,1,Low value / lost,Active
C00010,Maharashtra,West,1,1442.57,-3.05,2025-11-14,2025-11-14,47,4.0,0,1,3,1,1,Low value / lost,Active
C02519,Rajasthan,North,2,1444.02,188.41,2024-07-29,2024-08-06,512,4.0,0,2,1,2,1,Low value / lost,Churned
C03680,Maharashtra,West,1,1444.63,214.5,2025-05-14,2025-05-14,231,1.0,1,2,2,1,1,Low value / lost,Churned
C08752,Madhya Pradesh,Central,2,1445.86,468.34,2024-08-26,2025-11-21,40,3.5,1,2,4,2,1,New / promising,Active
C02896,Delhi,North,1,1446.94,810.92,2024-01-16,2024-01-16,715,2.0,0,1,1,1,1,Low value / lost,Churned
C07064,Maharashtra,West,1,1446.94,788.02,2025-02-07,2025-02-07,327,3.0,0,1,1,1,1,Low value / lost,Churned
C05955,Maharashtra,West,1,1449.36,599.28,2025-04-05,2025-04-05,270,6.0,0,1,2,1,1,Low value / lost,Churned
C07702,Rajasthan,North,1,1449.36,654.35,2025-09-16,2025-09-16,106,3.0,0,1,3,1,1,Low value / lost,Churned
C06108,Delhi,North,1,1451.3,27.34,2025-05-06,2025-05-06,239,3.0,0,1,2,1,1,Low value / lost,Churned
C07123,Madhya Pradesh,Central,2,1452.52,325.37,2025-10-04,2025-11-06,55,4.0,0,2,3,2,1,Low value / lost,Active
C02274,Karnataka,South,1,1454.13,162.8,2025-01-29,2025-01-29,336,2.0,0,1,1,1,1,Low value / lost,Churned
C05177,Telangana,South,1,1454.2,736.82,2025-11-19,2025-11-19,42,2.0,0,1,4,1,1,New / promising,Active
C11347,Kerala,South,2,1455.18,375.62,2025-07-26,2025-08-19,134,6.5,1,2,2,2,1,Low value / lost,Churned
C10906,Uttar Pradesh,North,1,1455.22,337.18,2025-12-06,2025-12-06,25,3.0,0,1,4,1,1,New / promising,Active
C01338,Maharashtra,West,1,1455.24,390.86,2024-10-11,2024-10-11,446,3.0,0,2,1,1,1,Low value / lost,Churned
C03804,Telangana,South,1,1455.91,-117.22,2025-07-22,2025-07-22,162,2.0,0,1,2,1,1,Low value / lost,Churned
C05388,Karnataka,South,2,1457.64,478.72,2025-03-03,2025-10-23,69,2.0,0,2,3,2,1,Low value / lost,Active
C02222,Uttar Pradesh,North,4,1459.87,-283.9,2024-06-23,2024-11-11,415,3.8,0,4,1,3,1,At risk,Churned
C11086,Delhi,North,1,1464.22,589.68,2025-03-19,2025-03-19,287,2.0,0,1,1,1,1,Low value / lost,Churned
C09607,Uttar Pradesh,North,1,1465.74,778.07,2025-03-14,2025-03-14,292,3.0,0,1,1,1,1,Low value / lost,Churned
C10022,Odisha,East,3,1465.82,-140.35,2024-04-03,2025-06-06,208,5.3,0,3,2,2,1,Low value / lost,Churned
C04900,Gujarat,West,2,1466.69,418.78,2024-10-27,2025-10-19,73,2.5,0,2,3,2,1,Low value / lost,Active
C03547,West Bengal,East,2,1466.73,-27.95,2024-12-23,2025-04-22,253,5.3,0,3,2,2,1,Low value / lost,Churned
C10545,Delhi,North,2,1470.08,92.01,2024-08-27,2025-03-02,304,2.0,0,2,1,2,1,Low value / lost,Churned
C04114,Karnataka,South,1,1470.3,539.25,2025-12-11,2025-12-11,20,2.0,0,3,4,1,1,New / promising,Active
C02831,Maharashtra,West,1,1476.25,505.14,2024-11-10,2024-11-10,416,2.0,0,1,1,1,1,Low value / lost,Churned
C06668,Maharashtra,West,1,1480.08,114.21,2024-03-11,2024-03-11,660,5.0,1,1,1,1,1,Low value / lost,Churned
C06979,Telangana,South,1,1481.67,245.43,2025-03-14,2025-03-14,292,1.0,0,2,1,1,1,Low value / lost,Churned
C03583,Maharashtra,West,1,1485.05,486.83,2025-03-10,2025-03-10,296,2.0,0,2,1,1,1,Low value / lost,Churned
C07836,Madhya Pradesh,Central,1,1487.55,569.58,2024-05-09,2024-05-09,601,5.0,0,1,1,1,1,Low value / lost,Churned
C07258,West Bengal,East,2,1489.66,184.38,2024-11-29,2025-06-24,190,2.5,0,2,2,2,1,Low value / lost,Churned
C04349,Gujarat,West,2,1495.71,320.04,2025-01-28,2025-10-30,62,2.5,0,2,3,2,1,Low value / lost,Active
C01299,Telangana,South,2,1500.59,602.96,2025-06-12,2025-07-26,158,3.5,0,2,2,2,1,Low value / lost,Churned
C01978,Uttar Pradesh,North,1,1501.43,403.84,2025-12-27,2025-12-27,4,4.0,0,2,5,1,1,New / promising,Active
C09721,Tamil Nadu,South,1,1502.06,551.87,2025-12-19,2025-12-19,12,3.0,1,1,5,1,1,New / promising,Active
C09389,Maharashtra,West,1,1502.06,542.8,2025-02-08,2025-02-08,326,3.0,1,1,1,1,1,Low value / lost,Churned
C07685,Tamil Nadu,South,1,1503.01,126.04,2024-02-17,2024-02-17,683,2.0,0,2,1,1,1,Low value / lost,Churned
C00831,West Bengal,East,1,1505.28,57.98,2025-11-30,2025-11-30,31,5.0,0,1,4,1,1,New / promising,Active
C01469,Tamil Nadu,South,1,1506.56,299.13,2025-06-20,2025-06-20,194,5.0,1,1,2,1,1,Low value / lost,Churned
C10662,West Bengal,East,2,1506.64,349.63,2024-12-24,2025-09-05,117,5.0,0,3,2,2,1,Low value / lost,Churned
C10027,Delhi,North,1,1508.28,618.63,2025-05-31,2025-05-31,214,1.0,0,1,2,1,1,Low value / lost,Churned
C03800,Delhi,North,1,1513.85,670.13,2025-06-23,2025-06-23,191,3.0,1,1,2,1,1,Low value / lost,Churned
C01578,Maharashtra,West,1,1513.85,-76.77,2025-01-06,2025-01-06,359,1.0,0,1,1,1,1,Low value / lost,Churned
C07059,Uttar Pradesh,North,1,1514.16,477.84,2025-06-24,2025-06-24,190,3.0,0,1,2,1,1,Low value / lost,Churned
C01840,Delhi,North,1,1514.16,829.53,2025-08-12,2025-08-12,141,1.0,0,1,2,1,1,Low value / lost,Churned
C08508,Uttar Pradesh,North,1,1514.16,782.66,2025-10-31,2025-10-31,61,5.0,0,1,3,1,1,Low value / lost,Active
C03086,Maharashtra,West,2,1516.28,58.14,2025-07-02,2025-11-02,59,3.0,0,2,3,2,1,Low value / lost,Active
C10851,Uttar Pradesh,North,1,1516.77,625.33,2025-07-07,2025-07-07,177,1.0,0,2,2,1,1,Low value / lost,Churned
C10049,West Bengal,East,2,1516.79,332.99,2025-02-22,2025-09-05,117,4.5,0,2,2,2,1,Low value / lost,Churned
C11273,Telangana,South,1,1517.53,-312.86,2024-12-23,2024-12-23,373,4.0,0,1,1,1,1,Low value / lost,Churned
C02230,Maharashtra,West,1,1518.02,-146.07,2025-11-16,2025-11-16,45,3.0,0,2,4,1,1,New / promising,Active
C10347,Karnataka,South,2,1521.63,217.18,2025-01-20,2025-11-16,45,3.0,0,2,4,2,1,New / promising,Active
C10266,Tamil Nadu,South,2,1528.36,328.91,2025-11-02,2025-12-21,10,3.5,1,2,5,2,1,New / promising,Active
C03982,Uttar Pradesh,North,1,1530.59,652.43,2025-01-11,2025-01-11,354,4.0,0,1,1,1,1,Low value / lost,Churned
C00455,West Bengal,East,1,1531.0,93.18,2024-08-12,2024-08-12,506,7.0,0,3,1,1,1,Low value / lost,Churned
C09236,Gujarat,West,3,1532.68,-102.18,2025-05-17,2025-08-11,142,3.0,0,4,2,2,1,Low value / lost,Churned
C07407,Maharashtra,West,1,1532.79,325.64,2025-01-01,2025-01-01,364,2.0,0,1,1,1,1,Low value / lost,Churned
C00205,Assam,Northeast,1,1533.25,487.53,2025-09-23,2025-09-23,99,8.0,0,2,3,1,1,Low value / lost,Churned
C07482,West Bengal,East,1,1533.3,155.95,2024-10-29,2024-10-29,428,6.0,0,1,1,1,1,Low value / lost,Churned
C04764,Maharashtra,West,1,1534.08,372.07,2025-07-06,2025-07-06,178,1.0,0,3,2,1,1,Low value / lost,Churned
C10477,Maharashtra,West,2,1537.34,17.01,2025-06-07,2025-07-09,175,2.5,1,2,2,2,1,Low value / lost,Churned
C10156,Delhi,North,1,1540.92,820.91,2025-10-13,2025-10-13,79,2.0,0,1,3,1,1,Low value / lost,Active
C10712,Kerala,South,1,1541.32,640.47,2025-09-10,2025-09-10,112,3.0,0,1,2,1,1,Low value / lost,Churned
C00680,Karnataka,South,1,1543.87,498.32,2024-11-14,2024-11-14,412,3.0,0,1,1,1,1,Low value / lost,Churned
C08763,Rajasthan,North,1,1544.24,731.83,2024-12-25,2024-12-25,371,3.0,0,1,1,1,1,Low value / lost,Churned
C04833,Madhya Pradesh,Central,1,1544.79,101.96,2025-03-19,2025-03-19,287,3.0,0,1,1,1,1,Low value / lost,Churned
C03164,Delhi,North,1,1545.86,482.86,2025-07-28,2025-07-28,156,2.0,0,2,2,1,1,Low value / lost,Churned
C06771,Tamil Nadu,South,1,1546.7,121.25,2025-08-27,2025-08-27,126,3.0,0,1,2,1,1,Low value / lost,Churned
C11450,Uttar Pradesh,North,3,1551.22,253.38,2025-06-01,2025-10-15,77,4.0,0,3,3,2,1,Low value / lost,Active
C07575,Tamil Nadu,South,1,1552.41,46.13,2025-09-28,2025-09-28,94,4.0,0,1,3,1,1,Low value / lost,Churned
C11486,Tamil Nadu,South,1,1554.59,486.6,2025-09-21,2025-09-21,101,2.0,0,1,3,1,1,Low value / lost,Churned
C05805,Delhi,North,1,1556.37,658.49,2025-11-05,2025-11-05,56,3.0,1,2,3,1,1,Low value / lost,Active
C08395,Telangana,South,3,1556.4,128.56,2024-06-16,2025-04-03,272,2.0,1,3,2,2,1,Low value / lost,Churned
C00517,Delhi,North,1,1557.36,517.58,2025-07-10,2025-07-10,174,1.0,0,1,2,1,1,Low value / lost,Churned
C05215,Uttar Pradesh,North,1,1557.63,557.86,2025-01-06,2025-01-06,359,4.0,0,1,1,1,1,Low value / lost,Churned
C09110,Maharashtra,West,1,1558.55,463.86,2025-11-21,2025-11-21,40,1.0,0,1,4,1,1,New / promising,Active
C03754,Tamil Nadu,South,2,1559.75,-21.0,2024-04-29,2024-07-16,533,4.3,0,3,1,2,1,Low value / lost,Churned
C10974,Tamil Nadu,South,2,1564.1,487.91,2024-09-14,2024-12-08,388,3.5,0,2,1,2,1,Low value / lost,Churned
C10961,Tamil Nadu,South,1,1572.87,190.09,2025-11-26,2025-11-26,35,1.0,1,1,4,1,1,New / promising,Active
C08303,Tamil Nadu,South,1,1573.75,741.04,2025-12-25,2025-12-25,6,5.0,1,1,5,1,1,New / promising,Active
C04605,Karnataka,South,1,1573.92,646.06,2025-07-24,2025-07-24,160,3.0,0,1,2,1,1,Low value / lost,Churned
C01483,Maharashtra,West,1,1574.4,761.84,2025-10-21,2025-10-21,71,2.0,0,1,3,1,1,Low value / lost,Active
C00461,West Bengal,East,1,1580.57,733.5,2025-03-11,2025-03-11,295,5.0,0,1,1,1,1,Low value / lost,Churned
C04591,Delhi,North,2,1581.44,370.65,2025-03-31,2025-09-27,95,3.5,0,2,3,2,1,Low value / lost,Churned
C04566,Bihar,East,1,1581.6,652.54,2024-07-30,2024-07-30,519,7.0,0,1,1,1,1,Low value / lost,Churned
C07196,Rajasthan,North,1,1583.52,-13.14,2025-02-25,2025-02-25,309,4.0,0,2,1,1,1,Low value / lost,Churned
C04655,Maharashtra,West,1,1584.17,590.0,2025-06-05,2025-06-05,209,2.0,1,2,2,1,1,Low value / lost,Churned
C02535,Kerala,South,1,1584.49,-14.88,2025-12-18,2025-12-18,13,2.0,0,1,5,1,1,New / promising,Active
C08753,Bihar,East,1,1586.51,489.37,2025-12-12,2025-12-12,19,7.0,0,1,4,1,1,New / promising,Active
C09128,Maharashtra,West,1,1600.72,405.69,2025-02-18,2025-02-18,316,3.0,0,1,1,1,1,Low value / lost,Churned
C01289,Karnataka,South,1,1601.92,435.85,2024-09-07,2024-09-07,480,3.0,0,1,1,1,1,Low value / lost,Churned
C07300,West Bengal,East,1,1602.89,435.2,2025-12-07,2025-12-07,24,5.0,0,1,4,1,1,New / promising,Active
C07658,Madhya Pradesh,Central,2,1606.01,49.54,2025-07-17,2025-10-27,65,3.5,0,2,3,2,1,Low value / lost,Active
C03424,Rajasthan,North,1,1610.11,610.17,2025-09-04,2025-09-04,118,4.0,0,2,2,1,1,Low value / lost,Churned
C10183,Karnataka,South,1,1611.74,715.1,2025-07-12,2025-07-12,172,3.0,0,1,2,1,1,Low value / lost,Churned
C07591,Maharashtra,West,2,1613.51,373.25,2024-04-06,2024-10-29,428,1.5,1,2,1,2,1,Low value / lost,Churned
C04527,Uttar Pradesh,North,1,1617.32,73.67,2024-12-10,2024-12-10,386,4.0,0,1,1,1,1,Low value / lost,Churned
C00259,Kerala,South,1,1623.11,621.22,2025-01-12,2025-01-12,353,3.0,0,1,1,1,1,Low value / lost,Churned
C04751,Delhi,North,3,1626.23,211.74,2024-11-12,2025-04-23,252,2.5,0,4,2,2,1,Low value / lost,Churned
C04432,West Bengal,East,1,1627.7,567.52,2025-04-11,2025-04-11,264,4.0,0,2,2,1,1,Low value / lost,Churned
C00048,Delhi,North,1,1629.56,685.91,2025-04-29,2025-04-29,246,2.0,0,2,2,1,1,Low value / lost,Churned
C10162,Madhya Pradesh,Central,2,1630.32,618.4,2024-12-31,2025-12-06,25,5.0,0,2,4,2,1,New / promising,Active
C09153,Maharashtra,West,1,1630.64,310.83,2025-06-16,2025-06-16,198,3.0,0,1,2,1,1,Low value / lost,Churned
C04684,Tamil Nadu,South,1,1634.58,-122.02,2025-09-20,2025-09-20,102,5.0,0,2,3,1,1,Low value / lost,Churned
C10386,Karnataka,South,1,1638.12,810.75,2025-06-02,2025-06-02,212,2.0,0,1,2,1,1,Low value / lost,Churned
C11533,Rajasthan,North,1,1640.25,340.01,2025-10-14,2025-10-14,78,4.0,0,1,3,1,1,Low value / lost,Active
C10828,Delhi,North,1,1640.62,493.69,2025-04-22,2025-04-22,253,4.0,0,1,2,1,1,Low value / lost,Churned
C10378,Madhya Pradesh,Central,3,1642.88,-130.53,2024-12-10,2024-12-25,371,4.7,1,3,1,2,1,Low value / lost,Churned
C03835,Madhya Pradesh,Central,3,1646.14,274.83,2025-01-01,2025-07-16,168,4.0,0,3,2,2,1,Low value / lost,Churned
C08494,Madhya Pradesh,Central,1,1649.32,380.32,2025-08-12,2025-08-12,141,3.0,0,1,2,1,1,Low value / lost,Churned
C05971,Maharashtra,West,2,1649.58,474.27,2025-07-25,2025-11-13,48,2.0,1,2,3,2,1,Low value / lost,Active
C10730,Delhi,North,1,1649.92,691.26,2025-04-01,2025-04-01,274,1.0,0,1,2,1,1,Low value / lost,Churned
C05243,Karnataka,South,1,1652.83,771.07,2025-04-13,2025-04-13,262,2.0,0,1,2,1,1,Low value / lost,Churned
C09257,Maharashtra,West,4,1655.9,-311.08,2024-02-01,2025-11-09,52,1.5,0,4,3,3,1,Loyal,Active
C04400,Karnataka,South,1,1660.81,680.68,2025-04-30,2025-04-30,245,4.0,0,1,2,1,1,Low value / lost,Churned
C08880,Telangana,South,2,1661.2,104.28,2025-08-28,2025-12-30,1,2.5,1,2,5,2,1,New / promising,Active
C09725,Karnataka,South,2,1661.27,336.58,2024-11-07,2024-12-31,365,3.7,0,3,1,2,1,Low value / lost,Churned
C08547,West Bengal,East,2,1661.5,417.06,2024-09-20,2025-03-02,304,5.5,0,2,1,2,1,Low value / lost,Churned
C05345,Bihar,East,1,1663.76,766.86,2024-10-12,2024-10-12,445,8.0,0,1,1,1,1,Low value / lost,Churned
C09359,Tamil Nadu,South,1,1665.34,491.56,2025-02-04,2025-02-04,330,3.0,0,2,1,1,1,Low value / lost,Churned
C04226,Delhi,North,1,1666.04,254.54,2025-12-06,2025-12-06,25,1.0,0,1,4,1,1,New / promising,Active
C09205,Odisha,East,1,1668.68,791.03,2024-03-22,2024-03-22,649,8.0,0,1,1,1,1,Low value / lost,Churned
C02393,Kerala,South,1,1675.87,760.33,2024-04-17,2024-04-17,623,3.0,0,1,1,1,1,Low value / lost,Churned
C07027,West Bengal,East,2,1676.07,389.44,2025-11-13,2025-12-30,1,4.0,0,2,5,2,1,New / promising,Active
C08835,Tamil Nadu,South,2,1679.94,27.7,2024-10-21,2025-10-25,67,1.8,0,4,3,2,1,Low value / lost,Active
C03924,Tamil Nadu,South,2,1684.44,694.36,2025-03-01,2025-04-16,259,2.0,0,2,2,2,1,Low value / lost,Churned
C00193,Tamil Nadu,South,2,1684.95,635.53,2024-03-30,2024-05-22,588,3.0,0,2,1,2,1,Low value / lost,Churned
C01627,Tamil Nadu,South,1,1685.76,732.46,2025-11-21,2025-11-21,40,4.0,0,2,4,1,1,New / promising,Active
C03538,Delhi,North,2,1687.89,32.83,2025-05-26,2025-12-17,14,2.0,1,2,5,2,1,New / promising,Active
C03492,Maharashtra,West,2,1691.05,410.82,2025-08-03,2025-11-30,31,3.0,1,2,4,2,1,New / promising,Active
C09896,West Bengal,East,1,1691.11,175.02,2025-02-27,2025-02-27,307,5.0,0,1,1,1,1,Low value / lost,Churned
C00756,Karnataka,South,1,1691.47,404.84,2025-10-10,2025-10-10,82,2.0,0,1,3,1,1,Low value / lost,Active
C07120,Maharashtra,West,1,1692.2,-15.22,2025-10-27,2025-10-27,65,1.0,0,1,3,1,1,Low value / lost,Active
C03036,Telangana,South,3,1694.08,435.35,2025-02-22,2025-10-23,69,3.3,0,3,3,2,1,Low value / lost,Active
C03695,Maharashtra,West,2,1695.49,158.84,2025-03-31,2025-05-18,227,5.0,1,2,2,2,1,Low value / lost,Churned
C07694,Delhi,North,1,1695.63,877.44,2025-06-15,2025-06-15,199,4.0,0,1,2,1,1,Low value / lost,Churned
C05063,West Bengal,East,2,1697.3,371.51,2025-01-10,2025-01-15,350,5.5,1,2,1,2,1,Low value / lost,Churned
C11911,Karnataka,South,2,1698.18,265.65,2025-09-16,2025-09-20,102,3.5,0,2,3,2,1,Low value / lost,Churned
C05331,Delhi,North,2,1702.23,590.8,2025-04-06,2025-07-04,180,2.0,0,2,2,2,1,Low value / lost,Churned
C08814,Rajasthan,North,1,1702.93,269.35,2025-05-27,2025-05-27,218,6.0,1,1,2,1,1,Low value / lost,Churned
C08509,Madhya Pradesh,Central,1,1706.48,352.28,2025-07-06,2025-07-06,178,6.0,0,2,2,1,1,Low value / lost,Churned
C08283,Odisha,East,1,1710.49,-80.28,2025-12-16,2025-12-16,15,9.0,0,1,5,1,1,New / promising,Active
C06092,Maharashtra,West,1,1716.44,3.55,2024-11-15,2024-11-15,411,3.0,0,1,1,1,1,Low value / lost,Churned
C11708,Madhya Pradesh,Central,1,1717.34,801.17,2024-11-24,2024-11-24,402,4.0,1,1,1,1,1,Low value / lost,Churned
C04699,Karnataka,South,1,1721.92,872.92,2025-05-23,2025-05-23,222,2.0,0,1,2,1,1,Low value / lost,Churned
C09270,West Bengal,East,2,1724.51,543.91,2025-02-18,2025-05-09,236,4.5,0,2,2,2,1,Low value / lost,Churned
C02979,Karnataka,South,1,1725.0,339.11,2025-12-08,2025-12-08,23,3.0,0,1,4,1,1,New / promising,Active
C02101,Delhi,North,1,1727.92,395.91,2024-07-07,2024-07-07,542,1.0,0,1,1,1,1,Low value / lost,Churned
C00064,Gujarat,West,1,1727.92,387.43,2025-11-18,2025-11-18,43,1.0,0,1,4,1,1,New / promising,Active
C07040,Rajasthan,North,1,1728.32,351.97,2025-12-19,2025-12-19,12,4.0,0,2,5,1,1,New / promising,Active
C04247,Delhi,North,1,1729.17,804.41,2025-12-01,2025-12-01,30,1.0,0,1,4,1,1,New / promising,Active
C05481,Rajasthan,North,1,1733.28,38.56,2025-04-07,2025-04-07,268,3.0,0,1,2,1,1,Low value / lost,Churned
C05592,Madhya Pradesh,Central,2,1734.62,-28.1,2025-03-24,2025-05-09,236,5.0,1,2,2,2,1,Low value / lost,Churned
C00241,Bihar,East,1,1736.76,723.8,2025-03-05,2025-03-05,301,6.0,0,1,1,1,1,Low value / lost,Churned
C09066,Gujarat,West,1,1736.76,771.7,2025-10-15,2025-10-15,77,2.0,0,1,3,1,1,Low value / lost,Active
C09690,Tamil Nadu,South,1,1739.58,189.58,2025-08-26,2025-08-26,127,4.0,1,1,2,1,1,Low value / lost,Churned
C05130,Telangana,South,1,1743.15,640.15,2024-11-07,2024-11-07,419,1.0,0,1,1,1,1,Low value / lost,Churned
C08798,Rajasthan,North,2,1745.27,388.6,2024-10-27,2025-08-20,133,2.5,0,2,2,2,1,Low value / lost,Churned
C05696,Telangana,South,2,1749.96,574.67,2025-05-12,2025-12-29,2,1.0,0,2,5,2,1,New / promising,Active
C02552,Maharashtra,West,1,1751.03,674.27,2024-12-11,2024-12-11,385,4.0,0,2,1,1,1,Low value / lost,Churned
C02220,Gujarat,West,1,1753.37,660.16,2025-12-11,2025-12-11,20,1.0,0,1,4,1,1,New / promising,Active
C02412,Karnataka,South,2,1769.54,517.95,2024-04-05,2024-11-30,396,2.7,0,3,1,2,1,Low value / lost,Churned
C09491,Rajasthan,North,2,1771.8,63.36,2024-08-31,2025-02-12,322,2.0,1,2,1,2,1,Low value / lost,Churned
C03360,Uttar Pradesh,North,1,1776.25,42.99,2025-08-24,2025-08-24,129,1.0,1,1,2,1,1,Low value / lost,Churned
C06521,Delhi,North,1,1776.25,29.04,2025-11-19,2025-11-19,42,2.0,0,1,4,1,1,New / promising,Active
C05088,Rajasthan,North,1,1788.99,-221.66,2025-01-12,2025-01-12,353,5.0,1,3,1,1,1,Low value / lost,Churned
C00592,Tamil Nadu,South,1,1789.15,248.03,2024-12-13,2024-12-13,383,4.0,0,2,1,1,1,Low value / lost,Churned
C00488,Delhi,North,1,1789.83,1013.09,2024-04-05,2024-04-05,635,1.0,0,1,1,1,1,Low value / lost,Churned
C07588,Tamil Nadu,South,3,1790.1,-212.82,2024-03-22,2024-07-30,519,4.8,0,4,1,2,1,Low value / lost,Churned
C06729,Maharashtra,West,2,1790.74,672.61,2025-09-16,2025-10-02,90,2.5,0,2,3,2,1,Low value / lost,Active
C02350,Maharashtra,West,1,1797.77,179.15,2024-07-23,2024-07-23,526,3.0,0,3,1,1,1,Low value / lost,Churned
C09176,Karnataka,South,2,1798.68,523.33,2025-05-27,2025-07-26,158,2.7,0,3,2,2,1,Low value / lost,Churned
C02262,Delhi,North,1,1801.2,439.54,2025-08-08,2025-08-08,145,3.0,1,1,2,1,1,Low value / lost,Churned
C10801,Bihar,East,2,1803.12,192.36,2024-02-03,2024-02-16,684,8.0,0,2,1,2,1,Low value / lost,Churned
C05627,Uttar Pradesh,North,1,1804.81,608.22,2025-03-27,2025-03-27,279,4.0,1,2,1,1,1,Low value / lost,Churned
C04172,Karnataka,South,1,1809.2,90.72,2024-03-25,2024-03-25,646,3.0,0,2,1,1,1,Low value / lost,Churned
C07522,Rajasthan,North,2,1810.55,837.28,2025-05-24,2025-10-31,61,5.0,0,2,3,2,1,Low value / lost,Active
C10627,Maharashtra,West,2,1811.89,54.97,2024-08-17,2024-09-03,484,2.0,0,2,1,2,1,Low value / lost,Churned
C08664,Maharashtra,West,1,1815.52,169.51,2024-07-18,2024-07-18,531,4.0,0,2,1,1,1,Low value / lost,Churned
C06239,Uttar Pradesh,North,1,1816.58,452.78,2025-05-14,2025-05-14,231,3.0,0,2,2,1,1,Low value / lost,Churned
C10512,Uttar Pradesh,North,1,1817.58,925.17,2024-09-21,2024-09-21,466,5.0,1,1,1,1,1,Low value / lost,Churned
C10034,West Bengal,East,1,1817.96,283.36,2025-04-25,2025-04-25,250,5.0,0,1,2,1,1,Low value / lost,Churned
C04447,Maharashtra,West,3,1819.74,-52.57,2024-12-09,2025-06-01,213,3.3,0,3,2,2,1,Low value / lost,Churned
C07573,Telangana,South,1,1822.38,187.31,2024-10-17,2024-10-17,440,2.0,0,2,1,1,1,Low value / lost,Churned
C04494,Delhi,North,1,1827.82,1018.51,2024-10-01,2024-10-01,456,3.0,0,1,1,1,1,Low value / lost,Churned
C10141,West Bengal,East,2,1827.97,238.66,2025-01-24,2025-03-23,283,5.3,0,3,1,2,1,Low value / lost,Churned
C06309,Tamil Nadu,South,1,1832.63,838.38,2025-07-15,2025-07-15,169,5.0,0,2,2,1,1,Low value / lost,Churned
C05622,Delhi,North,1,1832.81,451.35,2025-02-22,2025-02-22,312,2.0,0,1,1,1,1,Low value / lost,Churned
C03517,Delhi,North,1,1834.15,252.57,2025-05-30,2025-05-30,215,1.0,0,1,2,1,1,Low value / lost,Churned
C03829,Rajasthan,North,1,1841.17,9.96,2025-12-06,2025-12-06,25,4.0,0,2,4,1,1,New / promising,Active
C09742,Karnataka,South,2,1841.34,272.37,2025-06-03,2025-07-11,173,3.3,1,3,2,2,1,Low value / lost,Churned
C10423,Delhi,North,1,1843.45,877.31,2024-11-12,2024-11-12,414,4.0,1,1,1,1,1,Low value / lost,Churned
C02991,Maharashtra,West,1,1846.8,69.63,2025-08-19,2025-08-19,134,2.0,0,1,2,1,1,Low value / lost,Churned
C04445,Telangana,South,3,1850.85,79.98,2024-03-17,2024-08-29,489,3.7,0,3,1,2,1,Low value / lost,Churned
C02075,Rajasthan,North,1,1851.46,787.75,2024-08-22,2024-08-22,496,6.0,0,1,1,1,1,Low value / lost,Churned
C10127,Karnataka,South,1,1851.86,832.36,2025-01-12,2025-01-12,353,4.0,0,1,1,1,1,Low value / lost,Churned
C06679,Gujarat,West,2,1855.28,36.5,2025-11-07,2025-11-30,31,3.0,0,2,4,2,1,New / promising,Active
C09104,Tamil Nadu,South,1,1855.48,265.99,2025-12-23,2025-12-23,8,3.0,0,1,5,1,1,New / promising,Active
C00970,Tamil Nadu,South,2,1857.61,626.86,2024-11-18,2024-11-18,408,3.0,1,2,1,2,1,Low value / lost,Churned
C11084,Rajasthan,North,2,1857.82,386.27,2024-11-27,2025-10-16,76,3.0,0,2,3,2,1,Low value / lost,Active
C10535,Telangana,South,1,1857.98,522.67,2025-07-27,2025-07-27,157,2.0,1,1,2,1,1,Low value / lost,Churned
C05888,Karnataka,South,2,1858.79,-73.18,2024-11-03,2025-12-03,28,2.0,0,2,4,2,1,New / promising,Active
C11525,Delhi,North,1,1859.09,384.32,2025-02-16,2025-02-16,318,2.0,0,1,1,1,1,Low value / lost,Churned
C03039,Delhi,North,2,1863.62,424.71,2025-06-20,2025-08-08,145,1.5,0,2,2,2,1,Low value / lost,Churned
C01328,Uttar Pradesh,North,1,1866.17,664.63,2024-11-15,2024-11-15,411,5.0,0,1,1,1,1,Low value / lost,Churned
C01108,Gujarat,West,1,1874.78,29.76,2025-03-04,2025-03-04,302,4.0,0,1,1,1,1,Low value / lost,Churned
C03332,West Bengal,East,1,1875.62,734.79,2025-04-04,2025-04-04,271,4.0,1,1,2,1,1,Low value / lost,Churned
C02587,Telangana,South,2,1875.83,621.31,2025-03-18,2025-11-06,55,3.0,1,2,3,2,1,Low value / lost,Active
C09582,Maharashtra,West,1,1878.1,144.83,2024-11-27,2024-11-27,399,3.0,1,1,1,1,1,Low value / lost,Churned
C03404,West Bengal,East,1,1878.42,576.85,2025-01-05,2025-01-05,360,6.0,0,1,1,1,1,Low value / lost,Churned
C10463,Maharashtra,West,3,1879.68,621.13,2025-04-29,2025-11-16,45,2.3,0,3,4,2,1,New / promising,Active
C11787,Rajasthan,North,2,1882.14,202.68,2024-11-29,2025-04-24,251,5.0,0,2,2,2,1,Low value / lost,Churned
C11160,Uttar Pradesh,North,3,1882.75,123.15,2024-10-27,2025-12-03,28,2.3,0,3,4,2,1,New / promising,Active
C01921,Karnataka,South,1,1883.2,700.12,2025-12-29,2025-12-29,2,3.0,0,1,5,1,1,New / promising,Active
C05380,Delhi,North,2,1884.43,311.32,2025-06-08,2025-12-28,3,1.5,0,2,5,2,1,New / promising,Active
C05382,Uttar Pradesh,North,1,1885.92,844.02,2025-05-07,2025-05-07,238,2.0,1,1,2,1,1,Low value / lost,Churned
C07006,Delhi,North,2,1887.81,832.6,2024-11-19,2025-01-15,350,3.0,1,2,1,2,1,Low value / lost,Churned
C01077,Delhi,North,2,1895.7,590.73,2024-08-12,2024-09-24,463,1.0,0,3,1,2,1,Low value / lost,Churned
C00188,Odisha,East,3,1896.05,-13.34,2024-06-25,2025-01-01,364,8.0,1,3,1,2,1,Low value / lost,Churned
C07302,Gujarat,West,2,1896.28,556.01,2024-11-29,2025-08-26,127,2.5,0,2,2,2,1,Low value / lost,Churned
C04436,Kerala,South,2,1896.76,140.45,2024-05-31,2025-04-12,263,4.0,0,2,2,2,1,Low value / lost,Churned
C11059,Gujarat,West,2,1898.69,737.55,2025-03-12,2025-09-12,110,3.5,0,2,2,2,1,Low value / lost,Churned
C02258,Gujarat,West,1,1901.6,673.3,2025-10-25,2025-10-25,67,2.0,0,3,3,1,1,Low value / lost,Active
C01426,Kerala,South,1,1901.94,502.48,2025-12-21,2025-12-21,10,5.0,0,1,5,1,1,New / promising,Active
C09934,West Bengal,East,3,1901.95,357.9,2024-05-17,2025-11-08,53,4.7,0,3,3,2,1,Low value / lost,Active
C03261,Tamil Nadu,South,2,1902.1,501.59,2024-05-05,2024-12-04,392,2.5,0,2,1,2,1,Low value / lost,Churned
C09843,Kerala,South,1,1907.71,512.88,2025-01-30,2025-01-30,335,5.0,1,1,1,1,1,Low value / lost,Churned
C05429,Kerala,South,1,1914.31,613.87,2025-12-26,2025-12-26,5,3.0,0,3,5,1,1,New / promising,Active
C05414,Karnataka,South,2,1916.36,889.14,2025-03-18,2025-07-15,169,1.5,0,2,2,2,1,Low value / lost,Churned
C07210,Maharashtra,West,3,1918.07,162.23,2025-02-25,2025-07-26,158,2.7,0,3,2,2,1,Low value / lost,Churned
C01908,Telangana,South,2,1922.16,543.5,2025-07-18,2025-12-29,2,2.5,0,2,5,2,1,New / promising,Active
C08955,Delhi,North,1,1923.43,520.89,2025-12-29,2025-12-29,2,1.0,0,1,5,1,1,New / promising,Active
C08227,West Bengal,East,2,1924.72,-48.9,2024-07-10,2024-08-04,514,4.7,0,3,1,2,1,Low value / lost,Churned
C07081,Telangana,South,3,1927.39,315.19,2024-12-14,2025-11-13,48,2.3,0,3,3,2,1,Low value / lost,Active
C02034,West Bengal,East,1,1928.5,479.38,2025-01-16,2025-01-16,349,7.0,0,1,1,1,1,Low value / lost,Churned
C10448,Maharashtra,West,1,1929.08,215.91,2025-12-17,2025-12-17,14,2.0,1,1,5,1,1,New / promising,Active
C02422,Kerala,South,1,1929.08,202.8,2025-10-19,2025-10-19,73,3.0,1,1,3,1,1,Low value / lost,Active
C02924,Madhya Pradesh,Central,1,1929.71,657.35,2024-12-07,2024-12-07,389,2.0,0,1,1,1,1,Low value / lost,Churned
C02082,Tamil Nadu,South,2,1929.9,859.52,2024-12-27,2025-04-01,274,3.0,0,2,2,2,1,Low value / lost,Churned
C06655,Odisha,East,2,1932.35,371.42,2025-01-03,2025-03-08,298,5.0,1,2,1,2,1,Low value / lost,Churned
C08723,Telangana,South,1,1938.78,1144.09,2025-10-22,2025-10-22,70,2.0,0,1,3,1,1,Low value / lost,Active
C10893,Bihar,East,3,1943.36,244.99,2025-05-06,2025-10-12,80,6.7,0,3,3,2,1,Low value / lost,Active
C01114,Telangana,South,1,1946.7,904.68,2025-12-16,2025-12-16,15,2.0,1,1,5,1,1,New / promising,Active
C04898,Gujarat,West,1,1947.73,1.62,2024-07-27,2024-07-27,522,3.0,1,1,1,1,1,Low value / lost,Churned
C11702,Gujarat,West,2,1948.62,343.73,2024-11-20,2025-05-20,225,2.5,0,2,2,2,1,Low value / lost,Churned
C05579,Telangana,South,2,1949.48,304.27,2025-08-23,2025-12-27,4,3.5,0,2,5,2,1,New / promising,Active
C06960,Karnataka,South,2,1953.6,370.38,2024-11-04,2024-11-15,411,2.8,0,4,1,2,1,Low value / lost,Churned
C03228,Delhi,North,3,1958.73,478.67,2024-10-03,2025-11-12,49,3.3,1,3,3,2,1,Low value / lost,Active
C01847,Karnataka,South,2,1960.98,672.44,2025-05-18,2025-12-19,12,2.0,0,2,5,2,1,New / promising,Active
C08181,Uttar Pradesh,North,1,1963.6,372.31,2024-11-07,2024-11-07,419,4.0,0,1,1,1,1,Low value / lost,Churned
C07043,Bihar,East,1,1963.63,429.81,2025-06-28,2025-06-28,186,6.0,0,2,2,1,1,Low value / lost,Churned
C03606,West Bengal,East,1,1969.84,743.99,2025-09-01,2025-09-01,121,7.0,0,1,2,1,1,Low value / lost,Churned
C00643,West Bengal,East,1,1975.44,-15.43,2025-11-04,2025-11-04,57,6.0,0,2,3,1,1,Low value / lost,Active
C01363,Bihar,East,2,1982.35,594.51,2025-08-28,2025-11-26,35,6.5,0,2,4,2,1,New / promising,Active
C04799,Delhi,North,1,1986.16,532.13,2025-12-20,2025-12-20,11,4.0,0,1,5,1,1,New / promising,Active
C02674,Bihar,East,2,1991.2,-374.79,2025-01-06,2025-06-02,212,7.3,1,3,2,2,1,Low value / lost,Churned
C01088,Karnataka,South,1,1991.84,243.81,2024-11-30,2024-11-30,396,1.0,1,1,1,1,1,Low value / lost,Churned
C11012,Madhya Pradesh,Central,2,1994.11,621.23,2025-01-04,2025-11-21,40,3.0,1,2,4,2,1,New / promising,Active
C00035,Bihar,East,1,1995.57,235.73,2024-07-24,2024-07-24,525,7.0,0,1,1,1,1,Low value / lost,Churned
C03654,Gujarat,West,2,1999.93,386.23,2025-08-24,2025-10-25,67,2.3,0,3,3,2,1,Low value / lost,Active
C08967,Tamil Nadu,South,2,2001.34,314.48,2024-04-13,2024-04-25,615,2.5,0,2,1,2,1,Low value / lost,Churned
C05963,Karnataka,South,2,2002.72,82.01,2024-10-29,2025-12-09,22,2.0,0,2,4,2,1,New / promising,Active
C01351,Maharashtra,West,2,2008.53,281.49,2024-09-02,2025-10-06,86,2.0,0,2,3,2,1,Low value / lost,Active
C10228,Maharashtra,West,1,2011.04,230.41,2025-07-11,2025-07-11,173,4.0,1,1,2,1,1,Low value / lost,Churned
C00600,Rajasthan,North,1,2012.31,812.92,2024-11-19,2024-11-19,407,3.0,0,1,1,1,1,Low value / lost,Churned
C08583,Tamil Nadu,South,1,2014.87,392.36,2025-03-24,2025-03-24,282,2.0,1,2,1,1,1,Low value / lost,Churned
C00550,West Bengal,East,1,2020.82,609.61,2024-04-02,2024-04-02,638,6.0,1,1,1,1,1,Low value / lost,Churned
C07525,Kerala,South,1,2022.26,648.22,2025-12-29,2025-12-29,2,1.0,0,1,5,1,1,New / promising,Active
C07197,Kerala,South,1,2025.72,775.15,2025-05-05,2025-05-05,240,5.0,0,1,2,1,1,Low value / lost,Churned
C02243,Maharashtra,West,2,2032.43,749.25,2025-11-15,2025-12-06,25,2.5,0,2,4,2,1,New / promising,Active
C01233,Delhi,North,2,2032.58,602.68,2025-08-10,2025-12-18,13,2.3,0,3,5,2,1,New / promising,Active
C01525,Maharashtra,West,1,2040.91,732.85,2024-12-31,2024-12-31,365,1.0,0,2,1,1,1,Low value / lost,Churned
C10082,Delhi,North,2,2041.45,892.36,2025-06-12,2025-12-28,3,1.0,2,2,5,2,1,New / promising,Active
C01545,Tamil Nadu,South,1,2045.69,253.19,2025-07-21,2025-07-21,163,1.0,1,1,2,1,1,Low value / lost,Churned
C09617,Delhi,North,2,2046.0,399.27,2025-03-22,2025-04-08,267,2.5,0,2,2,2,1,Low value / lost,Churned
C11126,Tamil Nadu,South,2,2047.18,245.66,2025-08-29,2025-10-28,64,3.5,1,2,3,2,1,Low value / lost,Active
C06665,Telangana,South,1,2048.44,648.26,2025-07-13,2025-07-13,171,4.0,0,1,2,1,1,Low value / lost,Churned
C07916,Rajasthan,North,1,2049.1,739.51,2025-04-23,2025-04-23,252,5.0,1,1,2,1,1,Low value / lost,Churned
C06282,Maharashtra,West,1,2051.35,645.0,2024-08-05,2024-08-05,513,1.0,1,2,1,1,1,Low value / lost,Churned
C04936,Karnataka,South,2,2057.0,602.54,2025-08-11,2025-12-30,1,2.5,1,2,5,2,1,New / promising,Active
C02618,West Bengal,East,1,2058.52,679.5,2024-11-23,2024-11-23,403,5.0,0,1,1,1,1,Low value / lost,Churned
C08156,Gujarat,West,2,2060.85,837.41,2025-04-30,2025-11-10,51,3.0,0,2,3,2,1,Low value / lost,Active
C08108,Karnataka,South,3,2068.47,755.48,2025-01-30,2025-11-20,41,3.7,0,3,4,2,1,New / promising,Active
C02880,Telangana,South,1,2072.29,324.77,2025-12-04,2025-12-04,27,3.0,0,1,4,1,1,New / promising,Active
C08312,West Bengal,East,1,2072.29,287.05,2025-09-19,2025-09-19,103,5.0,0,1,3,1,1,Low value / lost,Churned
C03964,Karnataka,South,1,2072.5,575.56,2024-08-23,2024-08-23,495,3.0,0,1,1,1,1,Low value / lost,Churned
C06371,Maharashtra,West,2,2072.65,758.29,2024-01-15,2024-02-28,672,1.7,1,3,1,2,1,Low value / lost,Churned
C00297,Rajasthan,North,1,2074.68,111.09,2025-11-21,2025-11-21,40,3.0,1,1,4,1,1,New / promising,Active
C11803,Maharashtra,West,3,2081.89,74.68,2025-03-12,2025-12-13,18,3.0,0,3,5,2,1,New / promising,Active
C07626,Gujarat,West,1,2082.91,831.02,2025-12-19,2025-12-19,12,3.0,1,1,5,1,1,New / promising,Active
C10803,Karnataka,South,1,2092.96,1102.19,2025-06-18,2025-06-18,196,4.0,0,1,2,1,1,Low value / lost,Churned
C08536,Delhi,North,2,2098.31,109.39,2025-05-02,2025-12-12,19,3.5,1,2,4,2,1,New / promising,Active
C01825,Rajasthan,North,1,2098.69,205.26,2024-10-12,2024-10-12,445,3.0,1,3,1,1,1,Low value / lost,Churned
C06119,Maharashtra,West,3,2100.82,551.05,2024-10-08,2025-11-09,52,1.6,1,5,3,2,1,Low value / lost,Active
C08816,Telangana,South,2,2101.83,262.04,2025-06-21,2025-08-02,151,2.0,0,2,2,2,1,Low value / lost,Churned
C05937,Rajasthan,North,1,2108.55,175.23,2025-02-04,2025-02-04,330,3.0,1,2,1,1,1,Low value / lost,Churned
C09624,West Bengal,East,1,2109.6,718.11,2024-06-05,2024-06-05,574,6.0,0,1,1,1,1,Low value / lost,Churned
C05468,Madhya Pradesh,Central,2,2111.07,314.05,2025-08-31,2025-09-28,94,4.5,0,2,3,2,1,Low value / lost,Churned
C01915,Delhi,North,1,2116.0,699.61,2025-06-10,2025-06-10,204,1.0,0,2,2,1,1,Low value / lost,Churned
C02734,Delhi,North,1,2119.39,492.02,2024-10-25,2024-10-25,432,4.0,0,1,1,1,1,Low value / lost,Churned
C11920,Karnataka,South,1,2121.63,1069.35,2025-11-29,2025-11-29,32,2.0,1,1,4,1,1,New / promising,Active
C04456,Tamil Nadu,South,2,2122.42,707.4,2025-08-01,2025-11-28,33,3.7,0,3,4,2,1,New / promising,Active
C07341,Gujarat,West,2,2130.7,205.66,2024-04-18,2024-08-15,503,3.7,0,3,1,2,1,Low value / lost,Churned
C05051,Delhi,North,2,2131.17,641.68,2024-03-28,2024-11-02,424,3.0,0,2,1,2,1,Low value / lost,Churned
C08970,Uttar Pradesh,North,1,2132.88,551.51,2025-05-08,2025-05-08,237,4.0,0,2,2,1,1,Low value / lost,Churned
C06556,Maharashtra,West,2,2133.17,97.89,2025-03-09,2025-06-01,213,3.5,0,2,2,2,1,Low value / lost,Churned
C02736,Karnataka,South,2,2135.9,547.26,2025-09-14,2025-11-27,34,3.5,0,2,4,2,1,New / promising,Active
C09059,Delhi,North,1,2138.19,330.19,2025-11-14,2025-11-14,47,4.0,1,1,3,1,1,Low value / lost,Active
C10701,Telangana,South,1,2140.12,759.65,2025-12-10,2025-12-10,21,3.0,0,2,4,1,1,New / promising,Active
C08858,Gujarat,West,2,2143.03,227.3,2024-10-14,2025-07-27,157,2.5,0,2,2,2,1,Low value / lost,Churned
C02287,Gujarat,West,1,2143.23,595.0,2025-12-10,2025-12-10,21,4.0,0,1,4,1,1,New / promising,Active
C09741,Maharashtra,West,1,2143.23,619.57,2025-10-27,2025-10-27,65,2.0,0,1,3,1,1,Low value / lost,Active
C11449,West Bengal,East,2,2145.91,541.46,2025-11-19,2025-12-12,19,5.0,0,2,4,2,1,New / promising,Active
C04598,Rajasthan,North,1,2146.37,895.98,2024-06-19,2024-06-19,560,3.0,0,2,1,1,1,Low value / lost,Churned
C11792,Delhi,North,1,2149.24,292.67,2024-11-01,2024-11-01,425,4.0,1,2,1,1,1,Low value / lost,Churned
C10050,Telangana,South,1,2153.7,1167.75,2025-01-27,2025-01-27,338,1.0,0,1,1,1,1,Low value / lost,Churned
C07976,Bihar,East,1,2153.8,678.79,2024-08-16,2024-08-16,502,5.0,0,1,1,1,1,Low value / lost,Churned
C04960,Odisha,East,1,2156.25,726.06,2025-11-14,2025-11-14,47,6.0,0,1,4,1,1,New / promising,Active
C04893,Telangana,South,2,2157.97,63.3,2024-10-09,2024-11-08,418,1.0,0,2,1,2,1,Low value / lost,Churned
C05959,West Bengal,East,1,2159.9,770.72,2024-04-22,2024-04-22,618,5.0,0,1,1,1,1,Low value / lost,Churned
C01831,Maharashtra,West,1,2161.83,408.22,2024-09-28,2024-09-28,459,2.0,0,3,1,1,1,Low value / lost,Churned
C10894,Maharashtra,West,1,2163.63,1265.99,2024-10-01,2024-10-01,456,3.0,0,1,1,1,1,Low value / lost,Churned
C11562,Maharashtra,West,1,2163.86,746.72,2025-07-12,2025-07-12,172,2.0,0,1,2,1,1,Low value / lost,Churned
C01447,Gujarat,West,1,2165.46,-73.5,2025-12-05,2025-12-05,26,3.0,0,1,4,1,1,New / promising,Active
C04990,Assam,Northeast,1,2169.56,25.37,2025-07-21,2025-07-21,163,8.0,1,1,2,1,1,Low value / lost,Churned
C02514,West Bengal,East,2,2171.69,-26.11,2024-10-30,2024-11-28,398,5.0,0,3,1,2,1,Low value / lost,Churned
C10765,Maharashtra,West,1,2180.81,1022.84,2025-09-12,2025-09-12,110,2.0,0,2,2,1,1,Low value / lost,Churned
C09538,Uttar Pradesh,North,2,2182.01,718.49,2024-12-26,2025-10-21,71,5.0,0,2,3,2,1,Low value / lost,Active
C09699,Uttar Pradesh,North,2,2185.8,-230.22,2025-05-16,2025-07-05,179,3.3,1,3,2,2,1,Low value / lost,Churned
C08160,Tamil Nadu,South,2,2186.54,703.55,2024-06-27,2024-08-28,490,2.5,0,2,1,2,1,Low value / lost,Churned
C07148,West Bengal,East,1,2188.1,1140.87,2025-11-26,2025-11-26,35,6.0,0,1,4,1,1,New / promising,Active
C10206,Rajasthan,North,1,2192.42,282.08,2025-10-28,2025-10-28,64,3.0,1,1,3,1,1,Low value / lost,Active
C08152,Delhi,North,1,2193.03,743.25,2025-08-24,2025-08-24,129,1.0,0,1,2,1,1,Low value / lost,Churned
C00223,Karnataka,South,2,2194.55,193.86,2024-08-04,2025-04-10,265,2.5,0,2,2,2,1,Low value / lost,Churned
C01362,Telangana,South,1,2194.72,139.32,2025-08-01,2025-08-01,152,2.0,0,1,2,1,1,Low value / lost,Churned
C00671,Rajasthan,North,3,2196.0,176.4,2025-04-21,2025-10-25,67,4.0,0,4,3,2,1,Low value / lost,Active
C08381,Telangana,South,3,2199.15,390.9,2025-08-28,2025-12-13,18,2.7,0,3,4,2,1,New / promising,Active
C08779,Rajasthan,North,1,2205.54,389.77,2025-04-11,2025-04-11,264,3.0,0,3,2,1,1,Low value / lost,Churned
C05373,Delhi,North,3,2208.73,1025.54,2024-11-03,2025-11-25,36,2.7,0,3,4,2,1,New / promising,Active
C11049,Madhya Pradesh,Central,1,2210.24,244.04,2025-07-29,2025-07-29,155,4.0,0,2,2,1,1,Low value / lost,Churned
C00843,Maharashtra,West,2,2217.7,664.88,2024-06-18,2024-09-24,463,2.0,0,2,1,2,1,Low value / lost,Churned
C02842,Bihar,East,1,2223.12,402.77,2025-12-05,2025-12-05,26,4.0,1,2,4,1,1,New / promising,Active
C03000,Rajasthan,North,1,2224.03,621.35,2025-12-17,2025-12-17,14,4.0,0,2,5,1,1,New / promising,Active
C03502,Delhi,North,2,2226.82,147.57,2024-05-25,2025-03-11,295,2.5,1,2,1,2,1,Low value / lost,Churned
C10924,Telangana,South,3,2229.4,-30.4,2024-12-03,2025-08-20,133,2.0,0,4,2,2,1,Low value / lost,Churned
C09015,Telangana,South,1,2231.87,649.28,2025-05-14,2025-05-14,231,1.0,1,3,2,1,1,Low value / lost,Churned
C00269,Tamil Nadu,South,1,2238.42,523.72,2025-11-16,2025-11-16,45,4.0,0,2,4,1,1,New / promising,Active
C02518,West Bengal,East,1,2240.16,1142.35,2025-10-05,2025-10-05,87,8.0,0,1,3,1,1,Low value / lost,Active
C02212,Uttar Pradesh,North,1,2244.36,891.98,2025-07-15,2025-07-15,169,2.0,0,1,2,1,1,Low value / lost,Churned
C11618,Delhi,North,3,2246.23,366.13,2025-06-15,2025-12-02,29,3.5,0,4,4,2,1,New / promising,Active
C00475,Maharashtra,West,2,2247.36,327.76,2025-02-08,2025-11-23,38,4.5,1,2,4,2,1,New / promising,Active
C00442,Odisha,East,2,2251.37,-259.93,2025-02-18,2025-12-06,25,6.5,0,2,4,2,1,New / promising,Active
C02659,Uttar Pradesh,North,1,2255.76,872.7,2024-12-07,2024-12-07,389,3.0,0,2,1,1,1,Low value / lost,Churned
C04973,Bihar,East,1,2257.48,35.65,2024-10-16,2024-10-16,441,7.0,0,2,1,1,1,Low value / lost,Churned
C02456,Uttar Pradesh,North,1,2258.56,883.12,2025-10-15,2025-10-15,77,4.0,0,1,3,1,1,Low value / lost,Active
C07700,Uttar Pradesh,North,2,2261.19,558.33,2025-02-22,2025-08-28,125,2.7,1,3,2,2,1,Low value / lost,Churned
C08882,Maharashtra,West,2,2262.73,492.41,2024-02-26,2024-10-16,441,3.0,0,2,1,2,1,Low value / lost,Churned
C04500,Kerala,South,1,2264.14,592.67,2024-06-04,2024-06-04,575,3.0,0,1,1,1,1,Low value / lost,Churned
C08058,Tamil Nadu,South,3,2265.89,501.45,2025-06-04,2025-12-21,10,4.7,1,3,5,2,1,New / promising,Active
C01216,Karnataka,South,1,2268.57,570.12,2024-10-05,2024-10-05,452,2.0,0,1,1,1,1,Low value / lost,Churned
C06990,West Bengal,East,2,2269.46,338.47,2024-11-19,2025-07-29,155,4.8,1,4,2,2,1,Low value / lost,Churned
C01703,Rajasthan,North,1,2271.24,1183.93,2025-05-03,2025-05-03,242,5.0,0,1,2,1,1,Low value / lost,Churned
C09833,Kerala,South,2,2273.27,563.47,2024-05-16,2024-05-30,580,4.0,0,2,1,2,1,Low value / lost,Churned
C03741,Gujarat,West,2,2279.89,1185.22,2024-03-17,2024-05-08,602,2.5,0,2,1,2,1,Low value / lost,Churned
C06173,Maharashtra,West,1,2280.66,578.83,2025-11-13,2025-11-13,48,2.0,1,1,3,1,1,Low value / lost,Active
C08270,Kerala,South,1,2284.08,846.92,2024-09-23,2024-09-23,464,4.0,0,1,1,1,1,Low value / lost,Churned
C07378,West Bengal,East,1,2284.08,823.83,2025-06-13,2025-06-13,201,5.0,1,1,2,1,1,Low value / lost,Churned
C10731,Uttar Pradesh,North,2,2284.9,613.28,2024-09-15,2025-10-27,65,2.5,0,2,3,2,1,Low value / lost,Active
C09320,Maharashtra,West,1,2289.84,503.98,2025-11-12,2025-11-12,49,1.0,0,1,3,1,1,Low value / lost,Active
C09398,Karnataka,South,1,2291.3,657.49,2024-06-21,2024-06-21,558,2.0,0,1,1,1,1,Low value / lost,Churned
C11553,Tamil Nadu,South,3,2292.25,-215.1,2024-05-19,2025-04-24,251,3.7,0,3,2,2,1,Low value / lost,Churned
C10908,Maharashtra,West,2,2296.33,581.71,2024-04-03,2024-05-11,599,3.0,1,2,1,2,1,Low value / lost,Churned
C02686,Maharashtra,West,2,2297.99,481.94,2025-07-28,2025-10-01,91,2.5,0,2,3,2,1,Low value / lost,Churned
C02876,Uttar Pradesh,North,1,2300.07,1146.01,2024-05-16,2024-05-16,594,2.0,0,3,1,1,1,Low value / lost,Churned
C09801,Maharashtra,West,2,2302.67,801.14,2025-09-25,2025-12-18,13,1.3,0,3,5,2,1,New / promising,Active
C07870,Delhi,North,2,2306.1,918.56,2025-02-19,2025-12-16,15,1.7,0,3,5,2,1,New / promising,Active
C01641,Maharashtra,West,1,2306.22,1034.52,2025-05-25,2025-05-25,220,3.0,0,1,2,1,1,Low value / lost,Churned
C01524,Rajasthan,North,1,2307.14,38.2,2025-04-07,2025-04-07,268,7.0,0,2,2,1,1,Low value / lost,Churned
C07766,Maharashtra,West,1,2308.52,558.98,2025-11-14,2025-11-14,47,2.0,1,1,3,1,1,Low value / lost,Active
C02733,Delhi,North,3,2312.3,499.64,2025-04-28,2025-10-19,73,1.3,1,3,3,2,1,Low value / lost,Active
C02415,Karnataka,South,3,2317.56,402.85,2024-08-15,2025-04-18,257,3.0,0,4,2,2,1,Low value / lost,Churned
C03735,Odisha,East,1,2320.78,68.44,2025-06-12,2025-06-12,202,6.0,1,1,2,1,1,Low value / lost,Churned
C09386,Rajasthan,North,2,2320.8,399.57,2024-08-13,2024-09-06,481,3.0,1,2,1,2,1,Low value / lost,Churned
C10826,Uttar Pradesh,North,2,2322.88,334.44,2025-11-06,2025-11-25,36,3.7,0,3,4,2,1,New / promising,Active
C04261,Maharashtra,West,1,2328.38,592.45,2025-10-27,2025-10-27,65,3.0,0,1,3,1,1,Low value / lost,Active
C05757,Gujarat,West,1,2337.83,174.24,2024-12-27,2024-12-27,369,4.0,0,1,1,1,1,Low value / lost,Churned
C08130,Uttar Pradesh,North,2,2341.41,218.56,2024-11-06,2025-12-27,4,4.5,1,2,5,2,1,New / promising,Active
C02245,Maharashtra,West,1,2342.35,501.43,2025-02-12,2025-02-12,322,2.0,0,2,1,1,1,Low value / lost,Churned
C06953,Tamil Nadu,South,1,2342.46,629.35,2025-07-07,2025-07-07,177,2.0,0,1,2,1,1,Low value / lost,Churned
C07510,Gujarat,West,3,2343.64,818.1,2024-12-25,2025-11-17,44,3.0,0,3,4,2,1,New / promising,Active
C02400,Rajasthan,North,1,2346.52,13.35,2025-10-26,2025-10-26,66,1.0,1,2,3,1,1,Low value / lost,Active
C07328,Bihar,East,2,2346.55,496.78,2024-06-01,2024-09-18,469,6.5,0,4,1,2,1,Low value / lost,Churned
C06370,Madhya Pradesh,Central,1,2349.69,170.46,2024-12-13,2024-12-13,383,4.0,0,2,1,1,1,Low value / lost,Churned
C07320,Uttar Pradesh,North,1,2350.74,833.96,2025-04-11,2025-04-11,264,1.0,0,1,2,1,1,Low value / lost,Churned
C01462,Telangana,South,1,2352.3,662.78,2025-12-17,2025-12-17,14,4.0,0,1,5,1,1,New / promising,Active
C06046,Assam,Northeast,2,2355.86,538.98,2024-10-29,2024-12-02,394,8.7,0,3,1,2,1,Low value / lost,Churned
C01949,Tamil Nadu,South,1,2364.68,604.61,2025-03-16,2025-03-16,290,4.0,1,1,1,1,1,Low value / lost,Churned
C09648,Rajasthan,North,1,2366.35,1091.51,2025-08-08,2025-08-08,145,3.0,0,1,2,1,1,Low value / lost,Churned
C10596,Bihar,East,1,2367.58,114.92,2025-07-05,2025-07-05,179,6.0,0,1,2,1,1,Low value / lost,Churned
C07778,West Bengal,East,1,2371.89,791.34,2025-12-23,2025-12-23,8,5.0,0,1,5,1,1,New / promising,Active
C10006,Delhi,North,2,2374.64,793.19,2025-08-31,2025-10-24,68,1.7,0,3,3,2,1,Low value / lost,Active
C07333,Delhi,North,3,2376.13,276.25,2024-10-19,2025-05-16,229,1.0,0,3,2,2,1,Low value / lost,Churned
C01731,Tamil Nadu,South,3,2378.75,631.29,2024-06-12,2024-12-01,395,3.0,0,3,1,2,1,Low value / lost,Churned
C10858,Tamil Nadu,South,1,2380.68,-65.43,2025-04-30,2025-04-30,245,2.0,0,2,2,1,1,Low value / lost,Churned
C01109,Uttar Pradesh,North,2,2382.08,713.8,2024-11-11,2025-05-26,219,3.5,0,2,2,2,1,Low value / lost,Churned
C11874,Delhi,North,2,2382.65,711.3,2025-07-15,2025-10-15,77,2.5,0,2,3,2,1,Low value / lost,Active
C05601,Karnataka,South,2,2387.93,482.8,2024-02-11,2024-11-29,397,2.0,0,2,1,2,1,Low value / lost,Churned
C02341,Kerala,South,4,2391.01,-389.71,2024-01-27,2025-01-01,364,3.8,1,5,1,3,1,At risk,Churned
C07060,Karnataka,South,1,2391.86,531.74,2025-03-16,2025-03-16,290,1.0,0,2,1,1,1,Low value / lost,Churned
C06270,Delhi,North,2,2394.79,1021.04,2024-09-09,2025-02-17,317,1.0,0,2,1,2,1,Low value / lost,Churned
C09712,Uttar Pradesh,North,1,2397.28,664.19,2025-12-07,2025-12-07,24,3.0,0,1,4,1,1,New / promising,Active
C00511,Rajasthan,North,1,2397.42,1397.14,2025-05-23,2025-05-23,222,1.0,0,1,2,1,1,Low value / lost,Churned
C09123,West Bengal,East,1,2407.32,497.34,2025-08-02,2025-08-02,151,5.0,0,2,2,1,1,Low value / lost,Churned
C10797,Odisha,East,2,2407.7,812.77,2024-10-16,2024-11-01,425,5.0,0,2,1,2,1,Low value / lost,Churned
C01654,Maharashtra,West,1,2415.11,1157.53,2025-04-17,2025-04-17,258,2.0,0,1,2,1,1,Low value / lost,Churned
C08367,Uttar Pradesh,North,1,2415.87,901.78,2025-01-30,2025-01-30,335,4.0,0,1,1,1,1,Low value / lost,Churned
C11830,Gujarat,West,1,2415.87,946.26,2025-02-11,2025-02-11,323,1.0,0,1,1,1,1,Low value / lost,Churned
C10143,Tamil Nadu,South,1,2418.75,776.53,2025-10-03,2025-10-03,89,4.0,0,1,3,1,1,Low value / lost,Active
C07844,Rajasthan,North,1,2422.16,779.29,2025-12-10,2025-12-10,21,5.0,1,1,4,1,1,New / promising,Active
C09138,Gujarat,West,1,2423.2,726.73,2025-05-02,2025-05-02,243,2.0,0,1,2,1,1,Low value / lost,Churned
C02692,Rajasthan,North,4,2424.78,638.42,2025-06-29,2025-11-08,53,4.3,0,4,3,3,1,Loyal,Active
C02776,Gujarat,West,1,2432.95,469.5,2025-05-12,2025-05-12,233,2.0,0,2,2,1,1,Low value / lost,Churned
C01212,Kerala,South,3,2434.82,963.0,2025-04-09,2025-11-21,40,3.7,0,3,4,2,1,New / promising,Active
C09026,Delhi,North,1,2437.02,347.31,2024-11-14,2024-11-14,412,1.0,0,2,1,1,1,Low value / lost,Churned
C05030,Rajasthan,North,2,2444.85,380.31,2025-04-05,2025-11-15,46,2.8,1,4,4,2,1,New / promising,Active
C05669,Karnataka,South,1,2450.93,731.05,2025-04-20,2025-04-20,255,2.0,1,2,2,1,1,Low value / lost,Churned
C01756,Gujarat,West,1,2452.5,439.55,2024-11-29,2024-11-29,397,2.0,0,1,1,1,1,Low value / lost,Churned
C10885,Assam,Northeast,2,2460.81,311.94,2024-05-09,2024-05-31,579,8.0,0,2,1,2,1,Low value / lost,Churned
C00126,Rajasthan,North,1,2463.17,730.23,2025-05-29,2025-05-29,216,5.0,0,2,2,1,1,Low value / lost,Churned
C03948,Bihar,East,3,2463.5,436.07,2025-06-24,2025-11-17,44,4.7,1,3,4,2,1,New / promising,Active
C07602,Madhya Pradesh,Central,1,2465.34,738.27,2024-11-03,2024-11-03,423,2.0,0,1,1,1,1,Low value / lost,Churned
C00574,Tamil Nadu,South,1,2466.11,736.79,2025-10-22,2025-10-22,70,3.0,0,1,3,1,1,Low value / lost,Active
C08554,Maharashtra,West,2,2471.8,685.59,2025-07-06,2025-12-21,10,3.0,0,2,5,2,1,New / promising,Active
C04354,Maharashtra,West,1,2472.21,1315.76,2024-08-18,2024-08-18,500,3.0,0,1,1,1,1,Low value / lost,Churned
C03241,Bihar,East,2,2472.49,1061.15,2024-11-10,2025-02-20,314,5.3,0,3,1,2,1,Low value / lost,Churned
C07296,Maharashtra,West,2,2479.72,436.19,2024-08-25,2025-05-15,230,2.5,0,2,2,2,1,Low value / lost,Churned
C00384,Rajasthan,North,1,2480.25,745.17,2025-05-31,2025-05-31,214,5.0,1,1,2,1,1,Low value / lost,Churned
C10455,Delhi,North,2,2484.01,465.8,2025-11-09,2025-12-29,2,1.3,0,3,5,2,1,New / promising,Active
C03640,Bihar,East,1,2485.26,327.3,2024-10-12,2024-10-12,445,7.0,0,3,1,1,1,Low value / lost,Churned
C06302,Telangana,South,2,2485.28,-167.24,2024-08-12,2024-11-10,416,1.5,1,2,1,2,1,Low value / lost,Churned
C09134,Delhi,North,2,2486.66,782.14,2025-08-06,2025-10-24,68,2.3,0,4,3,2,1,Low value / lost,Active
C03174,Assam,Northeast,1,2488.86,347.73,2025-06-19,2025-06-19,195,7.0,0,2,2,1,1,Low value / lost,Churned
C11134,Bihar,East,3,2499.23,-312.4,2024-07-07,2025-01-25,340,5.7,0,3,1,2,1,Low value / lost,Churned
C05698,Uttar Pradesh,North,2,2501.36,796.57,2025-06-15,2025-06-21,193,4.0,0,3,2,2,1,Low value / lost,Churned
C02092,Uttar Pradesh,North,1,2505.51,808.57,2025-02-27,2025-02-27,307,4.0,1,2,1,1,1,Low value / lost,Churned
C00818,Delhi,North,2,2506.81,1110.97,2025-06-10,2025-09-28,94,3.0,0,2,3,2,1,Low value / lost,Churned
C09084,Maharashtra,West,1,2510.21,830.52,2025-11-03,2025-11-03,58,2.0,0,1,3,1,1,Low value / lost,Active
C01900,Delhi,North,1,2512.04,1187.14,2025-04-18,2025-04-18,257,4.0,0,1,2,1,1,Low value / lost,Churned
C04464,Rajasthan,North,1,2516.36,761.18,2025-08-15,2025-08-15,138,3.0,1,1,2,1,1,Low value / lost,Churned
C10560,Rajasthan,North,3,2516.67,562.07,2024-05-30,2025-10-30,62,4.7,0,3,3,2,1,Low value / lost,Active
C08867,Maharashtra,West,1,2519.59,1153.69,2025-05-09,2025-05-09,236,1.0,0,1,2,1,1,Low value / lost,Churned
C00040,Tamil Nadu,South,2,2522.97,278.46,2024-09-01,2024-09-20,467,2.5,0,2,1,2,1,Low value / lost,Churned
C07518,Maharashtra,West,1,2524.63,990.74,2025-02-09,2025-02-09,325,1.0,1,1,1,1,1,Low value / lost,Churned
C11980,Karnataka,South,1,2530.52,865.63,2024-10-08,2024-10-08,449,2.0,1,1,1,1,1,Low value / lost,Churned
C06633,Gujarat,West,3,2539.74,721.68,2024-06-12,2025-08-03,150,3.3,0,3,2,2,1,Low value / lost,Churned
C07856,Delhi,North,3,2541.73,577.69,2024-07-30,2025-08-12,141,2.3,0,3,2,2,1,Low value / lost,Churned
C08402,Tamil Nadu,South,3,2545.94,247.12,2024-05-21,2025-04-25,250,3.3,1,3,2,2,1,Low value / lost,Churned
C05841,Uttar Pradesh,North,2,2548.59,1102.99,2025-01-20,2025-03-22,284,4.0,1,2,1,2,1,Low value / lost,Churned
C06506,Gujarat,West,3,2548.65,126.03,2024-08-09,2025-01-30,335,3.0,0,4,1,2,1,Low value / lost,Churned
C09302,Karnataka,South,2,2548.7,249.02,2024-11-28,2025-04-04,271,3.5,0,2,2,2,1,Low value / lost,Churned
C02884,Karnataka,South,2,2558.82,480.82,2025-01-11,2025-04-21,254,2.5,0,2,2,2,1,Low value / lost,Churned
C04709,Maharashtra,West,1,2561.68,476.22,2025-06-21,2025-06-21,193,4.0,0,3,2,1,1,Low value / lost,Churned
C05522,Tamil Nadu,South,2,2564.22,-87.95,2025-06-09,2025-12-20,11,3.0,1,3,5,2,1,New / promising,Active
C07264,Maharashtra,West,2,2568.47,540.93,2024-04-20,2024-08-31,487,2.5,0,2,1,2,1,Low value / lost,Churned
C02859,Bihar,East,1,2573.15,-145.4,2025-02-01,2025-02-01,333,7.0,1,1,1,1,1,Low value / lost,Churned
C11879,Maharashtra,West,1,2573.15,1225.89,2025-03-07,2025-03-07,299,2.0,1,1,1,1,1,Low value / lost,Churned
C03457,Rajasthan,North,1,2573.51,437.48,2025-08-27,2025-08-27,126,5.0,0,1,2,1,1,Low value / lost,Churned
C05339,Tamil Nadu,South,1,2582.99,952.03,2024-11-20,2024-11-20,406,3.0,0,3,1,1,1,Low value / lost,Churned
C01707,Telangana,South,1,2584.2,786.76,2025-08-14,2025-08-14,139,3.0,0,2,2,1,1,Low value / lost,Churned
C08944,West Bengal,East,1,2585.67,351.62,2025-04-13,2025-04-13,262,5.0,0,1,2,1,1,Low value / lost,Churned
C06013,Tamil Nadu,South,2,2590.11,-523.78,2025-06-24,2025-12-15,16,2.5,1,2,5,2,1,New / promising,Active
C00638,Gujarat,West,1,2590.62,1082.82,2025-04-27,2025-04-27,248,4.0,0,1,2,1,1,Low value / lost,Churned
C04734,West Bengal,East,1,2591.88,-103.91,2024-11-20,2024-11-20,406,6.0,0,1,1,1,1,Low value / lost,Churned
C01518,Delhi,North,2,2593.71,452.37,2024-08-27,2025-08-29,124,2.5,0,2,2,2,1,Low value / lost,Churned
C01768,Maharashtra,West,1,2597.6,-501.14,2025-04-14,2025-04-14,261,2.0,0,1,2,1,1,Low value / lost,Churned
C03599,Gujarat,West,1,2599.75,262.08,2025-08-09,2025-08-09,144,2.0,0,2,2,1,1,Low value / lost,Churned
C04729,West Bengal,East,1,2604.11,-69.01,2024-02-19,2024-02-19,681,2.0,1,3,1,1,1,Low value / lost,Churned
C07089,Delhi,North,3,2604.74,405.91,2024-10-28,2025-04-29,246,1.7,0,3,2,2,1,Low value / lost,Churned
C05821,Telangana,South,1,2605.78,570.0,2024-09-08,2024-09-08,479,3.0,0,1,1,1,1,Low value / lost,Churned
C00745,Bihar,East,1,2605.78,537.85,2025-06-08,2025-06-08,206,6.0,0,1,2,1,1,Low value / lost,Churned
C01604,Maharashtra,West,1,2607.04,663.59,2025-12-29,2025-12-29,2,2.0,0,1,5,1,1,New / promising,Active
C04621,Tamil Nadu,South,3,2609.26,271.14,2024-12-23,2025-04-13,262,4.0,0,3,2,2,1,Low value / lost,Churned
C11815,Kerala,South,1,2615.49,1101.45,2025-01-17,2025-01-17,348,4.0,0,2,1,1,1,Low value / lost,Churned
C09593,Delhi,North,2,2618.4,536.05,2025-01-20,2025-06-21,193,3.5,0,2,2,2,1,Low value / lost,Churned
C03297,Telangana,South,1,2622.9,1327.26,2025-05-25,2025-05-25,220,2.0,0,1,2,1,1,Low value / lost,Churned
C05949,Gujarat,West,1,2629.56,962.0,2024-05-28,2024-05-28,582,3.0,0,2,1,1,1,Low value / lost,Churned
C07219,Delhi,North,1,2630.37,1452.46,2024-09-21,2024-09-21,466,1.0,0,1,1,1,1,Low value / lost,Churned
C09075,Rajasthan,North,3,2632.02,630.13,2025-06-18,2025-10-29,63,3.3,0,3,3,2,1,Low value / lost,Active
C05520,Karnataka,South,2,2636.05,530.02,2025-02-04,2025-03-12,294,3.0,1,2,1,2,1,Low value / lost,Churned
C09089,Maharashtra,West,1,2636.48,333.27,2025-11-22,2025-11-22,39,3.0,1,1,4,1,1,New / promising,Active
C02730,Karnataka,South,1,2652.2,1284.74,2024-10-21,2024-10-21,436,1.0,0,1,1,1,1,Low value / lost,Churned
C04852,Maharashtra,West,2,2657.88,433.19,2024-10-14,2025-11-21,40,1.5,0,4,4,2,1,New / promising,Active
C02144,Tamil Nadu,South,1,2662.23,747.9,2025-11-01,2025-11-01,60,3.0,1,1,3,1,1,Low value / lost,Active
C00037,Telangana,South,1,2663.7,980.11,2024-12-11,2024-12-11,385,4.0,1,1,1,1,1,Low value / lost,Churned
C08059,West Bengal,East,1,2664.38,866.37,2024-11-18,2024-11-18,408,7.0,0,1,1,1,1,Low value / lost,Churned
C03961,Bihar,East,1,2664.88,1028.42,2024-10-07,2024-10-07,450,7.0,0,1,1,1,1,Low value / lost,Churned
C03931,Delhi,North,2,2669.17,1068.62,2025-09-25,2025-12-21,10,1.5,0,2,5,2,1,New / promising,Active
C11655,Delhi,North,2,2674.36,1191.41,2024-05-11,2025-12-03,28,2.3,0,3,4,2,1,New / promising,Active
C01701,Karnataka,South,2,2675.29,395.82,2025-08-17,2025-08-17,136,2.5,0,2,2,2,1,Low value / lost,Churned
C03894,Kerala,South,1,2678.25,835.24,2024-08-09,2024-08-09,509,4.0,0,1,1,1,1,Low value / lost,Churned
C03014,Telangana,South,1,2678.25,850.42,2025-03-29,2025-03-29,277,4.0,0,1,1,1,1,Low value / lost,Churned
C00181,Maharashtra,West,1,2678.25,828.31,2025-05-24,2025-05-24,221,5.0,0,1,2,1,1,Low value / lost,Churned
C00050,Kerala,South,2,2678.38,1189.31,2025-06-12,2025-10-11,81,5.5,0,2,3,2,1,Low value / lost,Active
C01649,Telangana,South,2,2678.93,1259.93,2024-04-26,2024-10-21,436,2.7,0,3,1,2,1,Low value / lost,Churned
C07733,Uttar Pradesh,North,3,2692.27,437.28,2024-03-10,2024-05-07,603,3.0,0,4,1,2,1,Low value / lost,Churned
C04945,Gujarat,West,3,2692.85,522.71,2025-03-15,2025-12-15,16,2.3,0,3,5,2,1,New / promising,Active
C01227,Uttar Pradesh,North,1,2695.86,339.61,2024-08-06,2024-08-06,512,2.0,0,1,1,1,1,Low value / lost,Churned
C08784,Kerala,South,2,2703.33,1199.82,2025-02-05,2025-07-21,163,3.0,1,2,2,2,1,Low value / lost,Churned
C02227,Rajasthan,North,2,2705.34,143.25,2025-02-28,2025-04-22,253,3.5,0,2,2,2,1,Low value / lost,Churned
C11127,Karnataka,South,2,2705.36,874.17,2025-10-03,2025-10-22,70,3.5,0,4,3,2,1,Low value / lost,Active
C00060,Maharashtra,West,1,2705.81,487.98,2025-01-02,2025-01-02,363,3.0,0,1,1,1,1,Low value / lost,Churned
C10875,Karnataka,South,2,2712.42,957.29,2025-08-26,2025-09-19,103,1.5,1,2,3,2,1,Low value / lost,Churned
C02805,Madhya Pradesh,Central,1,2713.36,948.53,2024-03-19,2024-03-19,652,3.0,0,1,1,1,1,Low value / lost,Churned
C08761,Gujarat,West,2,2713.9,335.25,2025-09-19,2025-11-26,35,4.0,0,2,4,2,1,New / promising,Active
C02307,Karnataka,South,3,2714.68,587.38,2025-04-22,2025-11-23,38,2.7,0,3,4,2,1,New / promising,Active
C01494,Kerala,South,4,2717.41,416.11,2025-01-21,2025-06-30,184,3.8,0,5,2,3,1,At risk,Churned
C03971,Maharashtra,West,2,2718.46,806.06,2024-06-20,2025-09-08,114,2.0,0,2,2,2,1,Low value / lost,Churned
C04871,Bihar,East,1,2720.91,1014.67,2024-10-10,2024-10-10,447,7.0,0,1,1,1,1,Low value / lost,Churned
C08851,Telangana,South,2,2723.69,978.7,2025-09-17,2025-11-24,37,3.5,0,2,4,2,1,New / promising,Active
C08134,Maharashtra,West,3,2729.87,1010.76,2024-03-30,2025-02-13,321,2.7,0,3,1,2,1,Low value / lost,Churned
C04854,Karnataka,South,1,2735.55,794.21,2025-07-01,2025-07-01,183,1.0,0,2,2,1,1,Low value / lost,Churned
C10180,Bihar,East,2,2737.27,573.26,2025-06-06,2025-10-18,74,4.3,1,3,3,2,1,Low value / lost,Active
C11054,Telangana,South,1,2737.88,764.47,2025-06-02,2025-06-02,212,2.0,0,2,2,1,1,Low value / lost,Churned
C01161,Telangana,South,2,2739.38,571.89,2024-11-04,2025-01-07,358,3.5,0,2,1,2,1,Low value / lost,Churned
C08652,Maharashtra,West,2,2741.96,1488.94,2025-10-14,2025-11-30,31,3.0,1,2,4,2,1,New / promising,Active
C03106,Maharashtra,West,2,2743.35,804.79,2025-04-01,2025-11-08,53,1.0,0,2,3,2,1,Low value / lost,Active
C11692,Gujarat,West,3,2748.26,909.93,2025-02-03,2025-10-12,80,4.8,0,4,3,2,1,Low value / lost,Active
C03732,Karnataka,South,1,2748.34,266.53,2024-11-23,2024-11-23,403,4.0,2,3,1,1,1,Low value / lost,Churned
C08566,Gujarat,West,1,2754.36,944.09,2024-10-02,2024-10-02,455,5.0,0,1,1,1,1,Low value / lost,Churned
C07010,West Bengal,East,1,2754.84,1376.23,2025-03-28,2025-03-28,278,5.0,0,1,1,1,1,Low value / lost,Churned
C06527,Gujarat,West,1,2755.83,1015.15,2025-11-23,2025-11-23,38,4.0,1,1,4,1,1,New / promising,Active
C00526,Rajasthan,North,2,2769.13,1077.58,2025-10-14,2025-12-26,5,2.7,1,3,5,2,1,New / promising,Active
C10393,Bihar,East,1,2771.41,980.27,2025-07-13,2025-07-13,171,7.0,1,2,2,1,1,Low value / lost,Churned
C00743,West Bengal,East,1,2772.49,504.96,2025-12-15,2025-12-15,16,5.0,0,2,5,1,1,New / promising,Active
C11183,Telangana,South,2,2777.06,1051.17,2025-03-31,2025-12-03,28,1.0,0,2,4,2,1,New / promising,Active
C07440,Delhi,North,1,2781.98,1044.51,2025-10-10,2025-10-10,82,1.0,0,1,3,1,1,Low value / lost,Active
C01204,Delhi,North,1,2781.98,1045.89,2024-08-15,2024-08-15,503,1.0,0,1,1,1,1,Low value / lost,Churned
C01598,Karnataka,South,1,2782.38,512.86,2025-10-11,2025-10-11,81,1.0,0,2,3,1,1,Low value / lost,Active
C05985,Odisha,East,1,2784.57,610.14,2025-01-10,2025-01-10,355,5.0,0,3,1,1,1,Low value / lost,Churned
C00227,Uttar Pradesh,North,2,2788.72,307.09,2024-06-17,2024-07-16,533,2.5,1,2,1,2,1,Low value / lost,Churned
C11535,Telangana,South,1,2791.72,1408.0,2024-03-05,2024-03-05,666,3.0,0,1,1,1,1,Low value / lost,Churned
C11384,Delhi,North,1,2800.76,367.16,2025-10-21,2025-10-21,71,1.0,2,2,3,1,1,Low value / lost,Active
C04170,Rajasthan,North,2,2801.33,672.87,2024-04-24,2025-05-04,241,3.0,0,2,2,2,1,Low value / lost,Churned
C09337,Karnataka,South,2,2807.21,643.47,2024-12-10,2025-04-26,249,1.3,0,3,2,2,1,Low value / lost,Churned
C05715,Rajasthan,North,2,2807.94,582.06,2025-10-04,2025-11-25,36,4.0,0,2,4,2,1,New / promising,Active
C00507,Karnataka,South,2,2811.71,771.63,2024-12-04,2025-08-25,128,1.0,0,2,2,2,1,Low value / lost,Churned
C02294,Gujarat,West,1,2818.08,388.5,2024-02-08,2024-02-08,692,3.0,0,3,1,1,1,Low value / lost,Churned
C09088,Gujarat,West,1,2820.36,498.34,2025-10-08,2025-10-08,84,3.0,0,3,3,1,1,Low value / lost,Active
C02029,Delhi,North,2,2820.73,1398.63,2025-03-06,2025-04-10,265,1.5,0,2,2,2,1,Low value / lost,Churned
C00301,Uttar Pradesh,North,4,2829.35,253.9,2025-01-10,2025-12-31,0,4.2,0,6,5,3,1,Loyal,Active
C08441,Karnataka,South,2,2830.37,375.9,2025-01-15,2025-10-31,61,2.7,0,3,3,2,1,Low value / lost,Active
C03337,Telangana,South,1,2838.74,838.76,2024-06-17,2024-06-17,562,4.0,0,2,1,1,1,Low value / lost,Churned
C06511,Karnataka,South,2,2839.98,514.62,2024-02-02,2024-06-13,566,2.5,0,4,1,2,1,Low value / lost,Churned
C08698,Gujarat,West,1,2842.69,1119.69,2025-04-15,2025-04-15,260,3.0,0,1,2,1,1,Low value / lost,Churned
C02693,Maharashtra,West,2,2845.01,328.15,2024-12-16,2024-12-27,369,3.0,0,2,1,2,1,Low value / lost,Churned
C11673,Uttar Pradesh,North,1,2850.82,1120.31,2025-10-25,2025-10-25,67,4.0,1,1,3,1,1,Low value / lost,Active
C07688,Telangana,South,1,2852.92,841.01,2025-01-09,2025-01-09,356,4.0,0,2,1,1,1,Low value / lost,Churned
C10458,Gujarat,West,2,2854.4,1026.69,2024-12-02,2024-12-22,374,4.5,0,2,1,2,1,Low value / lost,Churned
C06451,Delhi,North,2,2857.12,677.21,2025-05-22,2025-07-25,159,3.5,1,2,2,2,1,Low value / lost,Churned
C10716,Maharashtra,West,3,2858.0,137.91,2025-09-02,2025-10-23,69,2.3,0,4,3,2,1,Low value / lost,Active
C05057,Telangana,South,2,2862.16,161.49,2025-04-06,2025-08-10,143,3.5,1,2,2,2,1,Low value / lost,Churned
C09918,Rajasthan,North,3,2864.86,830.3,2025-08-13,2025-10-28,64,4.3,0,4,3,2,1,Low value / lost,Active
C01716,Maharashtra,West,1,2868.16,794.2,2024-12-18,2024-12-18,378,2.0,0,2,1,1,1,Low value / lost,Churned
C06038,Maharashtra,West,1,2874.24,1636.4,2025-11-17,2025-11-17,44,1.0,0,1,4,1,1,New / promising,Active
C11169,West Bengal,East,1,2876.31,1228.33,2025-10-02,2025-10-02,90,6.0,0,1,3,1,1,Low value / lost,Active
C04246,Madhya Pradesh,Central,2,2877.79,1034.13,2024-02-01,2025-05-27,218,4.0,1,3,2,2,1,Low value / lost,Churned
C10854,Gujarat,West,1,2879.63,246.83,2025-12-28,2025-12-28,3,3.0,1,3,5,1,1,New / promising,Active
C10101,Delhi,North,1,2879.75,797.37,2024-10-25,2024-10-25,432,3.0,0,2,1,1,1,Low value / lost,Churned
C08540,Karnataka,South,2,2884.64,955.65,2025-05-28,2025-10-15,77,2.0,0,3,3,2,1,Low value / lost,Active
C06757,Kerala,South,1,2890.8,1507.61,2024-12-24,2024-12-24,372,4.0,0,1,1,1,1,Low value / lost,Churned
C03479,Maharashtra,West,3,2892.4,782.73,2024-03-31,2024-05-15,595,1.5,1,4,1,2,1,Low value / lost,Churned
C04737,Madhya Pradesh,Central,1,2892.74,148.35,2024-10-27,2024-10-27,430,5.0,0,1,1,1,1,Low value / lost,Churned
C03536,Telangana,South,2,2895.7,427.6,2025-11-17,2025-12-17,14,3.3,1,3,5,2,1,New / promising,Active
C01178,Karnataka,South,1,2896.89,689.96,2025-09-16,2025-09-16,106,3.0,1,2,3,1,1,Low value / lost,Churned
C09372,Uttar Pradesh,North,2,2897.34,1065.22,2025-05-06,2025-09-23,99,3.3,1,3,3,2,1,Low value / lost,Churned
C00334,Rajasthan,North,1,2898.06,1072.74,2025-04-19,2025-04-19,256,4.0,0,1,2,1,1,Low value / lost,Churned
C05272,Rajasthan,North,1,2912.34,863.78,2024-02-09,2024-02-09,691,5.0,0,1,1,1,1,Low value / lost,Churned
C03373,Karnataka,South,3,2915.22,245.56,2024-10-02,2025-01-11,354,1.8,0,4,1,2,1,Low value / lost,Churned
C08653,Karnataka,South,2,2916.41,686.19,2024-08-13,2024-08-26,492,1.0,0,2,1,2,1,Low value / lost,Churned
C00491,Karnataka,South,3,2920.09,914.8,2024-12-29,2025-11-16,45,1.8,0,5,4,2,1,New / promising,Active
C08431,Karnataka,South,2,2920.11,144.49,2024-09-30,2025-10-10,82,2.5,1,2,3,2,1,Low value / lost,Active
C11737,Telangana,South,1,2921.6,977.24,2025-01-03,2025-01-03,362,4.0,0,1,1,1,1,Low value / lost,Churned
C05827,Tamil Nadu,South,3,2922.71,665.06,2025-03-14,2025-10-03,89,2.7,0,3,3,2,1,Low value / lost,Active
C06641,Delhi,North,2,2927.94,205.22,2024-11-09,2025-06-13,201,1.0,0,3,2,2,1,Low value / lost,Churned
C06093,Tamil Nadu,South,1,2932.11,1444.52,2025-07-20,2025-07-20,164,3.0,0,1,2,1,1,Low value / lost,Churned
C04040,Gujarat,West,1,2932.34,1012.43,2024-12-20,2024-12-20,376,4.0,0,3,1,1,1,Low value / lost,Churned
C06261,Gujarat,West,1,2934.51,1320.38,2025-11-05,2025-11-05,56,4.0,0,2,3,1,1,Low value / lost,Active
C06917,Tamil Nadu,South,2,2937.12,814.86,2025-06-11,2025-12-29,2,1.5,0,2,5,2,1,New / promising,Active
C06835,Rajasthan,North,1,2945.4,929.98,2025-12-21,2025-12-21,10,5.0,1,2,5,1,1,New / promising,Active
C04780,Maharashtra,West,1,2951.73,876.68,2025-12-20,2025-12-20,11,3.0,0,2,5,1,1,New / promising,Active
C06555,Gujarat,West,1,2960.42,1214.55,2025-11-04,2025-11-04,57,2.0,1,1,3,1,1,Low value / lost,Active
C01960,Maharashtra,West,1,2960.42,1222.57,2024-10-21,2024-10-21,436,2.0,1,1,1,1,1,Low value / lost,Churned
C06628,Assam,Northeast,4,2964.91,140.67,2025-01-24,2025-05-08,237,8.2,0,5,2,3,1,At risk,Churned
C01439,Maharashtra,West,1,2968.13,1220.1,2025-08-10,2025-08-10,143,3.0,0,1,2,1,1,Low value / lost,Churned
C06519,Maharashtra,West,1,2971.13,6.65,2025-09-13,2025-09-13,109,3.0,1,2,2,1,1,Low value / lost,Churned
C10263,Gujarat,West,1,2977.28,-429.13,2024-11-02,2024-11-02,424,2.0,1,2,1,1,1,Low value / lost,Churned
C00379,Uttar Pradesh,North,1,2979.26,-1716.91,2025-04-26,2025-04-26,249,3.0,0,1,2,1,1,Low value / lost,Churned
C10442,Rajasthan,North,3,2981.88,48.5,2025-06-05,2025-12-26,5,3.8,1,4,5,2,1,New / promising,Active
C08915,Kerala,South,3,2985.28,501.92,2025-03-06,2025-10-13,79,4.3,0,3,3,2,1,Low value / lost,Active
C10117,Karnataka,South,2,2988.04,204.97,2024-05-28,2025-05-11,234,2.5,0,2,2,2,1,Low value / lost,Churned
C11473,Karnataka,South,2,2989.43,133.28,2024-06-20,2024-08-27,491,1.7,3,3,1,2,1,Low value / lost,Churned
C09851,West Bengal,East,1,2993.77,292.42,2025-12-30,2025-12-30,1,5.0,0,2,5,1,1,New / promising,Active
C09681,Maharashtra,West,1,2995.4,1384.82,2024-08-18,2024-08-18,500,3.0,0,1,1,1,1,Low value / lost,Churned
C08742,Karnataka,South,2,2997.57,958.08,2024-03-12,2024-04-29,611,2.7,0,3,1,2,1,Low value / lost,Churned
C06866,Karnataka,South,3,2998.48,213.57,2025-03-09,2025-09-23,99,1.4,0,5,3,2,1,Low value / lost,Churned
C06781,Maharashtra,West,1,3003.51,877.18,2025-08-22,2025-08-22,131,3.0,0,2,2,1,1,Low value / lost,Churned
C05904,Delhi,North,1,3004.11,1171.99,2025-03-29,2025-03-29,277,2.0,0,1,1,1,1,Low value / lost,Churned
C04965,Karnataka,South,4,3006.61,807.21,2025-06-27,2025-12-15,16,2.8,0,4,5,3,1,Loyal,Active
C04229,Karnataka,South,1,3016.5,932.95,2024-02-23,2024-02-23,677,3.0,0,1,1,1,1,Low value / lost,Churned
C03019,Madhya Pradesh,Central,2,3021.87,967.87,2025-04-04,2025-10-27,65,3.5,1,2,3,2,1,Low value / lost,Active
C08092,Tamil Nadu,South,2,3021.97,701.38,2024-07-07,2025-01-12,353,4.0,1,2,1,2,1,Low value / lost,Churned
C10599,Delhi,North,1,3022.25,413.67,2025-12-14,2025-12-14,17,2.0,0,1,5,1,1,New / promising,Active
C04842,Tamil Nadu,South,1,3023.44,-135.4,2024-06-25,2024-06-25,554,1.0,0,1,1,1,1,Low value / lost,Churned
C11213,Uttar Pradesh,North,2,3023.66,871.13,2025-07-27,2025-10-17,75,4.0,0,2,3,2,1,Low value / lost,Active
C07571,Kerala,South,3,3024.34,1150.22,2025-04-24,2025-09-30,92,2.3,1,3,3,2,1,Low value / lost,Churned
C05338,Tamil Nadu,South,4,3025.0,867.44,2025-03-22,2025-10-25,67,3.0,2,4,3,3,1,Loyal,Active
C00400,Tamil Nadu,South,2,3026.48,663.2,2024-10-05,2025-06-25,189,4.5,0,2,2,2,1,Low value / lost,Churned
C06374,West Bengal,East,1,3030.35,691.03,2025-12-18,2025-12-18,13,6.0,0,2,5,1,1,New / promising,Active
C01081,Bihar,East,1,3030.6,1676.05,2025-04-28,2025-04-28,247,4.0,0,1,2,1,1,Low value / lost,Churned
C09139,West Bengal,East,2,3031.94,1261.66,2025-03-27,2025-05-30,215,5.0,1,2,2,2,1,Low value / lost,Churned
C06286,Telangana,South,1,3032.58,1287.17,2024-12-10,2024-12-10,386,2.0,0,1,1,1,1,Low value / lost,Churned
C04558,Maharashtra,West,2,3032.87,901.75,2025-08-15,2025-12-01,30,2.0,0,2,4,2,1,New / promising,Active
C03137,Kerala,South,1,3041.95,739.79,2025-01-26,2025-01-26,339,3.0,0,2,1,1,1,Low value / lost,Churned
C04068,Maharashtra,West,1,3043.29,1238.68,2025-02-08,2025-02-08,326,3.0,0,2,1,1,1,Low value / lost,Churned
C06342,Karnataka,South,2,3050.24,1254.71,2025-05-29,2025-11-16,45,1.0,0,2,4,2,1,New / promising,Active
C05863,Uttar Pradesh,North,3,3052.0,788.78,2024-10-30,2025-02-06,328,3.3,1,3,1,2,1,Low value / lost,Churned
C05682,Delhi,North,3,3056.85,1395.53,2025-09-10,2025-10-05,87,1.7,0,3,3,2,1,Low value / lost,Active
C10031,Uttar Pradesh,North,2,3057.31,1114.66,2024-11-17,2025-01-06,359,5.0,0,3,1,2,1,Low value / lost,Churned
C08747,Telangana,South,2,3059.04,-596.95,2025-01-05,2025-01-18,347,2.0,1,2,1,2,1,Low value / lost,Churned
C02138,Gujarat,West,3,3060.19,595.97,2024-03-28,2024-06-18,561,3.0,0,3,1,2,1,Low value / lost,Churned
C10328,Assam,Northeast,1,3065.5,902.74,2025-11-02,2025-11-02,59,7.0,1,2,3,1,1,Low value / lost,Active
C04923,Tamil Nadu,South,1,3067.52,921.88,2024-09-14,2024-09-14,473,2.0,1,2,1,1,1,Low value / lost,Churned
C06573,Uttar Pradesh,North,1,3068.53,1230.25,2025-09-05,2025-09-05,117,5.0,0,1,2,1,1,Low value / lost,Churned
C07226,Delhi,North,3,3069.46,329.6,2025-06-25,2025-10-30,62,2.3,0,3,3,2,1,Low value / lost,Active
C01441,Uttar Pradesh,North,2,3070.03,408.8,2025-09-02,2025-10-26,66,4.0,0,4,3,2,1,Low value / lost,Active
C06113,Rajasthan,North,1,3070.71,845.95,2024-11-06,2024-11-06,420,4.0,1,2,1,1,1,Low value / lost,Churned
C03729,West Bengal,East,1,3075.84,813.67,2025-04-22,2025-04-22,253,6.0,0,1,2,1,1,Low value / lost,Churned
C11356,West Bengal,East,1,3077.22,-717.31,2025-02-20,2025-02-20,314,6.0,1,3,1,1,1,Low value / lost,Churned
C00778,Maharashtra,West,1,3078.81,1002.26,2024-04-11,2024-04-11,629,4.0,0,1,1,1,1,Low value / lost,Churned
C08146,Gujarat,West,2,3079.88,837.83,2024-12-03,2025-08-05,148,4.5,1,2,2,2,1,Low value / lost,Churned
C00702,Uttar Pradesh,North,3,3080.6,450.37,2025-03-30,2025-05-30,215,4.0,0,4,2,2,1,Low value / lost,Churned
C09143,Delhi,North,1,3083.91,1179.12,2025-10-25,2025-10-25,67,1.0,0,1,3,1,1,Low value / lost,Active
C01277,Gujarat,West,3,3090.77,1202.18,2025-05-28,2025-10-04,88,2.0,0,3,3,2,1,Low value / lost,Active
C08741,Delhi,North,1,3092.93,1041.4,2025-12-21,2025-12-21,10,1.0,0,2,5,1,1,New / promising,Active
C08986,Maharashtra,West,2,3098.86,1332.47,2025-10-06,2025-12-09,22,3.0,0,2,4,2,1,New / promising,Active
C05823,Karnataka,South,4,3099.65,-9.03,2024-06-29,2025-10-21,71,2.4,0,5,3,3,1,Loyal,Active
C01532,Telangana,South,1,3108.74,174.24,2025-08-07,2025-08-07,146,4.0,0,1,2,1,1,Low value / lost,Churned
C08606,Gujarat,West,1,3109.18,1057.81,2024-08-28,2024-08-28,490,1.0,0,1,1,1,1,Low value / lost,Churned
C01595,Telangana,South,1,3109.63,879.06,2025-05-27,2025-05-27,218,4.0,0,2,2,1,1,Low value / lost,Churned
C04155,Karnataka,South,2,3112.48,1287.4,2025-06-19,2025-07-01,183,2.5,1,2,2,2,1,Low value / lost,Churned
C03563,Madhya Pradesh,Central,1,3112.7,894.87,2024-07-19,2024-07-19,530,3.0,1,2,1,1,1,Low value / lost,Churned
C06700,Gujarat,West,2,3114.68,1546.76,2025-01-09,2025-03-05,301,3.0,0,2,1,2,1,Low value / lost,Churned
C03156,Karnataka,South,2,3115.14,706.6,2024-07-29,2024-08-17,501,1.8,0,4,1,2,1,Low value / lost,Churned
C11144,Delhi,North,2,3121.99,1275.43,2025-01-31,2025-04-09,266,2.0,0,2,2,2,1,Low value / lost,Churned
C04334,Maharashtra,West,3,3126.38,644.75,2024-02-09,2024-08-14,504,2.3,0,4,1,2,1,Low value / lost,Churned
C09931,Gujarat,West,4,3127.25,96.68,2025-06-30,2025-11-29,32,3.3,1,4,4,3,1,Loyal,Active
C05166,Maharashtra,West,1,3129.22,1544.71,2025-05-03,2025-05-03,242,1.0,0,2,2,1,1,Low value / lost,Churned
C05135,Karnataka,South,3,3131.58,102.56,2024-08-01,2025-01-06,359,3.0,0,3,1,2,1,Low value / lost,Churned
C04675,Uttar Pradesh,North,1,3132.99,1367.77,2025-07-04,2025-07-04,180,4.0,0,1,2,1,1,Low value / lost,Churned
C05502,West Bengal,East,4,3135.51,217.51,2024-12-03,2025-12-31,0,5.8,1,5,5,3,1,Loyal,Active
C05230,Tamil Nadu,South,3,3138.85,-314.45,2025-06-08,2025-11-14,47,2.7,0,3,4,2,1,New / promising,Active
C02380,Tamil Nadu,South,3,3144.59,1106.87,2025-05-15,2025-12-30,1,2.7,0,3,5,2,1,New / promising,Active
C07681,Tamil Nadu,South,1,3145.17,765.83,2025-11-24,2025-11-24,37,3.0,0,1,4,1,1,New / promising,Active
C01553,Uttar Pradesh,North,4,3153.23,870.49,2025-05-27,2025-11-17,44,4.0,0,4,4,3,1,Loyal,Active
C11581,Kerala,South,2,3155.86,1044.59,2024-11-07,2025-07-25,159,4.5,1,2,2,2,1,Low value / lost,Churned
C05089,Telangana,South,1,3158.94,974.11,2025-10-05,2025-10-05,87,2.0,0,1,3,1,1,Low value / lost,Active
C01412,Delhi,North,1,3163.2,-87.25,2025-04-06,2025-04-06,269,1.0,1,1,2,1,1,Low value / lost,Churned
C00276,Tamil Nadu,South,2,3163.61,1326.23,2025-07-23,2025-12-27,4,3.0,0,2,5,2,1,New / promising,Active
C03006,Uttar Pradesh,North,1,3164.98,1161.33,2024-11-11,2024-11-11,415,2.0,1,1,1,1,1,Low value / lost,Churned
C05238,Delhi,North,2,3166.87,208.29,2025-06-07,2025-08-25,128,1.7,0,3,2,2,1,Low value / lost,Churned
C03947,Tamil Nadu,South,2,3169.04,1015.65,2025-10-28,2025-12-13,18,3.0,0,2,4,2,1,New / promising,Active
C00071,Uttar Pradesh,North,3,3177.68,588.7,2024-07-24,2024-10-07,450,3.3,0,3,1,2,1,Low value / lost,Churned
C08099,Maharashtra,West,3,3182.56,1193.44,2024-08-27,2025-04-03,272,3.3,1,3,2,2,1,Low value / lost,Churned
C02232,Maharashtra,West,2,3187.4,1644.79,2025-05-30,2025-09-07,115,2.0,0,2,2,2,1,Low value / lost,Churned
C11560,Delhi,North,2,3188.72,168.55,2025-09-03,2025-11-14,47,1.0,1,2,3,2,1,Low value / lost,Active
C03024,Assam,Northeast,2,3189.96,465.67,2024-12-15,2025-05-09,236,9.0,0,3,2,2,1,Low value / lost,Churned
C06572,Uttar Pradesh,North,4,3191.23,779.37,2024-07-09,2024-12-28,368,3.4,0,5,1,3,1,At risk,Churned
C04080,Uttar Pradesh,North,1,3200.06,710.66,2024-06-25,2024-06-25,554,4.0,1,2,1,1,1,Low value / lost,Churned
C00398,Uttar Pradesh,North,1,3200.64,1311.66,2025-09-26,2025-09-26,96,4.0,0,2,3,1,1,Low value / lost,Churned
C06925,Odisha,East,2,3201.47,883.8,2024-12-14,2025-08-21,132,7.3,0,4,2,2,1,Low value / lost,Churned
C01567,Bihar,East,1,3204.68,1072.65,2025-11-27,2025-11-27,34,7.0,0,1,4,1,1,New / promising,Active
C05913,West Bengal,East,1,3204.68,1105.32,2025-05-26,2025-05-26,219,6.0,0,1,2,1,1,Low value / lost,Churned
C11178,Tamil Nadu,South,1,3205.82,1198.17,2025-09-07,2025-09-07,115,3.0,0,2,2,1,1,Low value / lost,Churned
C09929,Madhya Pradesh,Central,2,3212.46,996.88,2024-08-22,2025-10-06,86,2.5,0,2,3,2,1,Low value / lost,Active
C02252,Assam,Northeast,5,3213.47,-126.73,2025-01-20,2025-05-14,231,6.7,0,6,2,3,1,At risk,Churned
C11678,Tamil Nadu,South,3,3214.88,1078.97,2025-05-19,2025-12-12,19,4.0,0,3,4,2,1,New / promising,Active
C09589,Uttar Pradesh,North,2,3223.73,-259.6,2024-07-11,2025-01-01,364,3.0,0,3,1,2,1,Low value / lost,Churned
C06151,Delhi,North,2,3224.16,250.24,2025-08-30,2025-12-27,4,2.3,0,3,5,2,1,New / promising,Active
C08539,Telangana,South,3,3224.98,578.04,2025-05-07,2025-12-02,29,3.0,1,3,4,2,1,New / promising,Active
C01284,Rajasthan,North,1,3228.06,782.64,2025-03-27,2025-03-27,279,2.0,1,2,1,1,1,Low value / lost,Churned
C08279,Karnataka,South,1,3228.72,286.91,2025-08-21,2025-08-21,132,3.0,0,2,2,1,1,Low value / lost,Churned
C03427,Telangana,South,4,3234.5,511.61,2025-01-11,2025-04-19,256,2.6,1,5,2,3,1,At risk,Churned
C02897,Kerala,South,1,3236.69,736.22,2025-05-23,2025-05-23,222,3.0,0,1,2,1,1,Low value / lost,Churned
C11517,Maharashtra,West,1,3239.01,1435.45,2025-09-17,2025-09-17,105,2.0,0,1,3,1,1,Low value / lost,Churned
C05022,Karnataka,South,3,3239.71,744.66,2024-10-07,2025-03-03,303,2.0,0,3,1,2,1,Low value / lost,Churned
C10013,Delhi,North,2,3259.57,1039.86,2024-09-14,2025-11-28,33,2.0,0,2,4,2,1,New / promising,Active
C08881,Uttar Pradesh,North,2,3260.96,1000.06,2025-08-05,2025-11-21,40,5.0,0,2,4,2,1,New / promising,Active
C04544,Maharashtra,West,1,3268.69,1073.43,2024-09-18,2024-09-18,469,1.0,1,2,1,1,1,Low value / lost,Churned
C07540,Maharashtra,West,2,3270.87,1511.09,2024-11-10,2025-01-03,362,2.5,0,2,1,2,1,Low value / lost,Churned
C06021,Uttar Pradesh,North,1,3278.62,1595.02,2024-06-03,2024-06-03,576,5.0,0,1,1,1,1,Low value / lost,Churned
C07243,Rajasthan,North,2,3279.08,1172.73,2024-08-25,2024-09-11,476,3.0,2,2,1,2,1,Low value / lost,Churned
C03500,Maharashtra,West,2,3279.61,1256.72,2025-10-25,2025-11-27,34,1.5,0,2,4,2,1,New / promising,Active
C01855,Uttar Pradesh,North,2,3289.47,886.65,2025-12-03,2025-12-20,11,4.5,1,2,5,2,1,New / promising,Active
C04512,Maharashtra,West,2,3298.58,1171.18,2025-04-06,2025-04-12,263,2.3,0,3,2,2,1,Low value / lost,Churned
C10047,Rajasthan,North,1,3306.78,636.53,2025-10-10,2025-10-10,82,5.0,0,3,3,1,1,Low value / lost,Active
C08927,Rajasthan,North,1,3311.92,1129.87,2025-10-21,2025-10-21,71,5.0,1,1,3,1,1,Low value / lost,Active
C07826,Kerala,South,2,3316.5,591.0,2025-08-03,2025-09-17,105,3.5,2,2,3,2,1,Low value / lost,Churned
C00664,Kerala,South,2,3318.81,1101.95,2025-04-18,2025-11-23,38,3.0,0,3,4,2,1,New / promising,Active
C05947,Telangana,South,1,3321.62,1468.84,2025-09-07,2025-09-07,115,2.0,0,1,2,1,1,Low value / lost,Churned
C10095,Gujarat,West,4,3323.89,957.1,2024-07-16,2024-09-28,459,2.5,1,4,1,3,1,At risk,Churned
C03338,Delhi,North,2,3334.24,1488.6,2024-06-01,2024-08-30,488,2.0,1,2,1,2,1,Low value / lost,Churned
C11372,Tamil Nadu,South,4,3336.67,409.36,2024-10-26,2025-04-07,268,3.2,2,5,2,3,1,At risk,Churned
C03022,Uttar Pradesh,North,2,3336.84,592.78,2024-09-05,2025-09-26,96,4.5,0,2,3,2,1,Low value / lost,Churned
C03085,Maharashtra,West,1,3337.9,-237.04,2024-02-12,2024-02-12,688,1.0,0,1,1,1,1,Low value / lost,Churned
C06505,Rajasthan,North,1,3344.34,1655.05,2024-11-23,2024-11-23,403,1.0,0,1,1,1,1,Low value / lost,Churned
C08242,Maharashtra,West,2,3344.96,1324.73,2024-02-28,2024-03-17,654,3.3,0,4,1,2,1,Low value / lost,Churned
C01121,Kerala,South,2,3347.84,719.88,2025-06-21,2025-12-10,21,3.5,0,2,4,2,1,New / promising,Active
C11983,Karnataka,South,4,3349.07,992.1,2024-08-26,2025-10-17,75,2.3,1,4,3,3,1,Loyal,Active
C08209,Telangana,South,2,3350.05,1063.86,2025-02-19,2025-03-31,275,1.0,0,2,1,2,1,Low value / lost,Churned
C10478,Tamil Nadu,South,2,3350.58,388.35,2025-10-09,2025-11-02,59,3.0,0,3,3,2,1,Low value / lost,Active
C05289,Gujarat,West,1,3352.96,1696.64,2025-06-07,2025-06-07,207,3.0,0,1,2,1,1,Low value / lost,Churned
C11586,Rajasthan,North,1,3356.38,1127.3,2024-08-24,2024-08-24,494,4.0,1,1,1,1,1,Low value / lost,Churned
C01686,Maharashtra,West,3,3360.07,738.2,2024-09-30,2025-07-12,172,2.8,0,4,2,2,1,Low value / lost,Churned
C06050,Odisha,East,1,3360.74,186.37,2025-10-14,2025-10-14,78,4.0,0,3,3,1,1,Low value / lost,Active
C00240,Bihar,East,2,3361.26,344.24,2024-09-14,2025-10-15,77,6.7,0,3,3,2,1,Low value / lost,Active
C02122,Uttar Pradesh,North,2,3371.71,956.43,2024-12-02,2025-04-04,271,3.5,1,2,2,2,1,Low value / lost,Churned
C06743,Delhi,North,3,3372.04,450.67,2025-01-06,2025-06-16,198,2.0,0,3,2,2,1,Low value / lost,Churned
C08532,Madhya Pradesh,Central,2,3374.64,626.42,2024-12-20,2025-08-24,129,5.0,0,3,2,2,1,Low value / lost,Churned
C03549,Maharashtra,West,3,3375.01,280.7,2024-04-29,2025-09-07,115,2.5,0,4,2,2,1,Low value / lost,Churned
C05489,West Bengal,East,3,3376.38,898.25,2025-03-21,2025-05-19,226,4.5,1,4,2,2,1,Low value / lost,Churned
C00692,Tamil Nadu,South,1,3380.84,1696.08,2025-11-07,2025-11-07,54,1.0,0,1,3,1,1,Low value / lost,Active
C09713,Delhi,North,1,3380.84,1669.15,2025-04-20,2025-04-20,255,2.0,0,1,2,1,1,Low value / lost,Churned
C05790,Telangana,South,1,3382.95,868.11,2025-01-29,2025-01-29,336,3.0,0,1,1,1,1,Low value / lost,Churned
C05028,Kerala,South,2,3385.52,463.77,2025-03-22,2025-11-15,46,3.0,0,2,4,2,1,New / promising,Active
C08844,Maharashtra,West,2,3387.21,590.71,2024-08-23,2025-11-22,39,1.5,0,4,4,2,1,New / promising,Active
C08266,Maharashtra,West,1,3389.08,1092.21,2025-02-22,2025-02-22,312,2.0,0,2,1,1,1,Low value / lost,Churned
C11189,Karnataka,South,1,3389.76,-3.48,2025-12-30,2025-12-30,1,1.0,0,1,5,1,1,New / promising,Active
C04899,Maharashtra,West,1,3391.25,1275.64,2024-02-28,2024-02-28,672,2.0,1,3,1,1,1,Low value / lost,Churned
C08958,Uttar Pradesh,North,1,3392.97,374.35,2025-02-07,2025-02-07,327,3.0,0,2,1,1,1,Low value / lost,Churned
C10121,Gujarat,West,1,3395.57,272.1,2025-07-27,2025-07-27,157,2.0,0,1,2,1,1,Low value / lost,Churned
C04375,Tamil Nadu,South,2,3405.57,1323.95,2025-08-28,2025-09-08,114,4.0,0,2,2,2,1,Low value / lost,Churned
C11276,Delhi,North,1,3407.94,1053.65,2025-10-14,2025-10-14,78,2.0,0,3,3,1,1,Low value / lost,Active
C10285,Gujarat,West,2,3416.19,1141.68,2025-07-21,2025-12-21,10,3.3,1,3,5,2,1,New / promising,Active
C02356,Odisha,East,1,3421.64,1935.17,2025-08-30,2025-08-30,123,8.0,0,1,2,1,1,Low value / lost,Churned
C00208,Kerala,South,1,3431.64,1836.78,2024-05-20,2024-05-20,590,5.0,0,1,1,1,1,Low value / lost,Churned
C05537,Delhi,North,2,3434.04,1036.55,2025-07-04,2025-11-29,32,2.0,0,2,4,2,1,New / promising,Active
C11905,Maharashtra,West,2,3434.78,915.16,2025-12-16,2025-12-17,14,3.0,0,4,5,2,1,New / promising,Active
C11454,Rajasthan,North,1,3443.55,1756.59,2024-01-26,2024-01-26,705,5.0,0,1,1,1,1,Low value / lost,Churned
C06596,Telangana,South,1,3444.31,874.18,2025-11-23,2025-11-23,38,4.0,1,2,4,1,1,New / promising,Active
C10542,Telangana,South,4,3446.13,243.96,2024-07-07,2024-11-18,408,3.0,0,5,1,3,1,At risk,Churned
C03433,Tamil Nadu,South,3,3447.1,912.19,2024-01-30,2024-05-27,583,3.5,1,4,1,2,1,Low value / lost,Churned
C03999,Maharashtra,West,1,3458.52,1045.92,2025-02-15,2025-02-15,319,4.0,0,2,1,1,1,Low value / lost,Churned
C00421,Rajasthan,North,2,3469.74,1133.94,2024-08-25,2025-10-28,64,3.3,1,3,3,2,1,Low value / lost,Active
C05898,Maharashtra,West,1,3474.13,1085.05,2024-09-28,2024-09-28,459,2.0,0,1,1,1,1,Low value / lost,Churned
C01608,Karnataka,South,1,3474.13,1053.6,2025-12-11,2025-12-11,20,4.0,0,1,4,1,1,New / promising,Active
C02715,Rajasthan,North,2,3476.29,-204.57,2025-01-10,2025-11-26,35,3.5,1,4,4,2,1,New / promising,Active
C06171,Rajasthan,North,2,3476.35,479.38,2025-03-16,2025-06-17,197,3.0,1,3,2,2,1,Low value / lost,Churned
C08715,Gujarat,West,2,3477.8,901.62,2024-10-26,2024-12-06,390,3.0,0,2,1,2,1,Low value / lost,Churned
C03817,Uttar Pradesh,North,2,3478.2,1286.9,2024-08-14,2025-10-15,77,4.0,0,3,3,2,1,Low value / lost,Active
C07011,Uttar Pradesh,North,1,3482.21,1881.83,2024-07-02,2024-07-02,547,3.0,0,1,1,1,1,Low value / lost,Churned
C00012,Kerala,South,1,3489.8,1903.73,2024-12-09,2024-12-09,387,5.0,1,1,1,1,1,Low value / lost,Churned
C08397,Uttar Pradesh,North,2,3493.8,317.1,2025-08-21,2025-10-04,88,3.0,0,2,3,2,1,Low value / lost,Active
C05967,Rajasthan,North,2,3493.82,-76.31,2024-10-22,2025-02-23,311,4.5,0,4,1,2,1,Low value / lost,Churned
C09193,Delhi,North,2,3501.92,1182.35,2024-07-17,2024-07-23,526,1.7,1,3,1,2,1,Low value / lost,Churned
C05782,Madhya Pradesh,Central,4,3505.41,570.4,2024-07-07,2025-04-23,252,3.8,0,5,2,3,1,At risk,Churned
C09631,Karnataka,South,3,3511.21,1135.93,2025-08-17,2025-11-20,41,2.7,0,3,4,2,1,New / promising,Active
C09207,Karnataka,South,5,3531.44,838.53,2024-08-15,2025-11-30,31,3.4,0,5,4,3,1,Loyal,Active
C05499,Tamil Nadu,South,2,3545.35,891.53,2025-07-02,2025-08-09,144,2.3,0,3,2,2,1,Low value / lost,Churned
C01314,Maharashtra,West,3,3545.53,648.17,2025-11-19,2025-12-27,4,2.7,1,3,5,2,1,New / promising,Active
C11400,Maharashtra,West,2,3546.51,448.2,2024-07-22,2024-07-23,526,2.0,0,2,1,2,1,Low value / lost,Churned
C05160,Uttar Pradesh,North,2,3546.75,1461.46,2025-06-23,2025-10-18,74,5.3,1,3,3,2,1,Low value / lost,Active
C01365,Karnataka,South,4,3549.94,368.48,2025-05-20,2025-07-17,167,2.0,2,5,2,3,1,At risk,Churned
C10035,Maharashtra,West,2,3565.16,848.66,2025-04-28,2025-12-31,0,3.5,0,2,5,2,1,New / promising,Active
C06427,Karnataka,South,3,3568.02,1168.1,2025-05-23,2025-08-31,122,1.7,0,3,2,2,1,Low value / lost,Churned
C02507,Maharashtra,West,1,3575.11,-1111.02,2024-12-29,2024-12-29,367,2.0,1,1,1,1,1,Low value / lost,Churned
C00936,Delhi,North,2,3580.14,673.99,2025-07-27,2025-11-13,48,1.3,0,3,3,2,1,Low value / lost,Active
C07116,Delhi,North,1,3580.47,1552.0,2025-11-17,2025-11-17,44,1.0,0,1,4,1,1,New / promising,Active
C06702,Delhi,North,3,3586.34,1119.8,2024-12-10,2025-04-02,273,2.3,0,3,2,2,1,Low value / lost,Churned
C07898,Tamil Nadu,South,2,3592.18,1406.11,2025-02-05,2025-08-09,144,2.5,0,2,2,2,1,Low value / lost,Churned
C07217,West Bengal,East,2,3593.33,326.44,2024-05-14,2025-06-23,191,4.5,0,2,2,2,1,Low value / lost,Churned
C07018,Tamil Nadu,South,3,3594.26,60.23,2025-07-23,2025-11-02,59,3.0,0,4,3,2,1,Low value / lost,Active
C08866,Uttar Pradesh,North,1,3594.96,1103.47,2024-06-05,2024-06-05,574,1.0,0,2,1,1,1,Low value / lost,Churned
C08801,Uttar Pradesh,North,1,3604.87,800.94,2025-01-20,2025-01-20,345,4.0,2,2,1,1,1,Low value / lost,Churned
C11041,Karnataka,South,2,3607.23,1595.97,2024-11-30,2025-03-11,295,1.7,0,3,1,2,1,Low value / lost,Churned
C00705,West Bengal,East,4,3609.88,65.28,2025-03-12,2025-10-25,67,5.8,1,4,3,3,1,Loyal,Active
C03821,Delhi,North,2,3612.73,1901.58,2024-08-27,2024-12-23,373,1.0,0,2,1,2,1,Low value / lost,Churned
C11393,Maharashtra,West,2,3621.86,1517.72,2025-01-17,2025-06-02,212,1.5,0,2,2,2,1,Low value / lost,Churned
C08295,Telangana,South,1,3622.29,1434.34,2025-10-14,2025-10-14,78,2.0,1,3,3,1,1,Low value / lost,Active
C06064,Gujarat,West,4,3624.16,1036.36,2024-02-11,2024-09-30,457,2.8,0,4,1,3,1,At risk,Churned
C04643,Assam,Northeast,1,3627.46,699.21,2024-10-17,2024-10-17,440,9.0,0,1,1,1,1,Low value / lost,Churned
C00553,Maharashtra,West,1,3628.13,465.64,2025-02-18,2025-02-18,316,1.0,0,1,1,1,1,Low value / lost,Churned
C06995,Gujarat,West,1,3628.13,425.89,2025-03-26,2025-03-26,280,4.0,0,1,1,1,1,Low value / lost,Churned
C01083,Uttar Pradesh,North,2,3633.75,874.46,2024-10-21,2025-03-14,292,4.0,0,2,1,2,1,Low value / lost,Churned
C03258,Maharashtra,West,3,3635.4,394.52,2024-09-25,2025-09-21,101,2.0,0,5,3,2,1,Low value / lost,Churned
C11759,Karnataka,South,2,3635.41,952.36,2024-07-08,2024-12-23,373,4.0,0,2,1,2,1,Low value / lost,Churned
C07534,Kerala,South,1,3639.92,76.68,2025-01-13,2025-01-13,352,4.0,1,2,1,1,1,Low value / lost,Churned
C11200,West Bengal,East,1,3646.26,1225.69,2024-11-20,2024-11-20,406,5.0,0,3,1,1,1,Low value / lost,Churned
C03381,Maharashtra,West,1,3665.47,115.92,2025-07-22,2025-07-22,162,4.0,0,1,2,1,1,Low value / lost,Churned
C09002,Gujarat,West,2,3670.85,1076.36,2025-10-29,2025-11-11,50,4.3,0,3,3,2,1,Low value / lost,Active
C09125,Uttar Pradesh,North,1,3671.26,900.27,2024-10-05,2024-10-05,452,2.0,1,1,1,1,1,Low value / lost,Churned
C00030,Karnataka,South,1,3671.83,1021.37,2025-04-25,2025-04-25,250,3.0,0,1,2,1,1,Low value / lost,Churned
C10440,Maharashtra,West,3,3674.15,198.74,2025-05-26,2025-11-03,58,3.2,0,5,3,2,1,Low value / lost,Active
C01499,Uttar Pradesh,North,1,3675.72,1805.51,2024-12-05,2024-12-05,391,4.0,0,1,1,1,1,Low value / lost,Churned
C00681,Assam,Northeast,1,3680.07,1512.92,2025-04-20,2025-04-20,255,8.0,0,3,2,1,1,Low value / lost,Churned
C04559,Karnataka,South,4,3682.76,1194.73,2025-04-09,2025-10-27,65,2.3,0,4,3,3,1,Loyal,Active
C11894,Assam,Northeast,1,3692.6,-49.59,2025-05-27,2025-05-27,218,4.0,1,2,2,1,1,Low value / lost,Churned
C06060,Telangana,South,1,3693.82,1494.79,2025-09-12,2025-09-12,110,3.0,0,1,2,1,1,Low value / lost,Churned
C08517,Maharashtra,West,2,3697.97,895.03,2025-01-13,2025-11-14,47,4.5,0,2,3,2,1,Low value / lost,Active
C08708,Gujarat,West,1,3698.73,1654.66,2025-11-18,2025-11-18,43,3.0,1,1,4,1,1,New / promising,Active
C09559,Telangana,South,3,3705.49,1417.82,2025-05-21,2025-07-06,178,2.4,0,5,2,2,1,Low value / lost,Churned
C03833,Maharashtra,West,3,3712.26,1897.08,2024-03-09,2024-11-23,403,2.7,0,3,1,2,1,Low value / lost,Churned
C05623,Tamil Nadu,South,2,3725.25,1257.73,2024-08-12,2024-10-31,426,3.5,0,2,1,2,1,Low value / lost,Churned
C10105,Karnataka,South,3,3730.9,338.59,2025-08-05,2025-11-21,40,3.0,0,4,4,2,1,New / promising,Active
C00248,Odisha,East,1,3731.67,1297.48,2025-06-16,2025-06-16,198,6.0,0,2,2,1,1,Low value / lost,Churned
C06613,Maharashtra,West,2,3741.58,1367.2,2024-12-01,2025-01-27,338,2.5,0,2,1,2,1,Low value / lost,Churned
C02263,Tamil Nadu,South,2,3749.37,693.48,2025-05-25,2025-10-19,73,2.7,1,3,3,2,1,Low value / lost,Active
C00651,Rajasthan,North,1,3751.55,1229.5,2025-02-16,2025-02-16,318,3.0,0,2,1,1,1,Low value / lost,Churned
C08576,Delhi,North,2,3752.82,1422.68,2024-10-21,2025-01-03,362,2.0,1,2,1,2,1,Low value / lost,Churned
C10111,Delhi,North,1,3776.3,1020.42,2025-08-12,2025-08-12,141,3.0,0,3,2,1,1,Low value / lost,Churned
C07319,Tamil Nadu,South,3,3780.47,450.67,2024-05-02,2024-11-24,402,2.4,1,5,1,2,1,Low value / lost,Churned
C08161,Tamil Nadu,South,3,3785.55,1303.15,2025-05-16,2025-11-12,49,3.0,1,3,3,2,1,Low value / lost,Active
C08484,Karnataka,South,1,3792.26,485.76,2025-10-01,2025-10-01,91,3.0,1,3,3,1,1,Low value / lost,Churned
C03589,Tamil Nadu,South,1,3793.43,1040.77,2025-09-17,2025-09-17,105,3.0,1,2,3,1,1,Low value / lost,Churned
C08391,Gujarat,West,3,3799.47,1616.13,2025-04-01,2025-10-11,81,2.7,1,3,3,2,1,Low value / lost,Active
C08440,Tamil Nadu,South,1,3803.44,1693.43,2025-01-11,2025-01-11,354,2.0,0,1,1,1,1,Low value / lost,Churned
C07139,Telangana,South,2,3808.01,1450.21,2024-06-11,2024-10-13,444,2.3,1,3,1,2,1,Low value / lost,Churned
C04953,Tamil Nadu,South,4,3810.15,884.91,2024-11-02,2025-10-09,83,3.8,0,5,3,3,1,Loyal,Active
C10071,Uttar Pradesh,North,5,3811.93,1119.7,2024-10-05,2025-11-28,33,3.2,1,5,4,3,1,Loyal,Active
C08454,Bihar,East,4,3813.63,497.67,2025-02-14,2025-08-07,146,7.5,0,4,2,3,1,At risk,Churned
C07983,Telangana,South,1,3813.9,1260.45,2025-09-20,2025-09-20,102,1.0,0,2,3,1,1,Low value / lost,Churned
C11385,Karnataka,South,1,3817.65,1329.36,2025-08-24,2025-08-24,129,2.0,0,2,2,1,1,Low value / lost,Churned
C03293,Uttar Pradesh,North,3,3826.08,736.51,2024-09-24,2024-11-01,425,3.0,0,3,1,2,1,Low value / lost,Churned
C05035,West Bengal,East,2,3834.96,765.55,2024-04-11,2025-03-11,295,4.3,1,3,1,2,1,Low value / lost,Churned
C03443,Delhi,North,1,3834.98,417.72,2025-10-27,2025-10-27,65,3.0,1,1,3,1,1,Low value / lost,Active
C10153,Tamil Nadu,South,2,3836.86,856.52,2025-03-23,2025-05-16,229,2.7,1,3,2,2,1,Low value / lost,Churned
C09078,Rajasthan,North,2,3853.94,1357.16,2025-05-26,2025-11-22,39,5.3,1,3,4,2,1,New / promising,Active
C10408,Telangana,South,1,3859.68,-85.19,2025-03-10,2025-03-10,296,2.0,1,1,1,1,1,Low value / lost,Churned
C11826,Telangana,South,1,3863.04,622.54,2025-10-30,2025-10-30,62,1.0,0,2,3,1,1,Low value / lost,Active
C11128,Bihar,East,4,3863.7,1361.62,2025-01-29,2025-08-14,139,6.8,0,4,2,3,1,At risk,Churned
C10157,Gujarat,West,1,3865.62,1550.8,2024-06-29,2024-06-29,550,3.0,1,1,1,1,1,Low value / lost,Churned
C04758,West Bengal,East,4,3868.0,380.58,2025-07-08,2025-12-26,5,4.8,0,5,5,3,1,Loyal,Active
C11242,Tamil Nadu,South,2,3874.62,1266.0,2024-02-06,2024-02-25,675,2.0,1,2,1,2,1,Low value / lost,Churned
C02529,Kerala,South,2,3882.3,1431.63,2024-11-16,2025-06-16,198,3.7,1,3,2,2,1,Low value / lost,Churned
C02840,Madhya Pradesh,Central,1,3885.75,1464.97,2025-11-14,2025-11-14,47,2.0,0,3,3,1,1,Low value / lost,Active
C11415,Delhi,North,3,3889.43,1155.13,2025-04-07,2025-11-28,33,1.8,1,4,4,2,1,New / promising,Active
C10515,Maharashtra,West,1,3896.38,1744.24,2025-01-26,2025-01-26,339,2.0,1,1,1,1,1,Low value / lost,Churned
C00434,West Bengal,East,2,3904.95,1086.19,2024-08-10,2024-11-15,411,4.3,0,3,1,2,1,Low value / lost,Churned
C04520,Maharashtra,West,2,3907.86,1019.06,2025-03-11,2025-09-01,121,2.0,1,3,2,2,1,Low value / lost,Churned
C03858,Rajasthan,North,1,3909.48,1979.83,2024-09-15,2024-09-15,472,2.0,0,1,1,1,1,Low value / lost,Churned
C09954,Uttar Pradesh,North,2,3911.08,1226.09,2024-11-09,2025-01-13,352,4.0,0,3,1,2,1,Low value / lost,Churned
C05546,Karnataka,South,3,3912.73,1487.18,2024-11-12,2025-08-17,136,2.7,1,3,2,2,1,Low value / lost,Churned
C03054,Karnataka,South,1,3919.56,-759.91,2024-12-23,2024-12-23,373,2.0,0,3,1,1,1,Low value / lost,Churned
C01940,West Bengal,East,1,3920.37,1316.44,2025-12-22,2025-12-22,9,4.0,0,1,5,1,1,New / promising,Active
C07729,Tamil Nadu,South,1,3925.6,2092.09,2025-02-04,2025-02-04,330,2.0,0,2,1,1,1,Low value / lost,Churned
C04300,Rajasthan,North,2,3926.65,981.73,2024-08-26,2024-09-22,465,4.0,0,3,1,2,1,Low value / lost,Churned
C02382,Kerala,South,1,3931.05,1309.52,2025-09-29,2025-09-29,93,4.0,1,2,3,1,1,Low value / lost,Churned
C11466,Gujarat,West,1,3957.46,503.2,2025-11-13,2025-11-13,48,3.0,0,1,3,1,1,Low value / lost,Active
C03230,Rajasthan,North,4,3960.1,618.79,2024-11-05,2025-10-15,77,4.0,0,4,3,3,1,Loyal,Active
C10399,West Bengal,East,1,3963.41,-2281.13,2025-05-24,2025-05-24,221,5.0,1,1,2,1,1,Low value / lost,Churned
C08382,Tamil Nadu,South,3,3965.43,683.33,2024-05-05,2025-08-05,148,3.5,0,4,2,2,1,Low value / lost,Churned
C08356,West Bengal,East,2,3976.19,1317.04,2025-06-19,2025-11-16,45,5.5,0,4,4,2,1,New / promising,Active
C05078,Uttar Pradesh,North,2,3976.28,788.54,2025-02-15,2025-04-30,245,4.0,2,2,2,2,1,Low value / lost,Churned
C04705,Karnataka,South,2,3977.24,1222.38,2024-07-08,2024-09-20,467,2.3,1,3,1,2,1,Low value / lost,Churned
C02723,Gujarat,West,1,3978.55,1457.85,2024-11-08,2024-11-08,418,3.0,0,2,1,1,1,Low value / lost,Churned
C05772,Karnataka,South,1,3980.83,1605.08,2025-12-12,2025-12-12,19,3.0,1,3,4,1,1,New / promising,Active
C09853,Karnataka,South,2,3986.66,1329.87,2025-05-06,2025-10-31,61,2.0,0,2,3,2,1,Low value / lost,Active
C10610,Maharashtra,West,1,3990.22,1290.4,2025-04-18,2025-04-18,257,3.0,0,3,2,1,1,Low value / lost,Churned
C07538,Delhi,North,1,3991.15,635.2,2025-11-09,2025-11-09,52,3.0,0,1,3,1,1,Low value / lost,Active
C02755,Maharashtra,West,1,3995.82,625.76,2024-03-12,2024-03-12,659,1.0,0,1,1,1,1,Low value / lost,Churned
C04875,Karnataka,South,2,4000.68,870.89,2024-12-17,2024-12-30,366,3.0,1,3,1,2,1,Low value / lost,Churned
C04406,Kerala,South,1,4016.79,486.06,2024-10-24,2024-10-24,433,4.0,0,2,1,1,1,Low value / lost,Churned
C03827,Telangana,South,3,4018.69,1386.6,2024-07-31,2025-05-12,233,2.0,0,4,2,2,1,Low value / lost,Churned
C11402,Maharashtra,West,1,4031.37,2278.12,2025-06-09,2025-06-09,205,4.0,0,1,2,1,1,Low value / lost,Churned
C08371,Maharashtra,West,2,4035.52,1652.71,2024-08-02,2024-11-06,420,1.5,0,2,1,2,1,Low value / lost,Churned
C10723,Maharashtra,West,2,4038.23,955.87,2025-01-19,2025-05-06,239,3.0,0,2,2,2,1,Low value / lost,Churned
C07154,Maharashtra,West,2,4038.91,104.23,2025-01-28,2025-05-21,224,3.0,0,4,2,2,1,Low value / lost,Churned
C11548,Assam,Northeast,2,4043.69,1068.02,2024-12-25,2025-11-28,33,6.7,0,3,4,2,1,New / promising,Active
C04104,Rajasthan,North,3,4048.18,646.43,2025-04-19,2025-12-12,19,3.5,3,4,4,2,1,New / promising,Active
C04245,Delhi,North,2,4049.46,1442.26,2024-05-17,2025-03-29,277,1.5,0,2,1,2,1,Low value / lost,Churned
C06711,Tamil Nadu,South,4,4051.73,1435.78,2024-04-17,2025-11-12,49,2.3,1,4,3,3,1,Loyal,Active
C01561,Uttar Pradesh,North,1,4056.65,1321.84,2025-11-12,2025-11-12,49,5.0,0,2,3,1,1,Low value / lost,Active
C09086,Maharashtra,West,1,4065.2,931.38,2025-10-31,2025-10-31,61,3.0,1,2,3,1,1,Low value / lost,Active
C01709,Delhi,North,2,4073.17,1154.17,2025-06-09,2025-08-22,131,2.3,0,4,2,2,1,Low value / lost,Churned
C07712,Maharashtra,West,2,4075.79,971.33,2025-01-01,2025-04-02,273,2.5,0,2,2,2,1,Low value / lost,Churned
C04950,West Bengal,East,1,4091.38,502.56,2024-06-26,2024-06-26,553,5.0,0,1,1,1,1,Low value / lost,Churned
C10829,Telangana,South,1,4091.38,560.48,2025-12-02,2025-12-02,29,1.0,0,1,4,1,1,New / promising,Active
C10667,Maharashtra,West,2,4092.34,739.61,2024-12-28,2025-12-04,27,2.5,1,2,4,2,1,New / promising,Active
C07660,Uttar Pradesh,North,2,4092.69,958.65,2025-04-30,2025-11-02,59,3.0,0,3,3,2,1,Low value / lost,Active
C05497,Maharashtra,West,1,4097.59,1156.71,2024-12-13,2024-12-13,383,3.0,1,2,1,1,1,Low value / lost,Churned
C11696,Tamil Nadu,South,4,4103.39,572.69,2024-10-15,2025-12-11,20,1.8,0,5,4,3,1,Loyal,Active
C08735,Uttar Pradesh,North,1,4114.55,1271.46,2025-02-14,2025-02-14,320,3.0,0,3,1,1,1,Low value / lost,Churned
C09632,Uttar Pradesh,North,1,4117.04,1482.3,2025-11-11,2025-11-11,50,1.0,0,1,3,1,1,Low value / lost,Active
C06025,Bihar,East,1,4118.11,1800.22,2025-09-01,2025-09-01,121,6.0,0,1,2,1,1,Low value / lost,Churned
C03159,Gujarat,West,2,4119.61,991.85,2024-11-08,2024-11-12,414,1.3,1,3,1,2,1,Low value / lost,Churned
C08991,Maharashtra,West,1,4121.1,1259.97,2025-10-23,2025-10-23,69,1.0,1,3,3,1,1,Low value / lost,Active
C09370,Delhi,North,2,4121.46,1637.85,2024-11-13,2025-08-30,123,1.3,0,3,2,2,1,Low value / lost,Churned
C04135,Karnataka,South,2,4128.72,933.37,2025-11-03,2025-11-07,54,3.0,0,2,3,2,1,Low value / lost,Active
C11264,Delhi,North,2,4130.08,522.21,2025-02-20,2025-05-04,241,1.0,1,2,2,2,1,Low value / lost,Churned
C05125,Karnataka,South,3,4133.43,1390.59,2025-02-27,2025-12-10,21,2.3,1,4,4,2,1,New / promising,Active
C03056,Delhi,North,2,4139.58,1359.61,2024-04-19,2024-11-28,398,3.0,0,2,1,2,1,Low value / lost,Churned
C08618,Telangana,South,1,4146.11,878.59,2024-11-26,2024-11-26,400,2.0,0,1,1,1,1,Low value / lost,Churned
C00480,Madhya Pradesh,Central,3,4147.4,1768.97,2025-02-06,2025-11-13,48,4.0,0,3,3,2,1,Low value / lost,Active
C08104,Madhya Pradesh,Central,1,4147.71,1176.04,2024-12-26,2024-12-26,370,6.0,0,2,1,1,1,Low value / lost,Churned
C02268,West Bengal,East,3,4148.43,1711.34,2025-03-08,2025-08-19,134,3.7,0,3,2,2,1,Low value / lost,Churned
C09676,West Bengal,East,2,4154.13,-127.75,2025-05-27,2025-12-15,16,5.8,0,4,5,2,1,New / promising,Active
C06593,Tamil Nadu,South,1,4161.46,1659.06,2025-06-22,2025-06-22,192,3.0,1,1,2,1,1,Low value / lost,Churned
C00264,Maharashtra,West,1,4162.57,1528.1,2025-11-13,2025-11-13,48,3.0,0,2,3,1,1,Low value / lost,Active
C00465,Delhi,North,2,4166.34,1854.22,2024-12-15,2025-03-10,296,1.5,0,2,1,2,1,Low value / lost,Churned
C00150,Odisha,East,3,4168.04,1155.04,2025-03-11,2025-12-19,12,5.3,0,3,5,2,1,New / promising,Active
C00890,Delhi,North,2,4168.26,1354.74,2025-05-18,2025-07-10,174,2.7,0,3,2,2,1,Low value / lost,Churned
C03661,Maharashtra,West,2,4172.27,471.63,2025-11-10,2025-12-04,27,1.8,1,4,4,2,1,New / promising,Active
C08186,Delhi,North,2,4175.59,1387.25,2024-07-04,2024-08-17,501,2.0,0,2,1,2,1,Low value / lost,Churned
C10642,Madhya Pradesh,Central,2,4179.73,1268.35,2024-04-02,2024-05-03,607,6.0,0,3,1,2,1,Low value / lost,Churned
C00589,Maharashtra,West,1,4181.76,1583.62,2025-06-22,2025-06-22,192,4.0,2,2,2,1,1,Low value / lost,Churned
C05276,Karnataka,South,1,4183.11,1216.11,2024-03-06,2024-03-06,665,2.0,2,3,1,1,1,Low value / lost,Churned
C10626,Tamil Nadu,South,4,4187.85,1057.1,2024-10-19,2025-12-02,29,3.8,1,4,4,3,1,Loyal,Active
C02231,Delhi,North,1,4199.72,852.37,2025-12-03,2025-12-03,28,2.0,1,3,4,1,1,New / promising,Active
C04224,Rajasthan,North,3,4199.79,999.69,2025-09-27,2025-11-04,57,3.8,0,4,3,2,1,Low value / lost,Active
C01089,Gujarat,West,2,4203.55,1043.92,2025-06-13,2025-11-28,33,3.0,2,4,4,2,1,New / promising,Active
C00772,Telangana,South,2,4203.81,599.22,2024-12-07,2025-05-23,222,4.3,1,3,2,2,1,Low value / lost,Churned
C10063,Maharashtra,West,2,4205.07,1452.69,2024-08-29,2025-11-05,56,2.0,0,2,3,2,1,Low value / lost,Active
C08324,Assam,Northeast,2,4205.51,782.88,2024-09-12,2025-04-03,272,9.0,1,4,2,2,1,Low value / lost,Churned
C06200,West Bengal,East,3,4213.16,983.87,2024-11-12,2025-09-28,94,5.0,0,3,3,2,1,Low value / lost,Churned
C02304,Odisha,East,5,4221.78,1307.43,2024-02-24,2025-04-03,272,6.6,1,5,2,3,1,At risk,Churned
C10381,Bihar,East,3,4224.47,1152.19,2025-07-25,2025-12-04,27,6.0,1,3,4,2,1,New / promising,Active
C00073,Delhi,North,1,4225.3,1070.77,2024-05-24,2024-05-24,586,3.0,0,1,1,1,1,Low value / lost,Churned
C09653,West Bengal,East,1,4225.3,1031.55,2024-10-29,2024-10-29,428,5.0,0,1,1,1,1,Low value / lost,Churned
C07779,Kerala,South,3,4232.07,1424.96,2025-09-26,2025-11-04,57,3.3,0,3,3,2,1,Low value / lost,Active
C08942,Tamil Nadu,South,2,4250.62,1261.41,2024-05-13,2024-05-25,585,3.3,0,3,1,2,1,Low value / lost,Churned
C02257,Delhi,North,2,4258.26,844.09,2025-04-29,2025-09-25,97,1.8,0,5,3,2,1,Low value / lost,Churned
C05412,Maharashtra,West,3,4269.19,1718.07,2024-03-24,2025-08-25,128,3.7,0,3,2,2,1,Low value / lost,Churned
C11428,Telangana,South,3,4270.6,1655.28,2025-07-01,2025-12-28,3,1.7,1,3,5,2,1,New / promising,Active
C11496,Assam,Northeast,1,4271.82,228.27,2024-11-11,2024-11-11,415,6.0,1,2,1,1,1,Low value / lost,Churned
C10884,Delhi,North,1,4274.01,1903.75,2024-12-30,2024-12-30,366,2.0,0,1,1,1,1,Low value / lost,Churned
C02943,Karnataka,South,1,4276.71,1438.44,2025-03-02,2025-03-02,304,2.0,0,2,1,1,1,Low value / lost,Churned
C02335,Uttar Pradesh,North,2,4281.18,1400.82,2024-11-10,2024-12-09,387,4.3,0,3,1,2,1,Low value / lost,Churned
C08857,Rajasthan,North,2,4287.23,811.92,2024-08-21,2025-08-28,125,4.5,0,4,2,2,1,Low value / lost,Churned
C00235,Delhi,North,1,4288.34,1290.87,2025-09-29,2025-09-29,93,2.0,1,1,3,1,1,Low value / lost,Churned
C05402,Gujarat,West,3,4292.67,861.34,2024-03-01,2025-12-03,28,3.3,0,4,4,2,1,New / promising,Active
C00657,Tamil Nadu,South,3,4294.88,86.62,2025-06-07,2025-10-12,80,2.6,0,5,3,2,1,Low value / lost,Active
C10400,Tamil Nadu,South,2,4302.8,1091.16,2025-05-24,2025-06-25,189,1.0,0,3,2,2,1,Low value / lost,Churned
C00089,Maharashtra,West,1,4302.98,-60.53,2024-04-07,2024-04-07,633,2.0,0,1,1,1,1,Low value / lost,Churned
C09417,Delhi,North,1,4302.98,2080.61,2024-11-02,2024-11-02,424,3.0,1,1,1,1,1,Low value / lost,Churned
C07177,Maharashtra,West,4,4309.13,1032.32,2024-12-20,2025-11-02,59,1.8,1,4,3,3,1,Loyal,Active
C08638,Gujarat,West,2,4309.85,-707.25,2024-03-20,2024-04-25,615,4.5,0,2,1,2,1,Low value / lost,Churned
C00102,Madhya Pradesh,Central,1,4327.72,1495.0,2025-11-03,2025-11-03,58,5.0,0,1,3,1,1,Low value / lost,Active
C03668,Delhi,North,1,4330.92,2069.08,2025-10-14,2025-10-14,78,4.0,0,1,3,1,1,Low value / lost,Active
C03422,Assam,Northeast,2,4337.7,980.23,2024-02-17,2024-03-30,641,6.5,0,4,1,2,1,Low value / lost,Churned
C09988,Maharashtra,West,3,4338.1,1360.77,2024-10-01,2025-06-01,213,1.8,0,5,2,2,1,Low value / lost,Churned
C06117,Gujarat,West,2,4340.09,1445.4,2024-09-11,2024-12-28,368,4.0,0,3,1,2,1,Low value / lost,Churned
C11993,Telangana,South,1,4340.82,2551.05,2025-03-14,2025-03-14,292,2.0,0,1,1,1,1,Low value / lost,Churned
C11445,West Bengal,East,1,4341.91,1578.07,2025-09-13,2025-09-13,109,5.0,0,3,3,1,1,Low value / lost,Churned
C10165,West Bengal,East,2,4343.87,1961.42,2024-12-17,2025-09-06,116,5.5,0,2,2,2,1,Low value / lost,Churned
C10015,Maharashtra,West,2,4350.47,813.76,2025-05-29,2025-07-24,160,3.0,2,3,2,2,1,Low value / lost,Churned
C03246,Uttar Pradesh,North,2,4355.01,-26.05,2024-07-06,2025-05-01,244,4.0,0,2,2,2,1,Low value / lost,Churned
C09067,Uttar Pradesh,North,2,4357.46,1281.39,2024-05-28,2025-08-23,130,4.0,0,2,2,2,1,Low value / lost,Churned
C08060,Madhya Pradesh,Central,3,4365.57,1768.99,2025-03-22,2025-10-18,74,4.0,0,4,3,2,1,Low value / lost,Active
C06659,Delhi,North,2,4368.21,818.07,2024-04-18,2025-03-06,300,1.0,1,2,1,2,1,Low value / lost,Churned
C01006,Odisha,East,2,4368.88,1351.2,2025-01-20,2025-08-13,140,7.0,0,3,2,2,1,Low value / lost,Churned
C06377,Rajasthan,North,2,4369.92,793.7,2024-01-21,2024-09-24,463,4.8,0,4,1,2,1,Low value / lost,Churned
C03064,Madhya Pradesh,Central,2,4375.71,1472.8,2024-05-17,2024-09-11,476,3.0,0,2,1,2,1,Low value / lost,Churned
C09535,Delhi,North,1,4381.2,2250.82,2025-06-22,2025-06-22,192,2.0,0,1,2,1,1,Low value / lost,Churned
C04066,Tamil Nadu,South,2,4381.32,1344.64,2024-12-19,2025-09-04,118,3.5,0,2,2,2,1,Low value / lost,Churned
C03317,West Bengal,East,2,4385.6,1278.67,2025-03-31,2025-12-22,9,4.5,0,2,5,2,1,New / promising,Active
C09572,Madhya Pradesh,Central,2,4386.6,1837.32,2025-08-26,2025-11-16,45,3.0,0,2,4,2,1,New / promising,Active
C07135,Maharashtra,West,2,4386.66,1936.31,2025-09-28,2025-10-02,90,2.0,0,2,3,2,1,Low value / lost,Active
C06898,Madhya Pradesh,Central,4,4388.29,668.7,2024-11-18,2025-01-27,338,4.3,0,6,1,3,1,At risk,Churned
C02272,Bihar,East,3,4390.35,622.22,2024-12-02,2025-10-31,61,6.7,1,3,3,2,1,Low value / lost,Active
C00715,Tamil Nadu,South,2,4403.02,1363.93,2024-10-23,2025-05-29,216,4.0,0,3,2,2,1,Low value / lost,Churned
C00265,Maharashtra,West,2,4409.4,1720.91,2025-10-28,2025-11-11,50,2.7,2,3,3,2,1,Low value / lost,Active
C03161,Gujarat,West,2,4409.9,1814.85,2025-03-13,2025-06-19,195,3.3,0,3,2,2,1,Low value / lost,Churned
C04310,Telangana,South,2,4410.96,1858.54,2025-07-05,2025-09-06,116,1.3,0,3,2,2,1,Low value / lost,Churned
C06041,Tamil Nadu,South,2,4416.33,1181.72,2024-12-04,2025-12-17,14,3.3,0,3,5,2,1,New / promising,Active
C07545,Uttar Pradesh,North,2,4419.48,195.49,2025-04-28,2025-11-10,51,3.7,1,3,3,2,1,Low value / lost,Active
C00495,West Bengal,East,1,4424.8,2193.74,2025-10-20,2025-10-20,72,6.0,0,2,3,1,1,Low value / lost,Active
C05440,Karnataka,South,4,4430.99,215.36,2024-08-21,2025-11-25,36,2.6,0,5,4,3,1,Loyal,Active
C04318,Gujarat,West,2,4433.49,1756.96,2024-11-30,2025-10-01,91,2.0,0,2,3,2,1,Low value / lost,Churned
C01079,Karnataka,South,3,4444.26,899.13,2024-10-16,2025-08-28,125,2.5,0,4,2,2,1,Low value / lost,Churned
C02322,Tamil Nadu,South,1,4456.34,1707.6,2025-08-30,2025-08-30,123,2.0,0,3,2,1,1,Low value / lost,Churned
C02468,Maharashtra,West,2,4459.16,1238.44,2024-05-14,2024-06-01,578,1.3,0,4,1,2,1,Low value / lost,Churned
C10394,Maharashtra,West,3,4459.95,1032.08,2024-12-27,2025-12-10,21,3.3,1,4,4,2,1,New / promising,Active
C04415,Tamil Nadu,South,2,4463.29,1387.6,2024-12-29,2025-11-18,43,3.3,1,3,4,2,1,New / promising,Active
C11162,Delhi,North,4,4471.6,1298.14,2025-05-30,2025-07-10,174,3.8,1,4,2,3,1,At risk,Churned
C05457,Odisha,East,1,4482.24,956.42,2024-06-24,2024-06-24,555,5.0,0,3,1,1,1,Low value / lost,Churned
C07288,Karnataka,South,1,4493.04,2374.15,2024-09-01,2024-09-01,486,4.0,0,2,1,1,1,Low value / lost,Churned
C08225,Maharashtra,West,3,4495.37,1533.96,2025-09-05,2025-12-19,12,3.3,0,3,5,2,1,New / promising,Active
C02521,Rajasthan,North,1,4512.53,1131.1,2025-08-17,2025-08-17,136,3.0,0,1,2,1,1,Low value / lost,Churned
C08681,Delhi,North,3,4516.54,1095.79,2025-05-19,2025-09-29,93,1.3,1,3,3,2,1,Low value / lost,Churned
C07650,Maharashtra,West,4,4520.35,1691.52,2024-09-21,2025-12-10,21,2.0,1,4,4,3,1,Loyal,Active
C11915,Uttar Pradesh,North,2,4526.55,1598.01,2024-09-11,2024-09-28,459,5.0,0,2,1,2,1,Low value / lost,Churned
C02883,West Bengal,East,6,4526.87,1315.8,2024-10-09,2025-12-30,1,4.2,0,6,5,3,1,Loyal,Active
C10493,Uttar Pradesh,North,2,4529.75,679.7,2024-05-17,2024-12-09,387,3.0,1,4,1,2,1,Low value / lost,Churned
C10866,Assam,Northeast,1,4535.79,502.56,2024-11-29,2024-11-29,397,8.0,0,1,1,1,1,Low value / lost,Churned
C04769,Delhi,North,2,4536.12,1125.82,2024-12-04,2025-01-20,345,1.7,0,3,1,2,1,Low value / lost,Churned
C09155,Maharashtra,West,3,4537.83,1550.33,2024-09-29,2025-12-12,19,3.0,1,3,4,2,1,New / promising,Active
C00646,Karnataka,South,2,4538.36,1421.48,2025-10-27,2025-11-30,31,2.0,0,2,4,2,1,New / promising,Active
C09262,Telangana,South,2,4540.35,1399.7,2024-09-17,2025-03-20,286,3.3,0,3,1,2,1,Low value / lost,Churned
C04878,Kerala,South,2,4541.44,1640.55,2024-12-27,2025-01-09,356,4.5,0,2,1,2,1,Low value / lost,Churned
C00065,Gujarat,West,3,4548.24,1232.48,2024-12-05,2025-11-07,54,3.7,0,3,3,2,1,Low value / lost,Active
C07993,Karnataka,South,3,4555.12,1553.63,2024-09-08,2025-03-31,275,3.0,0,3,1,2,1,Low value / lost,Churned
C06444,Uttar Pradesh,North,1,4555.47,1820.08,2025-08-02,2025-08-02,151,1.0,0,2,2,1,1,Low value / lost,Churned
C10579,Madhya Pradesh,Central,3,4557.2,777.48,2024-05-18,2024-08-22,496,3.8,0,4,1,2,1,Low value / lost,Churned
C08006,Uttar Pradesh,North,2,4558.69,1123.69,2024-10-28,2025-04-23,252,3.3,1,3,2,2,1,Low value / lost,Churned
C08795,Rajasthan,North,3,4560.12,1514.59,2025-07-30,2025-11-13,48,4.0,1,3,3,2,1,Low value / lost,Active
C07992,Maharashtra,West,2,4568.87,1725.68,2025-05-04,2025-12-01,30,2.0,0,2,4,2,1,New / promising,Active
C07487,Assam,Northeast,2,4571.22,1787.81,2025-04-18,2025-09-09,113,7.0,0,2,2,2,1,Low value / lost,Churned
C08744,Delhi,North,4,4590.42,1817.7,2025-03-10,2025-08-11,142,1.4,1,5,2,3,1,At risk,Churned
C06540,Delhi,North,1,4593.46,2073.11,2024-10-24,2024-10-24,433,2.0,0,1,1,1,1,Low value / lost,Churned
C02803,Kerala,South,3,4595.54,853.5,2024-10-22,2025-06-19,195,3.4,0,5,2,2,1,Low value / lost,Churned
C05318,Bihar,East,5,4601.3,590.63,2024-12-09,2025-10-04,88,7.2,0,6,3,3,1,Loyal,Active
C07015,Maharashtra,West,4,4601.45,1639.91,2025-07-20,2025-12-08,23,2.0,0,5,4,3,1,Loyal,Active
C01606,Delhi,North,1,4601.6,1839.11,2025-07-21,2025-07-21,163,3.0,0,1,2,1,1,Low value / lost,Churned
C09525,Karnataka,South,3,4603.82,1636.54,2024-04-17,2024-06-27,552,3.6,1,5,1,2,2,Low value / lost,Churned
C10030,Tamil Nadu,South,2,4609.79,2029.85,2024-04-16,2025-02-01,333,4.7,0,3,1,2,2,Low value / lost,Churned
C07785,Tamil Nadu,South,3,4611.11,1800.13,2025-01-11,2025-11-12,49,3.0,0,3,3,2,2,Low value / lost,Active
C07910,Rajasthan,North,1,4612.7,1510.85,2025-07-03,2025-07-03,181,3.0,1,2,2,1,2,Low value / lost,Churned
C03397,Assam,Northeast,1,4614.79,1944.91,2024-11-29,2024-11-29,397,8.0,0,2,1,1,2,Low value / lost,Churned
C08838,Karnataka,South,1,4616.81,1609.01,2024-11-06,2024-11-06,420,2.0,0,3,1,1,2,Low value / lost,Churned
C07944,Kerala,South,2,4618.49,1621.41,2025-10-15,2025-12-07,24,3.5,1,2,4,2,2,New / promising,Active
C00846,Karnataka,South,3,4621.25,1694.75,2025-02-08,2025-05-24,221,2.8,0,4,2,2,2,Low value / lost,Churned
C05763,Tamil Nadu,South,1,4628.32,2252.53,2024-12-13,2024-12-13,383,3.0,0,2,1,1,2,Low value / lost,Churned
C00369,Gujarat,West,2,4631.62,-844.1,2025-05-30,2025-12-10,21,3.7,1,3,4,2,2,New / promising,Active
C09871,Delhi,North,1,4631.92,1220.06,2025-06-05,2025-06-05,209,3.0,2,3,2,1,2,Low value / lost,Churned
C07488,Telangana,South,4,4639.73,701.48,2025-04-17,2025-10-08,84,2.8,0,4,3,3,2,Loyal,Active
C09727,Karnataka,South,3,4653.19,1021.57,2025-05-30,2025-12-03,28,3.3,0,3,4,2,2,New / promising,Active
C07078,Madhya Pradesh,Central,1,4653.42,1638.35,2025-09-04,2025-09-04,118,4.0,0,1,2,1,2,Low value / lost,Churned
C11657,Madhya Pradesh,Central,2,4658.68,1425.58,2025-09-20,2025-11-27,34,3.0,0,3,4,2,2,New / promising,Active
C04888,Rajasthan,North,1,4663.77,1540.38,2024-10-23,2024-10-23,434,6.0,1,1,1,1,2,Low value / lost,Churned
C10173,Maharashtra,West,1,4674.18,1747.57,2025-09-14,2025-09-14,108,5.0,1,2,3,1,2,Low value / lost,Churned
C09503,Maharashtra,West,1,4676.69,1894.23,2024-12-17,2024-12-17,379,1.0,0,2,1,1,2,Low value / lost,Churned
C02503,Karnataka,South,2,4681.67,1094.83,2025-03-15,2025-04-02,273,2.3,1,3,2,2,2,Low value / lost,Churned
C11990,Uttar Pradesh,North,1,4686.16,1182.47,2024-06-17,2024-06-17,562,5.0,0,3,1,1,2,Low value / lost,Churned
C05786,Maharashtra,West,1,4687.75,704.92,2025-06-14,2025-06-14,200,2.0,1,2,2,1,2,Low value / lost,Churned
C11281,Kerala,South,2,4689.18,957.88,2025-04-12,2025-04-15,260,4.0,0,2,2,2,2,Low value / lost,Churned
C04588,Gujarat,West,2,4694.28,1451.39,2024-11-29,2025-03-04,302,3.5,0,2,1,2,2,Low value / lost,Churned
C01667,Karnataka,South,4,4696.99,2011.53,2024-09-14,2025-11-16,45,2.0,0,4,4,3,2,Loyal,Active
C08755,Karnataka,South,2,4698.58,1542.31,2024-03-22,2024-12-29,367,3.0,0,3,1,2,2,Low value / lost,Churned
C09541,Maharashtra,West,1,4698.83,1581.33,2024-10-14,2024-10-14,443,1.0,0,2,1,1,2,Low value / lost,Churned
C08711,Telangana,South,1,4701.48,1683.14,2024-05-11,2024-05-11,599,3.0,1,1,1,1,2,Low value / lost,Churned
C07961,Gujarat,West,1,4702.26,1778.99,2025-03-10,2025-03-10,296,5.0,0,2,1,1,2,Low value / lost,Churned
C07439,Delhi,North,2,4708.63,1644.24,2024-06-20,2025-11-08,53,1.5,0,2,3,2,2,Low value / lost,Active
C09273,Karnataka,South,3,4709.66,1304.22,2025-04-24,2025-11-30,31,1.8,0,4,4,2,2,New / promising,Active
C01547,Madhya Pradesh,Central,1,4713.16,741.32,2024-07-15,2024-07-15,534,4.0,0,1,1,1,2,Low value / lost,Churned
C01596,Telangana,South,1,4716.38,63.13,2025-06-14,2025-06-14,200,2.0,0,1,2,1,2,Low value / lost,Churned
C00158,Assam,Northeast,1,4720.19,1834.98,2024-12-28,2024-12-28,368,9.0,0,1,1,1,2,Low value / lost,Churned
C09255,Maharashtra,West,3,4731.2,1854.67,2025-04-20,2025-11-09,52,2.5,0,4,3,2,2,Low value / lost,Active
C06483,Telangana,South,2,4734.32,1356.87,2025-04-16,2025-12-11,20,2.0,0,4,4,2,2,New / promising,Active
C00430,Tamil Nadu,South,4,4735.71,543.19,2024-05-26,2025-08-26,127,3.5,0,4,2,3,2,At risk,Churned
C00211,Karnataka,South,4,4735.82,1230.49,2024-04-12,2024-09-16,471,2.5,0,4,1,3,2,At risk,Churned
C00986,Uttar Pradesh,North,5,4740.54,1387.41,2024-10-31,2025-12-06,25,3.0,1,5,4,3,2,Loyal,Active
C09085,Maharashtra,West,3,4740.91,1721.43,2024-12-20,2025-11-09,52,1.6,0,5,3,2,2,Low value / lost,Active
C09322,Rajasthan,North,3,4743.83,1098.82,2025-03-26,2025-07-05,179,4.8,0,5,2,2,2,Low value / lost,Churned
C00611,Uttar Pradesh,North,4,4744.89,512.84,2025-02-13,2025-12-26,5,3.8,3,5,5,3,2,Loyal,Active
C10278,Delhi,North,1,4751.33,1265.47,2024-12-09,2024-12-09,387,1.0,1,2,1,1,2,Low value / lost,Churned
C02180,Kerala,South,3,4763.42,1476.55,2024-02-28,2024-10-16,441,4.0,0,4,1,2,2,Low value / lost,Churned
C02864,Maharashtra,West,2,4769.55,632.8,2024-11-09,2024-12-30,366,2.7,0,3,1,2,2,Low value / lost,Churned
C03290,Tamil Nadu,South,3,4769.78,877.22,2024-11-23,2025-04-06,269,3.7,1,3,2,2,2,Low value / lost,Churned
C03249,Madhya Pradesh,Central,1,4776.71,1899.08,2025-10-26,2025-10-26,66,4.0,0,3,3,1,2,Low value / lost,Active
C08034,Rajasthan,North,2,4779.9,1231.54,2025-07-10,2025-12-27,4,4.7,0,3,5,2,2,New / promising,Active
C08377,Maharashtra,West,5,4784.32,1713.5,2025-02-17,2025-10-08,84,2.8,0,5,3,3,2,Loyal,Active
C07907,Maharashtra,West,2,4786.06,1131.17,2025-06-28,2025-11-21,40,4.5,0,4,4,2,2,New / promising,Active
C01534,Maharashtra,West,1,4788.32,-892.03,2025-11-28,2025-11-28,33,4.0,0,2,4,1,2,New / promising,Active
C08302,Maharashtra,West,3,4788.33,1595.13,2024-06-15,2024-10-17,440,2.3,1,3,1,2,2,Low value / lost,Churned
C04426,Telangana,South,5,4793.22,1433.78,2024-04-24,2024-06-19,560,2.2,0,5,1,3,2,At risk,Churned
C01223,Rajasthan,North,3,4795.53,579.34,2024-04-19,2024-09-01,486,4.3,0,4,1,2,2,Low value / lost,Churned
C10412,Rajasthan,North,5,4796.88,1512.48,2024-05-26,2024-10-13,444,3.6,1,5,1,3,2,At risk,Churned
C03198,Rajasthan,North,2,4800.45,1842.68,2025-06-26,2025-10-01,91,5.0,0,3,3,2,2,Low value / lost,Churned
C06187,Maharashtra,West,4,4800.73,1392.33,2024-08-07,2025-11-07,54,3.3,0,4,3,3,2,Loyal,Active
C01103,Delhi,North,2,4803.98,1727.11,2024-12-09,2025-11-03,58,1.5,0,2,3,2,2,Low value / lost,Active
C03638,Kerala,South,5,4818.39,1913.26,2024-06-13,2025-12-15,16,2.8,0,6,5,3,2,Loyal,Active
C10950,Rajasthan,North,4,4829.92,1468.53,2025-05-10,2025-11-21,40,3.5,0,4,4,3,2,Loyal,Active
C06006,Rajasthan,North,3,4848.97,1386.32,2024-06-23,2024-08-29,489,3.7,0,3,1,2,2,Low value / lost,Churned
C01732,Uttar Pradesh,North,1,4850.81,-1394.83,2024-12-24,2024-12-24,372,5.0,0,1,1,1,2,Low value / lost,Churned
C05232,West Bengal,East,1,4852.42,1244.09,2024-09-28,2024-09-28,459,5.0,2,3,1,1,2,Low value / lost,Churned
C03906,Tamil Nadu,South,3,4855.35,1489.2,2025-08-22,2025-12-12,19,2.3,0,3,4,2,2,New / promising,Active
C06040,Telangana,South,3,4861.88,1311.07,2025-07-18,2025-11-29,32,3.0,0,4,4,2,2,New / promising,Active
C10703,Maharashtra,West,5,4862.77,1788.61,2025-05-31,2025-11-11,50,2.4,0,5,3,3,2,Loyal,Active
C06977,Maharashtra,West,1,4863.11,1588.42,2024-10-04,2024-10-04,453,5.0,1,2,1,1,2,Low value / lost,Churned
C04971,Uttar Pradesh,North,2,4882.89,1840.23,2024-11-24,2025-12-08,23,3.7,0,3,4,2,2,New / promising,Active
C04956,Maharashtra,West,2,4883.08,1520.56,2025-05-16,2025-08-05,148,3.5,0,2,2,2,2,Low value / lost,Churned
C04345,Gujarat,West,2,4883.79,892.61,2025-05-06,2025-05-11,234,3.5,0,2,2,2,2,Low value / lost,Churned
C09378,West Bengal,East,1,4898.26,1597.82,2025-08-04,2025-08-04,149,6.0,0,2,2,1,2,Low value / lost,Churned
C02242,Bihar,East,2,4898.52,1051.66,2024-12-18,2025-02-09,325,6.5,0,2,1,2,2,Low value / lost,Churned
C00002,Telangana,South,4,4914.26,1597.64,2025-06-30,2025-12-06,25,2.2,1,5,4,3,2,Loyal,Active
C05638,Rajasthan,North,2,4914.82,2144.73,2025-07-28,2025-12-15,16,4.0,0,2,5,2,2,New / promising,Active
C01539,Delhi,North,1,4914.9,1462.15,2024-04-12,2024-04-12,628,2.0,0,1,1,1,2,Low value / lost,Churned
C11039,Karnataka,South,2,4917.26,670.49,2025-01-07,2025-01-16,349,3.0,0,2,1,2,2,Low value / lost,Churned
C11401,Karnataka,South,2,4926.15,1367.13,2025-08-23,2025-08-31,122,3.0,1,2,2,2,2,Low value / lost,Churned
C11352,Telangana,South,3,4928.01,775.94,2024-11-11,2025-12-11,20,2.6,0,5,4,2,2,New / promising,Active
C07255,Rajasthan,North,2,4944.54,1598.47,2025-04-04,2025-11-24,37,4.0,0,2,4,2,2,New / promising,Active
C04531,Tamil Nadu,South,1,4944.92,2288.65,2025-09-08,2025-09-08,114,2.0,0,3,2,1,2,Low value / lost,Churned
C03247,Maharashtra,West,3,4958.33,1105.74,2024-04-30,2024-10-23,434,2.5,0,4,1,2,2,Low value / lost,Churned
C09529,West Bengal,East,3,4962.43,1335.44,2025-06-13,2025-12-18,13,4.7,0,3,5,2,2,New / promising,Active
C02544,Gujarat,West,4,4975.41,1227.11,2024-12-08,2025-05-19,226,3.0,1,4,2,3,2,At risk,Churned
C02188,Maharashtra,West,3,4982.51,691.33,2024-11-04,2025-03-21,285,2.0,0,3,1,2,2,Low value / lost,Churned
C02469,Bihar,East,3,4987.47,1544.56,2024-04-29,2025-03-24,282,6.8,0,4,1,2,2,Low value / lost,Churned
C07406,Uttar Pradesh,North,5,4988.69,1949.08,2025-01-05,2025-10-01,91,4.2,2,5,3,3,2,Loyal,Churned
C05273,Telangana,South,1,4994.41,1616.4,2025-11-20,2025-11-20,41,2.0,1,3,4,1,2,New / promising,Active
C07436,Karnataka,South,2,4997.1,1693.49,2024-08-18,2024-11-28,398,3.5,0,2,1,2,2,Low value / lost,Churned
C03414,West Bengal,East,3,5001.2,1148.31,2025-02-02,2025-12-16,15,5.3,0,3,5,2,2,New / promising,Active
C01106,Delhi,North,2,5007.7,2326.36,2025-02-16,2025-09-06,116,1.0,0,2,2,2,2,Low value / lost,Churned
C08014,Telangana,South,3,5007.94,-158.0,2025-03-08,2025-11-09,52,4.4,2,5,3,2,2,Low value / lost,Active
C10919,Delhi,North,4,5008.41,1747.98,2025-06-20,2025-10-28,64,2.0,1,4,3,3,2,Loyal,Active
C01952,Delhi,North,3,5008.91,1630.56,2025-06-11,2025-12-08,23,1.0,0,4,4,2,2,New / promising,Active
C04050,Madhya Pradesh,Central,1,5016.93,303.36,2025-11-05,2025-11-05,56,4.0,0,1,3,1,2,Low value / lost,Active
C00132,Telangana,South,2,5020.33,794.24,2025-01-08,2025-05-05,240,2.7,0,3,2,2,2,Low value / lost,Churned
C02667,Telangana,South,1,5020.73,2061.1,2024-05-07,2024-05-07,603,2.0,0,2,1,1,2,Low value / lost,Churned
C10498,Maharashtra,West,4,5024.37,1561.69,2025-06-29,2025-11-12,49,2.3,0,4,3,3,2,Loyal,Active
C07340,Madhya Pradesh,Central,3,5024.96,1699.82,2024-04-12,2024-10-03,454,5.0,0,3,1,2,2,Low value / lost,Churned
C00776,Delhi,North,1,5025.32,1786.55,2024-12-24,2024-12-24,372,3.0,0,3,1,1,2,Low value / lost,Churned
C05733,Telangana,South,2,5027.96,599.49,2025-06-02,2025-07-24,160,3.0,0,2,2,2,2,Low value / lost,Churned
C10782,Uttar Pradesh,North,2,5029.91,1447.98,2024-06-06,2025-10-04,88,2.3,1,3,3,2,2,Low value / lost,Active
C06242,Odisha,East,1,5032.71,1543.28,2024-02-09,2024-02-09,691,6.0,0,1,1,1,2,Low value / lost,Churned
C05626,Telangana,South,7,5036.34,1703.12,2024-09-02,2025-12-14,17,1.9,0,7,5,4,2,Champions,Active
C02395,Madhya Pradesh,Central,2,5038.32,648.84,2025-03-07,2025-12-13,18,4.5,0,2,4,2,2,New / promising,Active
C08355,Telangana,South,2,5039.54,1633.3,2025-05-29,2025-06-19,195,2.5,0,2,2,2,2,Low value / lost,Churned
C09130,Telangana,South,2,5042.66,1448.55,2025-04-15,2025-09-11,111,3.0,0,3,2,2,2,Low value / lost,Churned
C01064,Uttar Pradesh,North,1,5044.94,1557.34,2024-11-07,2024-11-07,419,1.0,1,3,1,1,2,Low value / lost,Churned
C06765,Karnataka,South,5,5046.63,1466.19,2024-05-27,2025-11-11,50,2.0,1,6,3,3,2,Loyal,Active
C08079,Gujarat,West,3,5050.14,1209.21,2025-06-12,2025-12-03,28,3.0,1,3,4,2,2,New / promising,Active
C00972,Telangana,South,4,5056.35,1645.97,2024-03-06,2025-07-22,162,1.6,0,5,2,3,2,At risk,Churned
C08251,Maharashtra,West,2,5064.52,1742.28,2025-04-23,2025-11-26,35,2.7,2,3,4,2,2,New / promising,Active
C02078,Rajasthan,North,4,5075.9,744.13,2025-02-23,2025-12-12,19,3.8,2,4,4,3,2,Loyal,Active
C07623,Delhi,North,2,5083.38,844.76,2025-03-04,2025-12-24,7,1.5,1,4,5,2,2,New / promising,Active
C09388,Rajasthan,North,3,5084.48,895.76,2025-08-29,2025-11-04,57,3.3,0,3,3,2,2,Low value / lost,Active
C08685,Gujarat,West,2,5089.6,439.86,2024-12-29,2025-12-06,25,3.3,0,4,4,2,2,New / promising,Active
C03046,Uttar Pradesh,North,1,5090.44,2105.35,2024-11-13,2024-11-13,413,3.0,0,3,1,1,2,Low value / lost,Churned
C06167,Delhi,North,2,5091.88,2195.16,2025-05-28,2025-11-24,37,3.7,0,3,4,2,2,New / promising,Active
C01698,Delhi,North,1,5095.38,1497.84,2025-03-03,2025-03-03,303,3.0,1,3,1,1,2,Low value / lost,Churned
C02321,Gujarat,West,6,5116.48,562.81,2025-04-10,2025-12-30,1,3.2,0,6,5,3,2,Loyal,Active
C08422,Rajasthan,North,3,5118.88,1659.65,2025-07-01,2025-08-08,145,3.0,0,3,2,2,2,Low value / lost,Churned
C02788,West Bengal,East,2,5134.71,2075.94,2024-08-06,2024-09-10,477,6.0,0,2,1,2,2,Low value / lost,Churned
C11827,Karnataka,South,1,5140.42,2075.85,2025-01-17,2025-01-17,348,2.0,1,2,1,1,2,Low value / lost,Churned
C07629,West Bengal,East,2,5162.19,366.15,2025-05-29,2025-06-04,210,7.4,0,5,2,2,2,Low value / lost,Churned
C05469,Uttar Pradesh,North,2,5163.86,658.24,2025-07-17,2025-11-14,47,3.8,0,4,4,2,2,New / promising,Active
C05297,Maharashtra,West,1,5164.37,1625.76,2024-09-01,2024-09-01,486,2.0,1,3,1,1,2,Low value / lost,Churned
C01164,Tamil Nadu,South,2,5170.07,-154.02,2025-06-24,2025-11-12,49,3.5,0,2,3,2,2,Low value / lost,Active
C10473,Delhi,North,2,5171.11,1134.47,2025-05-17,2025-10-06,86,3.0,0,2,3,2,2,Low value / lost,Active
C03434,Telangana,South,3,5184.22,1726.62,2024-09-10,2025-11-13,48,2.6,0,5,3,2,2,Low value / lost,Active
C10406,Tamil Nadu,South,2,5186.03,72.13,2024-02-25,2024-04-26,614,3.0,1,4,1,2,2,Low value / lost,Churned
C02826,Delhi,North,2,5197.86,1760.2,2024-11-13,2025-06-07,207,3.0,0,3,2,2,2,Low value / lost,Churned
C11107,Telangana,South,2,5202.13,1977.87,2025-08-02,2025-12-22,9,4.5,2,4,5,2,2,New / promising,Active
C09784,Tamil Nadu,South,1,5204.75,1639.8,2025-08-27,2025-08-27,126,5.0,1,2,2,1,2,Low value / lost,Churned
C00477,Delhi,North,2,5210.89,2151.85,2025-06-23,2025-08-16,137,2.0,0,4,2,2,2,Low value / lost,Churned
C11135,Rajasthan,North,3,5236.48,1600.99,2025-03-05,2025-07-24,160,3.5,1,6,2,2,2,Low value / lost,Churned
C01802,Rajasthan,North,2,5236.64,1585.14,2025-07-31,2025-08-12,141,4.0,0,2,2,2,2,Low value / lost,Churned
C03270,Maharashtra,West,1,5240.35,1955.23,2025-10-26,2025-10-26,66,1.0,0,1,3,1,2,Low value / lost,Active
C09935,West Bengal,East,1,5240.49,1822.79,2025-11-01,2025-11-01,60,4.0,0,1,3,1,2,Low value / lost,Active
C03055,Maharashtra,West,2,5242.92,1688.6,2024-08-06,2024-08-13,505,1.5,0,2,1,2,2,Low value / lost,Churned
C04255,Telangana,South,2,5250.75,972.25,2024-11-11,2025-04-28,247,2.0,0,2,2,2,2,Low value / lost,Churned
C08203,Karnataka,South,1,5273.38,1259.83,2025-07-12,2025-07-12,172,3.0,1,1,2,1,2,Low value / lost,Churned
C10055,Delhi,North,3,5273.9,2243.27,2024-04-04,2024-10-30,427,2.3,1,3,1,2,2,Low value / lost,Churned
C00014,Tamil Nadu,South,6,5274.42,900.46,2024-05-24,2025-04-15,260,3.3,2,6,2,3,2,At risk,Churned
C07133,Bihar,East,2,5275.54,1596.09,2025-01-05,2025-10-07,85,5.3,0,3,3,2,2,Low value / lost,Active
C03980,Tamil Nadu,South,2,5277.26,1675.88,2025-10-14,2025-11-14,47,3.3,1,3,3,2,2,Low value / lost,Active
C03898,Karnataka,South,2,5278.51,1869.06,2025-10-26,2025-12-05,26,1.5,0,2,4,2,2,New / promising,Active
C10647,Tamil Nadu,South,3,5281.24,1792.15,2025-06-10,2025-11-06,55,3.0,1,5,3,2,2,Low value / lost,Active
C10657,Rajasthan,North,1,5287.66,1627.63,2025-07-12,2025-07-12,172,4.0,0,2,2,1,2,Low value / lost,Churned
C01014,Delhi,North,4,5291.22,1507.56,2025-05-27,2025-11-27,34,2.5,0,4,4,3,2,Loyal,Active
C02655,Gujarat,West,3,5294.78,1316.58,2025-06-23,2025-12-20,11,3.5,0,4,5,2,2,New / promising,Active
C06868,Madhya Pradesh,Central,1,5307.86,916.69,2025-06-03,2025-06-03,211,3.0,0,3,2,1,2,Low value / lost,Churned
C08294,Delhi,North,3,5315.45,1226.98,2024-12-26,2025-10-13,79,2.2,2,5,3,2,2,Low value / lost,Active
C01517,Assam,Northeast,2,5320.6,852.39,2024-07-23,2024-09-09,478,8.7,1,3,1,2,2,Low value / lost,Churned
C08041,Uttar Pradesh,North,3,5326.08,1852.25,2024-07-25,2025-09-17,105,2.0,0,3,3,2,2,Low value / lost,Churned
C00164,Maharashtra,West,3,5326.36,1327.95,2025-07-12,2025-08-19,134,2.3,0,3,2,2,2,Low value / lost,Churned
C03769,Telangana,South,2,5327.94,-196.05,2024-06-13,2024-10-02,455,2.5,0,2,1,2,2,Low value / lost,Churned
C01661,Karnataka,South,2,5328.12,2033.17,2025-04-20,2025-11-13,48,2.3,0,3,3,2,2,Low value / lost,Active
C09141,Tamil Nadu,South,1,5332.3,2900.49,2025-08-05,2025-08-05,148,3.0,0,3,2,1,2,Low value / lost,Churned
C02621,Telangana,South,2,5335.12,1775.3,2024-06-13,2025-10-01,91,2.5,0,2,3,2,2,Low value / lost,Churned
C07509,Bihar,East,1,5337.82,1883.16,2025-12-21,2025-12-21,10,10.0,0,1,5,1,2,New / promising,Active
C09387,Bihar,East,2,5339.42,1746.94,2024-04-10,2024-04-11,629,7.5,0,2,1,2,2,Low value / lost,Churned
C02537,Maharashtra,West,2,5340.2,1840.69,2025-04-15,2025-12-24,7,2.5,0,4,5,2,2,New / promising,Active
C05164,Karnataka,South,1,5340.64,1742.2,2025-03-27,2025-03-27,279,2.0,0,1,1,1,2,Low value / lost,Churned
C04350,Gujarat,West,3,5341.29,2157.76,2024-03-25,2024-09-21,466,3.3,1,3,1,2,2,Low value / lost,Churned
C05604,West Bengal,East,3,5345.56,1837.4,2025-01-02,2025-09-03,119,4.0,2,5,2,2,2,Low value / lost,Churned
C07624,Rajasthan,North,2,5348.25,1881.52,2025-04-06,2025-11-21,40,4.0,0,2,4,2,2,New / promising,Active
C09528,Delhi,North,1,5350.94,1990.08,2024-07-03,2024-07-03,546,3.0,0,1,1,1,2,Low value / lost,Churned
C11395,Tamil Nadu,South,3,5358.24,1422.08,2024-02-11,2024-04-11,629,3.5,1,4,1,2,2,Low value / lost,Churned
C01072,Tamil Nadu,South,1,5362.67,687.02,2025-01-11,2025-01-11,354,1.0,0,1,1,1,2,Low value / lost,Churned
C10982,Rajasthan,North,2,5364.56,2005.05,2024-06-17,2025-10-26,66,3.0,0,3,3,2,2,Low value / lost,Active
C11056,Maharashtra,West,3,5365.66,1704.31,2025-05-05,2025-11-26,35,2.0,1,3,4,2,2,New / promising,Active
C07817,Maharashtra,West,1,5366.92,2885.47,2025-11-10,2025-11-10,51,4.0,0,1,3,1,2,Low value / lost,Active
C07755,Rajasthan,North,1,5376.61,1912.72,2025-02-07,2025-02-07,327,4.0,1,3,1,1,2,Low value / lost,Churned
C01614,Maharashtra,West,3,5377.9,825.86,2025-01-05,2025-12-12,19,3.5,1,4,4,2,2,New / promising,Active
C08686,Delhi,North,1,5386.46,194.26,2025-03-06,2025-03-06,300,1.0,1,1,1,1,2,Low value / lost,Churned
C11590,Maharashtra,West,3,5393.35,666.07,2024-09-02,2024-11-05,421,2.7,0,3,1,2,2,Low value / lost,Churned
C04653,Rajasthan,North,3,5399.81,1578.13,2025-08-01,2025-12-17,14,4.0,1,4,5,2,2,New / promising,Active
C08918,Uttar Pradesh,North,2,5400.44,1529.33,2025-05-19,2025-08-05,148,3.3,2,3,2,2,2,Low value / lost,Churned
C11641,Kerala,South,1,5402.73,1693.82,2025-05-30,2025-05-30,215,4.0,1,3,2,1,2,Low value / lost,Churned
C00716,Tamil Nadu,South,3,5408.35,1963.88,2025-02-08,2025-12-30,1,3.0,1,5,5,2,2,New / promising,Active
C02109,Karnataka,South,1,5411.62,1048.23,2025-11-16,2025-11-16,45,2.0,0,1,4,1,2,New / promising,Active
C08466,Maharashtra,West,3,5419.31,1574.25,2025-01-28,2025-10-09,83,3.0,0,4,3,2,2,Low value / lost,Active
C04454,Kerala,South,2,5424.36,1684.54,2025-05-25,2025-10-04,88,4.3,0,4,3,2,2,Low value / lost,Active
C00894,Maharashtra,West,2,5424.58,841.01,2025-04-29,2025-11-06,55,1.3,0,4,3,2,2,Low value / lost,Active
C00765,Maharashtra,West,2,5427.65,1526.39,2025-07-31,2025-10-18,74,4.0,2,2,3,2,2,Low value / lost,Active
C11777,Gujarat,West,4,5432.03,1597.19,2024-10-22,2025-04-24,251,4.0,1,5,2,3,2,At risk,Churned
C09042,Maharashtra,West,4,5438.63,716.5,2024-08-11,2025-05-28,217,3.0,0,4,2,3,2,At risk,Churned
C02054,Kerala,South,1,5439.5,1460.17,2025-04-19,2025-04-19,256,6.0,0,3,2,1,2,Low value / lost,Churned
C03704,Maharashtra,West,1,5461.0,2008.4,2025-03-05,2025-03-05,301,2.0,0,1,1,1,2,Low value / lost,Churned
C05347,Maharashtra,West,1,5464.65,1672.16,2024-09-15,2024-09-15,472,3.0,1,2,1,1,2,Low value / lost,Churned
C09489,Maharashtra,West,3,5469.5,1059.66,2024-01-28,2024-02-15,685,2.5,1,4,1,2,2,Low value / lost,Churned
C00967,Uttar Pradesh,North,2,5472.82,145.32,2025-01-27,2025-04-11,264,3.5,0,2,2,2,2,Low value / lost,Churned
C11978,Tamil Nadu,South,3,5475.21,1416.27,2024-11-01,2025-03-11,295,1.5,0,4,1,2,2,Low value / lost,Churned
C08874,Maharashtra,West,1,5482.58,1867.54,2025-12-14,2025-12-14,17,4.0,1,1,5,1,2,New / promising,Active
C01586,Karnataka,South,2,5499.56,1638.25,2025-05-02,2025-05-17,228,2.5,0,4,2,2,2,Low value / lost,Churned
C06000,Telangana,South,3,5499.99,2239.58,2025-03-20,2025-08-04,149,3.0,2,4,2,2,2,Low value / lost,Churned
C09750,Delhi,North,1,5510.93,1953.62,2025-10-27,2025-10-27,65,3.0,0,2,3,1,2,Low value / lost,Active
C10037,Uttar Pradesh,North,4,5512.33,631.81,2024-10-06,2024-12-17,379,2.3,1,4,1,3,2,At risk,Churned
C05843,Bihar,East,3,5513.12,1823.15,2024-10-12,2025-10-21,71,5.0,0,3,3,2,2,Low value / lost,Active
C05910,Bihar,East,1,5527.66,2172.94,2024-11-22,2024-11-22,404,4.0,2,3,1,1,2,Low value / lost,Churned
C00436,West Bengal,East,1,5530.43,2053.2,2025-05-04,2025-05-04,241,5.0,0,2,2,1,2,Low value / lost,Churned
C01435,Uttar Pradesh,North,3,5538.94,1067.14,2024-05-24,2025-12-15,16,3.8,1,4,5,2,2,New / promising,Active
C05023,Karnataka,South,2,5539.14,2027.24,2024-12-04,2024-12-11,385,3.0,0,3,1,2,2,Low value / lost,Churned
C05256,Karnataka,South,2,5543.97,2493.84,2025-04-12,2025-09-01,121,2.3,0,4,2,2,2,Low value / lost,Churned
C10130,Uttar Pradesh,North,1,5545.7,825.97,2025-07-13,2025-07-13,171,4.0,0,1,2,1,2,Low value / lost,Churned
C01115,Telangana,South,3,5549.44,1299.54,2024-09-08,2024-12-24,372,2.7,1,3,1,2,2,Low value / lost,Churned
C07199,Gujarat,West,3,5559.85,2004.63,2024-11-03,2025-04-17,258,4.8,0,5,2,2,2,Low value / lost,Churned
C08992,Delhi,North,2,5566.1,1515.38,2025-07-12,2025-08-05,148,2.3,0,3,2,2,2,Low value / lost,Churned
C07105,Uttar Pradesh,North,5,5574.74,1270.45,2024-12-05,2025-05-22,223,2.4,0,5,2,3,2,At risk,Churned
C07453,Tamil Nadu,South,3,5580.66,1837.04,2024-10-12,2025-11-21,40,3.0,1,3,4,2,2,New / promising,Active
C11564,Delhi,North,2,5581.42,1279.77,2024-12-13,2025-03-01,305,1.6,1,5,1,2,2,Low value / lost,Churned
C08878,Bihar,East,3,5588.76,235.31,2024-10-31,2025-08-14,139,7.0,0,5,2,2,2,Low value / lost,Churned
C03841,Uttar Pradesh,North,2,5594.88,1739.21,2025-07-24,2025-08-02,151,4.0,1,2,2,2,2,Low value / lost,Churned
C05306,Rajasthan,North,3,5598.43,1379.24,2025-06-30,2025-10-03,89,4.7,0,3,3,2,2,Low value / lost,Active
C05530,Rajasthan,North,1,5603.92,60.01,2025-12-04,2025-12-04,27,3.0,1,2,4,1,2,New / promising,Active
C06408,Odisha,East,2,5609.43,1428.5,2025-05-13,2025-08-28,125,6.3,1,3,2,2,2,Low value / lost,Churned
C07556,Kerala,South,3,5609.43,1594.56,2025-05-11,2025-08-28,125,3.0,1,3,2,2,2,Low value / lost,Churned
C07411,Tamil Nadu,South,2,5616.47,2385.71,2024-09-17,2025-04-13,262,3.0,1,3,2,2,2,Low value / lost,Churned
C00749,Delhi,North,3,5619.36,2285.1,2024-05-15,2025-12-25,6,2.7,1,3,5,2,2,New / promising,Active
C03550,Tamil Nadu,South,3,5620.08,-28.91,2024-08-12,2025-12-18,13,3.3,1,3,5,2,2,New / promising,Active
C08206,Tamil Nadu,South,2,5624.67,1167.88,2024-01-09,2024-01-10,721,4.0,1,3,1,2,2,Low value / lost,Churned
C03693,West Bengal,East,5,5628.18,1168.74,2024-10-31,2025-10-16,76,5.5,1,6,3,3,2,Loyal,Active
C08463,Delhi,North,2,5628.93,2489.92,2025-03-15,2025-12-16,15,2.0,1,2,5,2,2,New / promising,Active
C10998,Tamil Nadu,South,3,5629.75,2167.39,2025-01-15,2025-10-14,78,2.3,0,3,3,2,2,Low value / lost,Active
C03736,Assam,Northeast,2,5639.64,2031.6,2025-11-19,2025-12-01,30,7.0,0,2,4,2,2,New / promising,Active
C01514,Tamil Nadu,South,4,5645.3,1167.12,2025-04-25,2025-12-20,11,4.0,0,6,5,3,2,Loyal,Active
C10988,West Bengal,East,3,5647.17,2029.79,2024-11-01,2025-07-19,165,4.7,0,6,2,2,2,Low value / lost,Churned
C11806,Uttar Pradesh,North,1,5648.82,-1611.38,2025-07-21,2025-07-21,163,3.0,0,2,2,1,2,Low value / lost,Churned
C07749,Kerala,South,4,5650.43,1542.68,2025-05-19,2025-11-10,51,3.2,0,5,3,3,2,Loyal,Active
C07949,Delhi,North,2,5663.1,1891.69,2024-07-18,2024-10-03,454,1.5,1,2,1,2,2,Low value / lost,Churned
C02318,Maharashtra,West,1,5664.75,1701.6,2025-10-19,2025-10-19,73,4.0,0,3,3,1,2,Low value / lost,Active
C10985,Delhi,North,4,5672.0,946.43,2025-02-01,2025-10-11,81,2.8,0,5,3,3,2,Loyal,Active
C01558,Maharashtra,West,1,5678.5,1541.67,2024-12-13,2024-12-13,383,2.0,0,2,1,1,2,Low value / lost,Churned
C10088,Gujarat,West,3,5691.74,1734.98,2024-02-26,2024-05-20,590,2.5,1,4,1,2,2,Low value / lost,Churned
C09668,Uttar Pradesh,North,1,5693.3,-795.29,2025-07-25,2025-07-25,159,2.0,1,1,2,1,2,Low value / lost,Churned
C04409,Gujarat,West,2,5701.81,1889.49,2024-12-24,2025-01-13,352,5.0,0,2,1,2,2,Low value / lost,Churned
C08008,Maharashtra,West,2,5704.51,2929.53,2024-10-11,2025-07-11,173,1.5,0,2,2,2,2,Low value / lost,Churned
C11249,Uttar Pradesh,North,2,5705.72,2376.77,2025-10-18,2025-11-22,39,3.5,0,2,4,2,2,New / promising,Active
C01937,Karnataka,South,2,5706.51,1278.12,2025-11-07,2025-11-15,46,2.5,1,4,4,2,2,New / promising,Active
C05366,Delhi,North,3,5706.77,1636.06,2025-05-09,2025-07-29,155,1.7,0,3,2,2,2,Low value / lost,Churned
C10466,Kerala,South,1,5710.75,2529.92,2025-11-04,2025-11-04,57,2.0,1,2,3,1,2,Low value / lost,Active
C07742,West Bengal,East,1,5723.12,1770.81,2024-11-24,2024-11-24,402,4.0,1,1,1,1,2,Low value / lost,Churned
C05804,Maharashtra,West,4,5724.13,2382.8,2025-06-16,2025-12-24,7,1.5,0,4,5,3,2,Loyal,Active
C00514,Delhi,North,2,5726.8,2057.49,2024-11-04,2024-11-29,397,1.5,0,2,1,2,2,Low value / lost,Churned
C11699,Telangana,South,2,5731.28,1401.12,2024-12-23,2025-05-20,225,2.3,0,3,2,2,2,Low value / lost,Churned
C09813,Assam,Northeast,1,5737.03,2451.32,2025-06-05,2025-06-05,209,7.0,1,2,2,1,2,Low value / lost,Churned
C03938,Madhya Pradesh,Central,2,5740.29,2964.97,2025-02-26,2025-12-16,15,3.0,0,3,5,2,2,New / promising,Active
C01069,Uttar Pradesh,North,4,5744.37,1312.98,2024-11-05,2025-12-02,29,3.5,1,6,4,3,2,Loyal,Active
C05058,Tamil Nadu,South,2,5747.22,2253.32,2024-04-03,2024-04-26,614,4.3,0,3,1,2,2,Low value / lost,Churned
C11173,Gujarat,West,1,5756.89,2800.37,2025-11-11,2025-11-11,50,3.0,0,1,3,1,2,Low value / lost,Active
C00415,West Bengal,East,5,5757.11,1038.13,2024-11-17,2025-11-24,37,5.3,0,6,4,3,2,Loyal,Active
C04561,Assam,Northeast,1,5768.62,-3907.66,2025-05-31,2025-05-31,214,8.0,0,1,2,1,2,Low value / lost,Churned
C03135,Rajasthan,North,2,5788.38,836.38,2024-02-28,2025-07-13,171,4.5,0,4,2,2,2,Low value / lost,Churned
C09407,Maharashtra,West,2,5790.19,2060.41,2025-03-29,2025-04-01,274,4.0,0,2,2,2,2,Low value / lost,Churned
C03093,Maharashtra,West,1,5790.4,1626.31,2025-03-21,2025-03-21,285,4.0,0,1,1,1,2,Low value / lost,Churned
C09737,Gujarat,West,2,5793.74,1263.8,2025-06-07,2025-12-21,10,3.3,1,3,5,2,2,New / promising,Active
C00361,Maharashtra,West,2,5795.55,689.12,2024-06-13,2025-04-18,257,3.0,0,3,2,2,2,Low value / lost,Churned
C08439,Delhi,North,1,5798.6,2798.15,2025-09-26,2025-09-26,96,2.0,0,1,3,1,2,Low value / lost,Churned
C10824,Maharashtra,West,3,5804.17,971.74,2024-12-26,2025-05-27,218,2.5,0,4,2,2,2,Low value / lost,Churned
C02538,Gujarat,West,1,5805.09,2203.66,2025-04-22,2025-04-22,253,2.0,0,1,2,1,2,Low value / lost,Churned
C02290,Delhi,North,3,5816.76,1503.58,2025-02-08,2025-11-13,48,1.8,0,5,3,2,2,Low value / lost,Active
C01304,Karnataka,South,3,5834.47,801.05,2025-03-05,2025-12-31,0,2.4,0,5,5,2,2,New / promising,Active
C01799,Kerala,South,2,5836.85,2158.33,2024-07-12,2025-06-02,212,3.7,0,3,2,2,2,Low value / lost,Churned
C05857,Tamil Nadu,South,2,5839.39,1899.84,2024-10-25,2024-12-16,380,3.3,0,4,1,2,2,Low value / lost,Churned
C00080,Karnataka,South,5,5849.1,1595.65,2024-10-07,2025-10-13,79,2.4,0,5,3,3,2,Loyal,Active
C06079,Tamil Nadu,South,3,5855.62,1882.96,2024-09-08,2025-09-20,102,2.3,0,3,3,2,2,Low value / lost,Churned
C11085,Rajasthan,North,5,5873.54,1857.46,2024-12-10,2025-10-20,72,4.0,0,5,3,3,2,Loyal,Active
C10409,Delhi,North,3,5879.82,701.63,2025-11-02,2025-12-01,30,2.0,1,6,4,2,2,New / promising,Active
C08722,West Bengal,East,2,5881.77,2046.84,2025-06-04,2025-12-06,25,3.0,0,3,4,2,2,New / promising,Active
C05536,West Bengal,East,2,5882.91,2625.21,2025-08-06,2025-10-29,63,5.0,1,2,3,2,2,Low value / lost,Active
C00571,Bihar,East,3,5885.46,1724.23,2025-03-12,2025-09-04,118,7.3,1,3,2,2,2,Low value / lost,Churned
C01165,Madhya Pradesh,Central,1,5890.92,2103.69,2025-08-23,2025-08-23,130,4.0,1,2,2,1,2,Low value / lost,Churned
C09303,Uttar Pradesh,North,2,5896.39,1216.07,2025-01-27,2025-06-15,199,3.0,0,4,2,2,2,Low value / lost,Churned
C08499,Rajasthan,North,2,5900.2,1272.04,2025-05-31,2025-10-11,81,3.0,0,2,3,2,2,Low value / lost,Active
C06945,Telangana,South,3,5901.14,1906.39,2024-05-25,2025-08-04,149,2.0,0,4,2,2,2,Low value / lost,Churned
C09382,Telangana,South,2,5912.73,2409.46,2024-01-22,2024-04-02,638,3.3,0,3,1,2,2,Low value / lost,Churned
C04759,West Bengal,East,2,5942.28,2240.9,2024-12-24,2025-03-18,288,5.0,0,2,1,2,2,Low value / lost,Churned
C04834,Gujarat,West,1,5944.18,2650.28,2025-05-25,2025-05-25,220,4.0,0,1,2,1,2,Low value / lost,Churned
C10867,West Bengal,East,4,5956.28,758.87,2025-03-30,2025-06-24,190,4.3,1,6,2,3,2,At risk,Churned
C00142,Madhya Pradesh,Central,4,5958.35,1468.99,2024-07-20,2024-10-31,426,4.2,1,6,1,3,2,At risk,Churned
C05442,Uttar Pradesh,North,6,5962.95,1480.84,2024-11-14,2025-12-16,15,3.7,0,7,5,3,2,Loyal,Active
C05931,West Bengal,East,3,5973.32,1738.77,2024-05-13,2024-12-06,390,4.0,0,5,1,2,2,Low value / lost,Churned
C10609,Karnataka,South,3,5981.24,1509.73,2025-12-01,2025-12-24,7,2.7,0,6,5,2,2,New / promising,Active
C07763,Tamil Nadu,South,4,5990.06,2116.45,2024-12-27,2025-07-30,154,3.3,1,4,2,3,2,At risk,Churned
C08208,Delhi,North,4,5990.57,1803.56,2024-07-15,2025-10-18,74,2.0,0,4,3,3,2,Loyal,Active
C07398,Maharashtra,West,1,5993.49,2023.79,2025-11-24,2025-11-24,37,3.0,0,1,4,1,2,New / promising,Active
C03029,Delhi,North,1,5995.07,2187.54,2025-07-21,2025-07-21,163,4.0,1,3,2,1,2,Low value / lost,Churned
C00939,Karnataka,South,1,6003.95,2574.71,2025-07-22,2025-07-22,162,1.0,1,2,2,1,2,Low value / lost,Churned
C00773,Tamil Nadu,South,3,6011.94,2155.51,2025-03-08,2025-12-13,18,2.2,1,5,4,2,2,New / promising,Active
C09316,Madhya Pradesh,Central,4,6026.85,2012.81,2024-10-07,2025-12-23,8,4.0,1,4,5,3,2,Loyal,Active
C00266,Assam,Northeast,4,6034.81,1194.42,2024-02-19,2025-08-27,126,7.3,1,4,2,3,2,At risk,Churned
C00630,Gujarat,West,5,6034.92,1405.96,2025-01-21,2025-09-20,102,2.2,0,5,3,3,2,Loyal,Churned
C01504,Tamil Nadu,South,4,6042.32,1905.97,2024-07-02,2025-12-30,1,2.5,0,4,5,3,2,Loyal,Active
C06430,Delhi,North,1,6055.62,1955.54,2025-10-20,2025-10-20,72,3.0,0,2,3,1,2,Low value / lost,Active
C08998,Maharashtra,West,2,6057.73,1814.53,2024-12-17,2025-07-19,165,2.5,0,2,2,2,2,Low value / lost,Churned
C10901,Maharashtra,West,1,6066.09,1967.22,2025-11-25,2025-11-25,36,1.0,0,3,4,1,2,New / promising,Active
C10492,Maharashtra,West,1,6075.11,2889.71,2025-02-17,2025-02-17,317,3.0,2,2,1,1,2,Low value / lost,Churned
C08582,Maharashtra,West,2,6085.21,1153.22,2024-09-20,2025-03-13,293,2.0,1,2,1,2,2,Low value / lost,Churned
C07054,Kerala,South,3,6088.7,1070.9,2025-08-23,2025-11-25,36,2.4,0,5,4,2,2,New / promising,Active
C11901,Karnataka,South,5,6093.77,1385.74,2025-01-29,2025-11-28,33,2.7,1,6,4,3,2,Loyal,Active
C01835,Karnataka,South,2,6104.3,2684.84,2025-05-16,2025-08-05,148,3.5,0,2,2,2,2,Low value / lost,Churned
C08366,Rajasthan,North,2,6126.94,1763.92,2025-01-16,2025-03-24,282,5.3,0,3,1,2,2,Low value / lost,Churned
C08061,Gujarat,West,4,6128.49,1772.52,2025-04-11,2025-11-19,42,3.8,1,5,4,3,2,Loyal,Active
C11997,Tamil Nadu,South,3,6133.56,-493.94,2024-12-19,2025-10-08,84,3.7,0,3,3,2,2,Low value / lost,Active
C10566,Delhi,North,1,6134.39,-2610.9,2025-11-07,2025-11-07,54,1.0,0,1,3,1,2,Low value / lost,Active
C11003,Gujarat,West,3,6139.37,2059.13,2024-07-13,2025-08-25,128,3.0,1,4,2,2,2,Low value / lost,Churned
C01387,Assam,Northeast,3,6139.52,1444.61,2024-11-29,2025-01-09,356,7.8,0,5,1,2,2,Low value / lost,Churned
C09615,Delhi,North,3,6152.06,2215.21,2025-09-06,2025-12-23,8,2.6,1,5,5,2,2,New / promising,Active
C02952,Maharashtra,West,1,6164.99,2185.1,2025-05-30,2025-05-30,215,5.0,1,2,2,1,2,Low value / lost,Churned
C00405,Gujarat,West,4,6169.48,1925.55,2024-09-04,2025-04-07,268,2.6,0,7,2,3,2,At risk,Churned
C00043,Delhi,North,2,6179.76,2152.79,2024-10-24,2025-04-02,273,3.0,1,2,2,2,2,Low value / lost,Churned
C08168,Karnataka,South,2,6182.84,1238.82,2024-03-29,2025-10-30,62,3.0,0,2,3,2,2,Low value / lost,Active
C01962,Tamil Nadu,South,1,6189.12,2729.35,2025-03-26,2025-03-26,280,4.0,1,2,1,1,2,Low value / lost,Churned
C03717,Gujarat,West,3,6190.39,1040.91,2024-09-05,2025-06-01,213,2.3,1,3,2,2,2,Low value / lost,Churned
C06949,West Bengal,East,2,6196.77,2117.39,2025-01-28,2025-03-08,298,5.0,0,2,1,2,2,Low value / lost,Churned
C10202,Kerala,South,3,6199.98,2161.85,2024-03-10,2024-05-16,594,4.0,0,4,1,2,2,Low value / lost,Churned
C02163,Gujarat,West,3,6201.85,2381.41,2025-05-05,2025-10-02,90,3.3,1,3,3,2,2,Low value / lost,Active
C04901,Tamil Nadu,South,3,6202.15,1353.23,2024-12-02,2025-11-21,40,3.0,0,5,4,2,2,New / promising,Active
C08688,Rajasthan,North,4,6204.21,1267.79,2025-04-18,2025-11-27,34,4.8,1,5,4,3,2,Loyal,Active
C10810,Tamil Nadu,South,3,6219.95,2196.31,2024-06-24,2024-08-29,489,3.8,0,4,1,2,2,Low value / lost,Churned
C02288,Telangana,South,1,6220.56,2840.18,2025-11-09,2025-11-09,52,1.0,0,1,3,1,2,Low value / lost,Active
C01573,Tamil Nadu,South,5,6249.55,1323.54,2025-01-18,2025-10-18,74,3.5,4,6,3,3,2,Loyal,Active
C08347,West Bengal,East,2,6262.54,2248.28,2025-10-16,2025-12-05,26,5.3,1,3,4,2,2,New / promising,Active
C10480,Telangana,South,3,6280.64,2433.57,2024-07-05,2025-06-02,212,2.3,0,3,2,2,2,Low value / lost,Churned
C09652,Uttar Pradesh,North,5,6297.22,610.37,2025-02-14,2025-09-14,108,3.7,0,7,3,3,2,Loyal,Churned
C10010,Uttar Pradesh,North,6,6303.52,1172.09,2024-12-14,2025-12-29,2,2.8,0,6,5,3,2,Loyal,Active
C02772,Gujarat,West,1,6306.2,2229.99,2025-02-27,2025-02-27,307,3.0,0,3,1,1,2,Low value / lost,Churned
C03537,Uttar Pradesh,North,4,6324.05,1104.3,2025-05-18,2025-09-23,99,3.5,0,4,3,3,2,Loyal,Churned
C07730,West Bengal,East,2,6345.13,2123.41,2025-06-23,2025-12-26,5,4.5,1,2,5,2,2,New / promising,Active
C10317,Delhi,North,3,6373.17,1404.71,2025-08-27,2025-12-16,15,1.3,2,6,5,2,2,New / promising,Active
C06840,Maharashtra,West,4,6375.34,2612.42,2024-11-27,2025-12-01,30,2.8,0,6,4,3,2,Loyal,Active
C06094,Rajasthan,North,1,6379.15,1552.1,2025-05-11,2025-05-11,234,5.0,2,3,2,1,2,Low value / lost,Churned
C09710,Maharashtra,West,3,6380.13,1724.27,2024-01-29,2024-08-30,488,2.3,1,3,1,2,2,Low value / lost,Churned
C05071,Uttar Pradesh,North,5,6384.83,1555.92,2024-09-17,2025-10-17,75,3.3,0,6,3,3,2,Loyal,Active
C01984,Tamil Nadu,South,1,6397.83,-2449.56,2024-11-09,2024-11-09,417,2.0,0,1,1,1,2,Low value / lost,Churned
C07184,Assam,Northeast,3,6405.58,1760.49,2024-08-02,2025-10-01,91,8.8,0,5,3,2,2,Low value / lost,Churned
C05978,Karnataka,South,1,6411.05,2532.7,2025-08-22,2025-08-22,131,1.0,0,2,2,1,2,Low value / lost,Churned
C01491,Delhi,North,2,6414.31,1620.13,2025-06-12,2025-11-08,53,2.6,0,5,3,2,2,Low value / lost,Active
C02125,Tamil Nadu,South,2,6422.31,1525.25,2025-05-31,2025-09-19,103,2.7,0,3,3,2,2,Low value / lost,Churned
C09873,Uttar Pradesh,North,1,6432.27,2577.58,2025-11-07,2025-11-07,54,4.0,0,3,3,1,2,Low value / lost,Active
C06842,Maharashtra,West,2,6433.15,2431.85,2024-05-15,2025-11-11,50,2.5,0,2,3,2,2,Low value / lost,Active
C11906,Uttar Pradesh,North,1,6433.78,2265.71,2025-08-10,2025-08-10,143,5.0,0,1,2,1,2,Low value / lost,Churned
C11158,Gujarat,West,1,6444.27,2457.11,2025-07-16,2025-07-16,168,1.0,1,1,2,1,2,Low value / lost,Churned
C05358,Bihar,East,2,6446.99,2328.45,2024-03-03,2024-05-19,591,7.0,1,2,1,2,2,Low value / lost,Churned
C09390,Madhya Pradesh,Central,4,6448.45,2094.87,2025-05-24,2025-06-08,206,3.0,1,4,2,3,2,At risk,Churned
C05505,Tamil Nadu,South,2,6469.4,1661.2,2025-10-29,2025-11-04,57,2.3,1,3,3,2,2,Low value / lost,Active
C10713,Uttar Pradesh,North,4,6494.85,1326.03,2025-01-15,2025-09-25,97,4.5,0,6,3,3,2,Loyal,Churned
C11350,Assam,Northeast,4,6497.24,862.21,2025-06-17,2025-08-04,149,8.0,0,4,2,3,2,At risk,Churned
C08423,Maharashtra,West,3,6500.91,2745.38,2024-10-01,2025-02-27,307,2.3,0,4,1,2,2,Low value / lost,Churned
C07972,Rajasthan,North,1,6514.79,581.36,2024-11-19,2024-11-19,407,4.0,0,1,1,1,2,Low value / lost,Churned
C07705,Rajasthan,North,3,6514.8,-3202.9,2024-12-21,2025-06-29,185,4.3,1,3,2,2,2,Low value / lost,Churned
C05713,Karnataka,South,7,6530.49,1254.62,2024-09-27,2025-12-16,15,1.9,1,7,5,4,2,Champions,Active
C01410,Maharashtra,West,5,6534.65,1151.18,2024-12-06,2025-11-14,47,2.8,0,6,3,3,2,Loyal,Active
C09468,Rajasthan,North,2,6537.88,1272.56,2024-10-17,2024-11-05,421,4.4,0,5,1,2,2,Low value / lost,Churned
C02205,Telangana,South,1,6561.53,2616.08,2024-07-10,2024-07-10,539,3.0,1,1,1,1,2,Low value / lost,Churned
C04465,West Bengal,East,4,6574.14,856.89,2024-08-19,2025-07-18,166,4.8,1,4,2,3,2,At risk,Churned
C10167,Madhya Pradesh,Central,1,6592.5,3277.8,2025-09-07,2025-09-07,115,4.0,0,1,2,1,2,Low value / lost,Churned
C01377,Rajasthan,North,4,6606.21,2333.85,2025-01-27,2025-10-04,88,4.5,0,6,3,3,2,Loyal,Active
C08751,Gujarat,West,3,6606.87,2321.92,2025-05-13,2025-10-03,89,3.2,0,5,3,2,2,Low value / lost,Active
C05325,Maharashtra,West,4,6609.7,2398.54,2024-12-05,2025-11-13,48,2.4,0,5,3,3,2,Loyal,Active
C04165,Uttar Pradesh,North,2,6612.59,1436.02,2024-05-19,2024-10-12,445,4.0,0,4,1,2,2,Low value / lost,Churned
C04065,Maharashtra,West,2,6614.38,2888.52,2024-08-24,2025-08-26,127,3.5,0,2,2,2,2,Low value / lost,Churned
C02901,Delhi,North,4,6619.04,223.33,2025-07-30,2025-12-25,6,1.5,0,6,5,3,2,Loyal,Active
C05344,Gujarat,West,1,6620.52,2454.21,2025-04-20,2025-04-20,255,2.0,0,1,2,1,2,Low value / lost,Churned
C11669,Maharashtra,West,3,6627.27,2699.46,2025-11-08,2025-12-15,16,3.0,1,3,5,2,2,New / promising,Active
C03318,Kerala,South,3,6639.71,1962.05,2025-06-25,2025-10-02,90,4.0,0,5,3,2,2,Low value / lost,Active
C02073,Maharashtra,West,1,6647.58,2069.24,2025-01-21,2025-01-21,344,2.0,0,3,1,1,2,Low value / lost,Churned
C09898,Maharashtra,West,1,6648.09,-1961.9,2025-11-17,2025-11-17,44,2.0,0,1,4,1,2,New / promising,Active
C08510,Madhya Pradesh,Central,4,6652.58,2285.68,2025-03-11,2025-12-10,21,3.8,0,4,4,3,2,Loyal,Active
C09605,Gujarat,West,3,6662.9,3017.76,2024-05-08,2025-08-04,149,3.7,1,3,2,2,2,Low value / lost,Churned
C08849,Karnataka,South,1,6668.5,-831.97,2025-02-12,2025-02-12,322,2.0,0,1,1,1,2,Low value / lost,Churned
C08900,Telangana,South,2,6671.84,2445.14,2025-02-18,2025-07-18,166,2.5,0,2,2,2,2,Low value / lost,Churned
C08911,Gujarat,West,4,6680.74,2189.57,2025-02-20,2025-12-06,25,3.4,0,5,4,3,2,Loyal,Active
C09826,Uttar Pradesh,North,2,6682.77,2554.36,2025-08-05,2025-11-27,34,5.0,0,3,4,2,2,New / promising,Active
C10941,Karnataka,South,4,6686.99,1704.51,2025-04-20,2025-10-10,82,2.5,0,6,3,3,2,Loyal,Active
C04118,Tamil Nadu,South,5,6688.15,1317.54,2024-07-09,2025-02-01,333,2.1,0,8,1,3,2,At risk,Churned
C07661,Karnataka,South,1,6713.07,3124.57,2024-12-19,2024-12-19,377,3.0,0,2,1,1,2,Low value / lost,Churned
C04801,West Bengal,East,4,6722.02,974.5,2025-03-25,2025-09-09,113,5.0,1,5,2,3,2,At risk,Churned
C05883,Delhi,North,1,6722.35,2634.26,2025-11-29,2025-11-29,32,3.0,0,2,4,1,2,New / promising,Active
C00852,Bihar,East,4,6722.4,1771.31,2025-05-05,2025-06-16,198,5.6,0,5,2,3,2,At risk,Churned
C07229,Delhi,North,5,6727.06,153.67,2024-07-05,2025-06-24,190,1.8,0,6,2,3,2,At risk,Churned
C07906,Maharashtra,West,5,6732.81,1571.74,2025-06-09,2025-12-05,26,2.6,0,8,4,3,2,Loyal,Active
C01273,Bihar,East,1,6733.36,1606.17,2025-12-22,2025-12-22,9,6.0,0,2,5,1,2,New / promising,Active
C04251,Karnataka,South,4,6738.47,2053.67,2024-04-02,2025-10-20,72,2.5,0,4,3,3,2,Loyal,Active
C11509,Tamil Nadu,South,1,6739.65,2839.44,2025-12-30,2025-12-30,1,3.0,0,1,5,1,2,New / promising,Active
C11068,Maharashtra,West,6,6741.46,1322.18,2024-09-12,2024-11-12,414,2.0,1,8,1,3,2,At risk,Churned
C06140,Tamil Nadu,South,3,6744.4,2265.11,2024-06-07,2024-08-23,495,3.3,0,3,1,2,2,Low value / lost,Churned
C07735,Karnataka,South,1,6748.48,1865.9,2025-12-31,2025-12-31,0,1.0,1,3,5,1,2,New / promising,Active
C05395,West Bengal,East,3,6757.22,1606.59,2024-11-14,2025-09-19,103,4.3,2,4,3,2,2,Low value / lost,Churned
C07680,Gujarat,West,3,6776.26,1292.16,2025-04-17,2025-12-31,0,2.5,0,6,5,2,2,New / promising,Active
C10570,Maharashtra,West,3,6776.33,1872.43,2025-06-11,2025-11-24,37,3.0,0,4,4,2,2,New / promising,Active
C11728,Telangana,South,2,6799.83,2887.85,2025-07-15,2025-11-01,60,3.0,0,2,3,2,2,Low value / lost,Active
C07928,Telangana,South,2,6807.1,2624.99,2025-06-28,2025-09-11,111,3.0,1,3,2,2,2,Low value / lost,Churned
C04775,Karnataka,South,3,6808.65,2020.84,2024-11-01,2025-12-23,8,3.7,0,3,5,2,2,New / promising,Active
C09148,Maharashtra,West,2,6841.63,2558.53,2025-06-27,2025-08-23,130,2.8,1,4,2,2,2,Low value / lost,Churned
C06581,Gujarat,West,1,6845.52,2252.97,2024-01-16,2024-01-16,715,4.0,1,2,1,1,2,Low value / lost,Churned
C03883,Delhi,North,3,6848.68,879.51,2024-09-19,2025-09-24,98,3.3,0,3,3,2,2,Low value / lost,Churned
C04738,Karnataka,South,4,6850.04,1569.22,2025-02-20,2025-12-15,16,2.8,0,5,5,3,2,Loyal,Active
C07678,Tamil Nadu,South,1,6850.23,3303.58,2024-12-17,2024-12-17,379,1.0,0,3,1,1,2,Low value / lost,Churned
C05495,Gujarat,West,4,6871.31,1395.63,2024-07-18,2024-11-12,414,3.6,0,9,1,3,2,At risk,Churned
C06181,Gujarat,West,1,6885.84,3099.86,2024-09-18,2024-09-18,469,4.0,0,1,1,1,2,Low value / lost,Churned
C00493,Gujarat,West,2,6887.91,-2114.36,2025-05-01,2025-06-13,201,3.0,1,2,2,2,2,Low value / lost,Churned
C01472,Madhya Pradesh,Central,2,6888.62,1894.23,2024-10-31,2024-12-23,373,3.3,0,3,1,2,2,Low value / lost,Churned
C08610,Karnataka,South,1,6890.32,368.74,2024-01-14,2024-01-14,717,4.0,1,2,1,1,2,Low value / lost,Churned
C10018,Madhya Pradesh,Central,3,6893.41,1669.68,2025-02-16,2025-09-18,104,4.7,1,6,3,2,2,Low value / lost,Churned
C09669,Gujarat,West,3,6896.17,2436.17,2024-05-07,2024-11-03,423,5.0,0,5,1,2,2,Low value / lost,Churned
C10776,Uttar Pradesh,North,2,6900.77,2317.37,2025-01-24,2025-03-04,302,1.8,0,4,1,2,2,Low value / lost,Churned
C01529,Maharashtra,West,4,6903.55,1208.96,2024-09-01,2025-11-26,35,3.2,1,6,4,3,2,Loyal,Active
C10834,Maharashtra,West,3,6909.41,3123.35,2025-02-24,2025-08-02,151,2.7,2,3,2,2,2,Low value / lost,Churned
C00225,Tamil Nadu,South,1,6922.35,-2721.1,2024-06-09,2024-06-09,570,4.0,0,1,1,1,2,Low value / lost,Churned
C05812,Karnataka,South,3,6923.91,1788.07,2024-12-17,2025-07-26,158,2.2,1,5,2,2,2,Low value / lost,Churned
C09310,West Bengal,East,2,6927.96,-112.19,2024-07-20,2025-07-19,165,5.5,1,2,2,2,2,Low value / lost,Churned
C10717,Maharashtra,West,3,6928.31,2619.04,2024-11-20,2025-10-22,70,2.0,1,4,3,2,2,Low value / lost,Active
C00350,Delhi,North,3,6934.72,338.88,2024-04-22,2025-08-17,136,2.3,0,3,2,2,2,Low value / lost,Churned
C11648,Tamil Nadu,South,4,6936.55,1322.88,2024-08-16,2025-02-24,310,3.0,1,4,1,3,2,At risk,Churned
C07568,Karnataka,South,3,6936.74,1373.82,2025-07-03,2025-11-09,52,4.3,2,4,3,2,2,Low value / lost,Active
C00008,Delhi,North,2,6938.6,2594.14,2025-04-09,2025-09-28,94,1.3,1,3,3,2,2,Low value / lost,Churned
C03593,Telangana,South,1,6940.38,1741.72,2025-04-04,2025-04-04,271,4.0,0,3,2,1,2,Low value / lost,Churned
C06049,West Bengal,East,4,6950.72,1892.78,2024-06-18,2025-08-09,144,4.0,1,7,2,3,2,At risk,Churned
C00473,Uttar Pradesh,North,3,6959.31,2007.09,2024-09-11,2025-12-14,17,3.3,0,3,5,2,2,New / promising,Active
C04514,Gujarat,West,3,6960.46,1923.17,2025-03-04,2025-10-12,80,2.5,1,4,3,2,2,Low value / lost,Active
C05885,Tamil Nadu,South,4,6969.37,1116.94,2025-08-14,2025-12-13,18,3.9,2,7,4,3,2,Loyal,Active
C06372,Kerala,South,5,6969.42,1363.9,2025-03-08,2025-12-17,14,4.0,2,5,5,3,2,Loyal,Active
C03923,Karnataka,South,3,6980.08,2554.97,2024-06-14,2024-08-10,508,2.0,0,5,1,2,2,Low value / lost,Churned
C07818,West Bengal,East,1,6981.05,2391.83,2025-05-13,2025-05-13,232,4.0,0,2,2,1,2,Low value / lost,Churned
C03772,Madhya Pradesh,Central,3,6989.93,-2207.85,2025-10-13,2025-11-28,33,5.0,1,3,4,2,2,New / promising,Active
C08419,Delhi,North,1,6991.22,-2753.65,2024-12-21,2024-12-21,375,2.0,0,1,1,1,2,Low value / lost,Churned
C08183,Uttar Pradesh,North,4,7005.18,1472.67,2024-10-19,2025-12-25,6,4.2,0,5,5,3,2,Loyal,Active
C08865,Tamil Nadu,South,1,7012.85,3242.79,2025-08-20,2025-08-20,133,1.0,0,1,2,1,2,Low value / lost,Churned
C02976,Telangana,South,3,7035.72,2219.89,2024-04-24,2024-06-18,561,1.7,1,3,1,2,2,Low value / lost,Churned
C10358,Karnataka,South,1,7052.22,2560.92,2025-07-14,2025-07-14,170,3.0,0,1,2,1,2,Low value / lost,Churned
C06308,Madhya Pradesh,Central,3,7056.0,1353.34,2025-02-24,2025-12-24,7,2.6,0,5,5,2,2,New / promising,Active
C05001,Maharashtra,West,3,7057.26,2641.98,2024-06-16,2024-07-09,540,1.5,1,4,1,2,2,Low value / lost,Churned
C02516,Uttar Pradesh,North,2,7064.43,2902.52,2025-06-15,2025-08-10,143,3.0,0,2,2,2,2,Low value / lost,Churned
C01965,Tamil Nadu,South,1,7074.57,2374.37,2025-04-29,2025-04-29,246,5.0,0,1,2,1,2,Low value / lost,Churned
C08627,Rajasthan,North,1,7081.63,2377.35,2024-10-12,2024-10-12,445,3.0,0,3,1,1,2,Low value / lost,Churned
C07530,Telangana,South,3,7082.42,1683.79,2025-06-18,2025-11-22,39,2.5,0,6,4,2,2,New / promising,Active
C06253,Karnataka,South,2,7115.47,-187.1,2025-08-07,2025-12-03,28,2.0,0,4,4,2,2,New / promising,Active
C04946,Karnataka,South,2,7116.55,1682.52,2024-12-23,2025-07-02,182,2.0,1,4,2,2,2,Low value / lost,Churned
C09809,Maharashtra,West,3,7119.57,2630.65,2025-07-03,2025-11-18,43,2.6,1,5,4,2,2,New / promising,Active
C03645,Rajasthan,North,2,7120.86,2438.17,2024-03-26,2024-03-27,644,3.3,1,4,1,2,2,Low value / lost,Churned
C06630,Telangana,South,2,7122.01,2186.53,2025-04-23,2025-11-27,34,2.3,0,4,4,2,2,New / promising,Active
C05719,Maharashtra,West,3,7125.02,1631.89,2025-06-15,2025-12-07,24,3.3,1,3,4,2,2,New / promising,Active
C08853,Rajasthan,North,2,7133.09,2045.05,2025-09-13,2025-11-21,40,4.0,1,3,4,2,2,New / promising,Active
C02816,Tamil Nadu,South,4,7147.18,-1941.06,2025-04-30,2025-11-10,51,3.5,0,4,3,3,2,Loyal,Active
C06303,Maharashtra,West,4,7162.29,1884.1,2024-09-22,2025-12-18,13,2.5,0,6,5,3,2,Loyal,Active
C10772,West Bengal,East,3,7189.19,1728.09,2024-04-17,2024-05-08,602,6.0,0,5,1,2,2,Low value / lost,Churned
C01805,Maharashtra,West,2,7191.69,1897.12,2025-02-23,2025-10-18,74,1.5,0,4,3,2,2,Low value / lost,Active
C10650,Kerala,South,3,7200.15,2001.77,2025-02-26,2025-10-15,77,3.3,0,3,3,2,2,Low value / lost,Active
C03710,Maharashtra,West,3,7218.08,2688.83,2025-03-10,2025-09-29,93,2.8,0,5,3,2,2,Low value / lost,Churned
C00287,Kerala,South,4,7223.46,2074.25,2025-05-19,2025-11-18,43,5.0,0,5,4,3,2,Loyal,Active
C09672,Maharashtra,West,2,7231.15,2297.88,2025-10-29,2025-12-15,16,1.0,0,2,5,2,2,New / promising,Active
C08224,Karnataka,South,4,7232.01,818.05,2024-12-17,2025-12-01,30,1.7,0,6,4,3,2,Loyal,Active
C04242,Rajasthan,North,3,7240.97,2138.45,2024-06-11,2024-12-16,380,3.5,1,4,1,2,2,Low value / lost,Churned
C10607,Maharashtra,West,4,7248.45,1847.06,2024-02-29,2025-12-13,18,2.2,1,5,4,3,2,Loyal,Active
C06415,Kerala,South,3,7250.17,2370.37,2025-09-20,2025-11-19,42,4.0,1,5,4,2,2,New / promising,Active
C05997,Tamil Nadu,South,3,7265.58,987.19,2024-05-22,2024-08-12,506,2.5,0,4,1,2,2,Low value / lost,Churned
C06636,Maharashtra,West,4,7267.2,2228.45,2025-07-24,2025-12-28,3,2.8,1,4,5,3,2,Loyal,Active
C08717,Gujarat,West,4,7272.38,2136.17,2024-05-13,2025-06-08,206,3.8,0,5,2,3,2,At risk,Churned
C11094,Tamil Nadu,South,3,7272.39,2669.81,2024-05-14,2025-01-21,344,3.2,0,5,1,2,2,Low value / lost,Churned
C05346,Delhi,North,2,7275.2,-2607.64,2025-06-22,2025-11-13,48,1.3,0,3,3,2,2,Low value / lost,Active
C01346,West Bengal,East,6,7276.77,800.88,2024-08-02,2025-11-11,50,5.5,2,6,3,3,2,Loyal,Active
C03892,Tamil Nadu,South,3,7280.0,1884.18,2024-12-24,2025-12-24,7,2.3,0,4,5,2,2,New / promising,Active
C07645,West Bengal,East,3,7290.38,2240.92,2024-12-31,2025-11-04,57,5.0,0,4,3,2,2,Low value / lost,Active
C04389,Rajasthan,North,3,7295.49,1222.55,2025-02-08,2025-11-09,52,4.5,1,6,3,2,2,Low value / lost,Active
C09548,Karnataka,South,2,7299.18,2268.22,2025-10-29,2025-11-29,32,2.0,0,3,4,2,2,New / promising,Active
C05539,Kerala,South,2,7299.66,2449.3,2025-07-08,2025-09-06,116,2.5,1,2,2,2,2,Low value / lost,Churned
C05317,West Bengal,East,2,7300.03,1997.38,2025-06-27,2025-10-17,75,4.5,1,2,3,2,2,Low value / lost,Active
C08996,Karnataka,South,1,7306.13,-4240.87,2025-12-19,2025-12-19,12,3.0,0,2,5,1,2,New / promising,Active
C03387,Delhi,North,4,7311.99,2655.95,2024-10-24,2025-05-30,215,1.5,0,4,2,3,2,At risk,Churned
C00603,Tamil Nadu,South,1,7315.07,2953.22,2025-01-24,2025-01-24,341,2.0,1,1,1,1,2,Low value / lost,Churned
C08593,West Bengal,East,4,7316.03,746.82,2024-11-21,2025-01-04,361,6.8,1,5,1,3,2,At risk,Churned
C07722,Gujarat,West,4,7329.79,2794.52,2024-07-29,2025-12-14,17,3.8,1,4,5,3,2,Loyal,Active
C06004,Bihar,East,2,7331.75,1825.86,2024-05-21,2024-08-05,513,7.3,0,3,1,2,2,Low value / lost,Churned
C06271,West Bengal,East,2,7344.82,1806.34,2024-03-13,2024-11-03,423,4.7,0,3,1,2,2,Low value / lost,Churned
C04955,Telangana,South,4,7345.97,786.56,2024-09-08,2025-09-05,117,2.3,0,4,2,3,2,At risk,Churned
C00825,Gujarat,West,5,7370.75,2226.84,2024-03-22,2024-05-22,588,3.7,0,7,1,3,2,At risk,Churned
C04608,Tamil Nadu,South,4,7378.26,1525.78,2025-03-11,2025-12-22,9,3.7,3,7,5,3,2,Loyal,Active
C01341,Maharashtra,West,4,7407.58,1716.07,2025-03-25,2025-11-11,50,2.8,1,6,3,3,2,Loyal,Active
C01260,Bihar,East,2,7408.49,1658.59,2025-04-13,2025-10-24,68,6.4,0,5,3,2,2,Low value / lost,Active
C07410,Karnataka,South,2,7414.65,2108.12,2025-03-16,2025-04-17,258,1.7,1,3,2,2,2,Low value / lost,Churned
C02738,Karnataka,South,2,7416.69,2635.04,2025-07-16,2025-12-29,2,2.3,1,3,5,2,2,New / promising,Active
C03335,Maharashtra,West,1,7428.33,-689.35,2025-06-24,2025-06-24,190,1.0,1,1,2,1,2,Low value / lost,Churned
C03323,Telangana,South,2,7433.89,244.9,2025-08-28,2025-11-09,52,3.5,0,2,3,2,2,Low value / lost,Active
C08096,Delhi,North,4,7434.08,2486.25,2024-06-29,2025-12-30,1,2.0,0,5,5,3,2,Loyal,Active
C04018,Karnataka,South,2,7458.43,883.55,2025-06-05,2025-07-11,173,3.0,1,4,2,2,2,Low value / lost,Churned
C00277,Maharashtra,West,3,7472.03,2742.08,2025-10-20,2025-12-06,25,1.7,1,3,4,2,2,New / promising,Active
C01721,Rajasthan,North,6,7478.56,1655.89,2024-09-29,2025-11-03,58,4.3,1,8,3,3,2,Loyal,Active
C03617,Delhi,North,3,7501.14,2686.65,2025-05-23,2025-11-16,45,2.5,0,4,4,2,2,New / promising,Active
C07138,Karnataka,South,4,7506.23,2400.79,2024-04-28,2025-09-17,105,2.3,0,4,3,3,2,Loyal,Churned
C03713,Karnataka,South,3,7506.5,2219.53,2024-11-07,2025-09-17,105,3.8,2,5,3,2,2,Low value / lost,Churned
C08424,Uttar Pradesh,North,1,7521.15,3072.73,2025-11-17,2025-11-17,44,2.0,0,2,4,1,2,New / promising,Active
C06437,Bihar,East,1,7540.52,1757.69,2024-06-12,2024-06-12,567,8.0,0,3,1,1,2,Low value / lost,Churned
C00497,Maharashtra,West,1,7542.49,1642.81,2024-08-06,2024-08-06,512,3.0,0,2,1,1,2,Low value / lost,Churned
C01249,Gujarat,West,4,7549.48,1697.16,2024-04-16,2024-06-08,571,3.4,1,7,1,3,2,At risk,Churned
C07109,Gujarat,West,4,7552.94,1995.99,2025-04-06,2025-12-03,28,2.3,2,4,4,3,2,Loyal,Active
C05159,West Bengal,East,1,7556.38,-9.12,2025-08-18,2025-08-18,135,2.0,0,2,2,1,2,Low value / lost,Churned
C07506,Gujarat,West,6,7560.25,1292.32,2025-07-14,2025-10-20,72,2.6,2,7,3,3,2,Loyal,Active
C11308,Maharashtra,West,3,7564.74,1408.24,2025-02-06,2025-08-15,138,2.0,0,5,2,2,2,Low value / lost,Churned
C08964,Madhya Pradesh,Central,5,7567.42,996.3,2024-05-23,2025-04-24,251,3.7,2,7,2,3,2,At risk,Churned
C05939,Maharashtra,West,2,7571.29,1205.99,2024-06-07,2025-07-23,161,4.0,1,4,2,2,2,Low value / lost,Churned
C01054,Delhi,North,1,7574.85,3949.87,2024-03-09,2024-03-09,662,1.0,0,1,1,1,2,Low value / lost,Churned
C04391,West Bengal,East,2,7575.52,1989.18,2024-12-29,2025-02-10,324,5.3,0,3,1,2,2,Low value / lost,Churned
C10823,Gujarat,West,1,7576.04,-349.15,2025-12-02,2025-12-02,29,3.0,1,3,4,1,2,New / promising,Active
C07885,Bihar,East,2,7587.6,1433.26,2025-01-12,2025-04-28,247,7.0,0,5,2,2,2,Low value / lost,Churned
C05784,Rajasthan,North,2,7589.95,1991.76,2024-05-05,2024-06-20,559,3.5,0,4,1,2,2,Low value / lost,Churned
C04727,Uttar Pradesh,North,3,7591.12,2937.2,2025-10-24,2025-11-27,34,2.3,2,3,4,2,2,New / promising,Active
C09726,Telangana,South,2,7602.44,1893.04,2024-08-27,2024-08-30,488,1.4,0,5,1,2,2,Low value / lost,Churned
C09371,Uttar Pradesh,North,2,7608.86,1950.92,2025-11-06,2025-12-28,3,3.8,2,4,5,2,2,New / promising,Active
C05235,Maharashtra,West,1,7609.81,2965.47,2025-01-26,2025-01-26,339,3.0,0,2,1,1,2,Low value / lost,Churned
C11433,Tamil Nadu,South,4,7627.04,331.75,2024-05-23,2025-09-16,106,4.0,1,4,3,3,2,Loyal,Churned
C10734,Karnataka,South,2,7633.07,2315.79,2024-09-27,2024-12-04,392,3.0,0,2,1,2,2,Low value / lost,Churned
C02695,Telangana,South,3,7634.53,2494.29,2024-12-09,2025-07-30,154,3.4,0,5,2,2,2,Low value / lost,Churned
C01859,Maharashtra,West,2,7634.61,1566.9,2025-05-07,2025-06-17,197,1.5,0,4,2,2,2,Low value / lost,Churned
C10693,West Bengal,East,1,7639.67,-3005.67,2024-10-24,2024-10-24,433,7.0,1,3,1,1,2,Low value / lost,Churned
C07887,Maharashtra,West,4,7641.07,3033.93,2025-07-29,2025-11-25,36,3.0,0,5,4,3,2,Loyal,Active
C06774,Assam,Northeast,2,7643.86,-2130.1,2024-11-04,2025-02-02,332,7.0,1,3,1,2,2,Low value / lost,Churned
C08394,Telangana,South,1,7643.97,2374.89,2025-10-19,2025-10-19,73,3.0,2,3,3,1,2,Low value / lost,Active
C02898,Maharashtra,West,2,7644.48,2651.66,2024-07-10,2024-12-23,373,2.3,1,3,1,2,2,Low value / lost,Churned
C02933,Karnataka,South,3,7651.11,3025.13,2025-01-03,2025-11-07,54,2.3,0,3,3,2,2,Low value / lost,Active
C05287,Gujarat,West,5,7651.69,1364.19,2025-06-21,2025-12-06,25,3.1,2,8,4,3,2,Loyal,Active
C02689,Maharashtra,West,3,7657.68,2458.49,2024-11-20,2025-05-10,235,1.5,0,6,2,2,2,Low value / lost,Churned
C05503,Maharashtra,West,1,7661.26,2526.44,2025-11-29,2025-11-29,32,2.0,0,1,4,1,2,New / promising,Active
C09356,Maharashtra,West,4,7666.4,676.67,2024-08-26,2025-03-30,276,2.2,0,5,1,3,2,At risk,Churned
C11471,Karnataka,South,4,7678.35,1127.93,2024-12-29,2025-08-01,152,2.6,1,5,2,3,2,At risk,Churned
C11202,Gujarat,West,1,7683.32,2477.72,2025-04-04,2025-04-04,271,1.0,0,1,2,1,2,Low value / lost,Churned
C10024,Maharashtra,West,5,7685.56,3095.99,2025-04-12,2025-11-30,31,3.0,0,5,4,3,2,Loyal,Active
C03657,Uttar Pradesh,North,3,7692.91,3015.62,2025-09-29,2025-10-29,63,3.3,1,4,3,2,2,Low value / lost,Active
C05547,Assam,Northeast,2,7695.23,1921.52,2024-11-25,2025-03-25,281,7.3,0,3,1,2,2,Low value / lost,Churned
C03592,Rajasthan,North,1,7695.34,-5008.36,2024-07-07,2024-07-07,542,4.0,0,1,1,1,2,Low value / lost,Churned
C09527,Uttar Pradesh,North,3,7705.96,1562.02,2024-09-12,2024-12-22,374,3.5,1,4,1,2,2,Low value / lost,Churned
C06782,Maharashtra,West,1,7708.34,2076.49,2025-10-27,2025-10-27,65,3.0,1,1,3,1,2,Low value / lost,Active
C08380,West Bengal,East,6,7711.03,575.43,2024-07-25,2025-10-27,65,5.0,0,6,3,3,2,Loyal,Active
C09867,West Bengal,East,4,7731.07,2427.89,2024-11-13,2025-08-26,127,6.6,0,5,2,3,2,At risk,Churned
C08781,Kerala,South,1,7756.1,-882.62,2024-09-11,2024-09-11,476,5.0,0,1,1,1,2,Low value / lost,Churned
C04096,Tamil Nadu,South,2,7756.74,2348.37,2024-08-13,2025-01-22,343,3.0,0,4,1,2,2,Low value / lost,Churned
C04692,Maharashtra,West,5,7760.19,1344.31,2024-08-11,2025-12-18,13,2.3,0,6,5,3,2,Loyal,Active
C07761,Telangana,South,3,7762.64,1502.37,2024-12-05,2025-07-04,180,2.6,1,5,2,2,2,Low value / lost,Churned
C04427,Bihar,East,1,7764.45,1145.93,2025-12-01,2025-12-01,30,6.0,0,3,4,1,2,New / promising,Active
C09493,Rajasthan,North,3,7771.43,2764.52,2025-04-09,2025-06-14,200,2.3,1,3,2,2,2,Low value / lost,Churned
C05054,Assam,Northeast,2,7771.44,-283.9,2024-07-24,2025-03-08,298,8.0,0,2,1,2,2,Low value / lost,Churned
C02563,Madhya Pradesh,Central,2,7777.84,1706.34,2025-05-05,2025-10-25,67,4.0,0,4,3,2,2,Low value / lost,Active
C11431,West Bengal,East,3,7783.44,2177.45,2025-10-23,2025-12-02,29,2.8,2,4,4,2,2,New / promising,Active
C07607,Delhi,North,2,7789.55,3606.99,2024-05-23,2024-09-14,473,2.3,0,3,1,2,2,Low value / lost,Churned
C04615,Bihar,East,3,7797.42,1758.6,2024-02-28,2024-08-17,501,6.0,0,3,1,2,2,Low value / lost,Churned
C01772,Kerala,South,3,7801.4,2000.65,2025-03-25,2025-09-12,110,2.3,0,4,2,2,2,Low value / lost,Churned
C09772,Odisha,East,1,7816.59,-77.64,2025-12-24,2025-12-24,7,6.0,0,2,5,1,2,New / promising,Active
C08314,Madhya Pradesh,Central,6,7843.98,1497.94,2024-08-24,2025-09-11,111,4.3,3,6,2,3,2,At risk,Churned
C07331,Maharashtra,West,3,7880.9,1603.42,2025-05-04,2025-10-02,90,2.7,0,3,3,2,2,Low value / lost,Active
C03385,West Bengal,East,4,7882.93,2234.05,2024-09-28,2025-02-18,316,5.5,1,4,1,3,2,At risk,Churned
C00896,West Bengal,East,1,7903.4,3302.55,2025-03-06,2025-03-06,300,5.0,0,2,1,1,2,Low value / lost,Churned
C02754,West Bengal,East,5,7906.76,2380.49,2024-12-05,2025-11-14,47,4.0,2,5,3,3,2,Loyal,Active
C03489,Maharashtra,West,1,7922.47,1803.68,2024-05-08,2024-05-08,602,2.0,0,3,1,1,2,Low value / lost,Churned
C08185,Uttar Pradesh,North,2,7923.46,2896.81,2024-09-27,2025-02-21,313,3.0,1,3,1,2,2,Low value / lost,Churned
C03153,Telangana,South,4,7938.67,1116.62,2024-05-12,2025-07-22,162,2.2,3,6,2,3,2,At risk,Churned
C08070,West Bengal,East,3,7944.02,1960.65,2024-11-05,2024-12-28,368,5.0,2,4,1,2,2,Low value / lost,Churned
C11186,West Bengal,East,3,7945.38,2150.14,2025-02-07,2025-11-13,48,4.5,0,4,3,2,2,Low value / lost,Active
C09786,Tamil Nadu,South,3,7945.52,1393.83,2024-07-04,2025-09-02,120,2.5,2,4,2,2,2,Low value / lost,Churned
C05394,Delhi,North,2,7948.6,4195.74,2025-04-06,2025-08-05,148,2.3,0,3,2,2,2,Low value / lost,Churned
C05098,Uttar Pradesh,North,5,7954.11,2448.35,2024-03-22,2025-05-23,222,3.2,0,5,2,3,2,At risk,Churned
C04654,Maharashtra,West,2,7955.9,1698.14,2024-03-29,2024-07-24,525,3.0,1,2,1,2,2,Low value / lost,Churned
C11923,Karnataka,South,7,7966.92,-104.48,2024-02-15,2024-07-21,528,2.4,0,8,1,4,2,At risk,Churned
C09719,Maharashtra,West,1,7969.17,1891.49,2024-10-11,2024-10-11,446,1.0,0,3,1,1,2,Low value / lost,Churned
C11194,Tamil Nadu,South,1,7983.93,3426.8,2025-10-07,2025-10-07,85,4.0,2,2,3,1,2,Low value / lost,Active
C07380,Delhi,North,4,7985.14,1755.32,2025-04-15,2025-10-06,86,2.8,0,6,3,3,2,Loyal,Active
C09939,Telangana,South,2,8000.65,3103.7,2025-04-26,2025-11-19,42,2.5,1,2,4,2,2,New / promising,Active
C04365,Tamil Nadu,South,3,8002.73,2486.07,2025-09-03,2025-12-15,16,2.3,2,6,5,2,2,New / promising,Active
C01325,Karnataka,South,1,8021.39,3000.4,2025-06-06,2025-06-06,208,1.0,0,2,2,1,2,Low value / lost,Churned
C07577,Maharashtra,West,2,8030.39,3379.38,2025-01-20,2025-05-07,238,3.5,1,2,2,2,2,Low value / lost,Churned
C01932,Delhi,North,2,8030.66,2917.57,2024-12-01,2025-10-25,67,1.3,0,4,3,2,2,Low value / lost,Active
C01124,Madhya Pradesh,Central,4,8034.24,1707.02,2024-10-18,2025-10-18,74,3.6,0,5,3,3,2,Loyal,Active
C04428,Telangana,South,5,8041.42,2322.3,2025-06-20,2025-11-26,35,1.9,0,8,4,3,2,Loyal,Active
C11481,Maharashtra,West,3,8050.0,1504.06,2024-09-27,2025-10-03,89,2.4,0,5,3,2,2,Low value / lost,Active
C10333,Madhya Pradesh,Central,5,8054.17,2520.72,2025-06-14,2025-12-24,7,3.0,0,6,5,3,2,Loyal,Active
C01149,Delhi,North,3,8059.25,1517.47,2024-12-26,2025-07-18,166,2.8,1,4,2,2,2,Low value / lost,Churned
C09968,Gujarat,West,2,8069.99,3118.9,2025-05-25,2025-12-03,28,4.0,0,2,4,2,2,New / promising,Active
C10698,Tamil Nadu,South,5,8081.57,3298.97,2024-12-07,2025-03-02,304,2.7,0,6,1,3,2,At risk,Churned
C07376,Gujarat,West,1,8083.26,2793.63,2024-03-27,2024-03-27,644,4.0,0,1,1,1,2,Low value / lost,Churned
C03234,Delhi,North,2,8090.44,2066.95,2024-05-06,2025-10-08,84,2.5,0,4,3,2,2,Low value / lost,Active
C07942,Rajasthan,North,4,8106.99,2048.88,2024-09-24,2025-03-31,275,2.0,1,4,1,3,2,At risk,Churned
C05465,Tamil Nadu,South,4,8111.66,2336.54,2024-11-19,2025-11-03,58,3.8,1,6,3,3,2,Loyal,Active
C00097,Maharashtra,West,2,8112.67,2064.37,2024-11-01,2025-02-10,324,3.0,0,4,1,2,2,Low value / lost,Churned
C04346,Maharashtra,West,7,8118.81,1277.49,2024-04-16,2025-01-11,354,2.7,2,7,1,4,2,At risk,Churned
C06107,Telangana,South,2,8126.25,2002.18,2024-12-10,2025-07-29,155,2.7,0,3,2,2,2,Low value / lost,Churned
C10914,Karnataka,South,2,8150.83,1864.35,2025-01-31,2025-08-22,131,3.0,0,2,2,2,2,Low value / lost,Churned
C08483,Tamil Nadu,South,1,8153.14,1650.1,2025-02-08,2025-02-08,326,5.0,0,1,1,1,2,Low value / lost,Churned
C03469,Gujarat,West,4,8159.67,2990.91,2024-03-04,2024-07-24,525,2.7,0,6,1,3,2,At risk,Churned
C11302,Tamil Nadu,South,1,8164.25,3693.21,2024-10-25,2024-10-25,432,4.0,0,2,1,1,2,Low value / lost,Churned
C02554,Uttar Pradesh,North,5,8179.63,610.58,2024-12-12,2025-10-29,63,4.0,1,7,3,3,2,Loyal,Active
C05987,Tamil Nadu,South,2,8183.48,3509.71,2024-06-10,2025-09-28,94,2.5,0,2,3,2,2,Low value / lost,Churned
C04160,Delhi,North,4,8211.99,-306.04,2024-06-01,2025-02-05,329,1.3,0,4,1,3,2,At risk,Churned
C03321,Telangana,South,4,8220.05,2317.16,2024-02-06,2024-05-06,604,2.7,1,7,1,3,2,At risk,Churned
C02798,Gujarat,West,1,8230.33,2188.12,2025-12-25,2025-12-25,6,4.0,0,2,5,1,2,New / promising,Active
C10940,Karnataka,South,1,8231.23,1508.1,2025-11-01,2025-11-01,60,1.0,0,2,3,1,2,Low value / lost,Active
C06860,Rajasthan,North,4,8231.72,1806.19,2024-12-08,2025-10-25,67,3.7,1,7,3,3,2,Loyal,Active
C10260,Kerala,South,3,8234.3,2529.32,2024-09-22,2024-11-24,402,3.8,0,4,1,2,2,Low value / lost,Churned
C05266,Madhya Pradesh,Central,4,8242.68,1923.99,2025-05-01,2025-06-27,187,4.3,0,6,2,3,2,At risk,Churned
C02372,Karnataka,South,3,8250.26,2456.52,2025-04-15,2025-05-21,224,3.0,0,4,2,2,2,Low value / lost,Churned
C06258,Gujarat,West,2,8251.98,1842.19,2024-09-05,2025-06-14,200,3.6,0,5,2,2,2,Low value / lost,Churned
C00057,Kerala,South,1,8263.9,-2533.08,2025-03-30,2025-03-30,276,3.0,0,1,1,1,2,Low value / lost,Churned
C04383,Tamil Nadu,South,1,8263.9,-2558.08,2025-08-28,2025-08-28,125,4.0,0,1,2,1,2,Low value / lost,Churned
C07673,Telangana,South,2,8265.21,202.9,2025-06-04,2025-08-28,125,2.0,0,2,2,2,2,Low value / lost,Churned
C07683,Rajasthan,North,1,8267.49,3256.15,2025-10-12,2025-10-12,80,2.0,0,1,3,1,2,Low value / lost,Active
C02066,Maharashtra,West,2,8309.45,3448.19,2024-04-24,2025-03-08,298,4.3,0,3,1,2,2,Low value / lost,Churned
C11208,West Bengal,East,4,8310.05,1595.72,2025-06-10,2025-12-28,3,5.4,0,7,5,3,2,Loyal,Active
C01291,West Bengal,East,4,8329.79,2198.01,2025-07-04,2025-11-26,35,5.2,0,5,4,3,2,Loyal,Active
C06805,Maharashtra,West,2,8338.72,-4435.4,2024-07-31,2024-10-16,441,2.5,0,2,1,2,2,Low value / lost,Churned
C05651,Telangana,South,2,8344.57,-5219.45,2025-07-11,2025-08-17,136,3.5,1,2,2,2,2,Low value / lost,Churned
C05222,Maharashtra,West,1,8345.94,3170.73,2025-09-01,2025-09-01,121,5.0,0,1,2,1,2,Low value / lost,Churned
C10739,West Bengal,East,1,8353.99,701.82,2025-06-18,2025-06-18,196,7.0,0,1,2,1,2,Low value / lost,Churned
C11337,Maharashtra,West,3,8360.83,2021.47,2024-08-03,2025-11-17,44,3.5,0,4,4,2,2,New / promising,Active
C05305,Maharashtra,West,4,8369.72,2267.67,2024-04-13,2025-11-30,31,1.8,1,4,4,3,2,Loyal,Active
C03709,Telangana,South,3,8390.9,2374.29,2025-03-31,2025-08-31,122,2.0,0,4,2,2,2,Low value / lost,Churned
C08572,Kerala,South,4,8395.29,1936.85,2024-11-02,2025-06-11,203,3.2,0,5,2,3,2,At risk,Churned
C10951,Maharashtra,West,4,8403.28,1174.17,2024-12-18,2025-10-22,70,2.9,2,7,3,3,2,Loyal,Active
C04256,Delhi,North,1,8406.51,1551.48,2025-06-30,2025-06-30,184,2.0,0,3,2,1,2,Low value / lost,Churned
C07638,Telangana,South,2,8407.89,2181.56,2025-11-16,2025-12-05,26,2.0,2,4,4,2,2,New / promising,Active
C03917,Maharashtra,West,3,8411.7,2365.44,2025-09-22,2025-10-15,77,2.3,0,3,3,2,2,Low value / lost,Active
C00814,Telangana,South,3,8413.6,2279.37,2025-05-25,2025-06-23,191,1.3,2,4,2,2,2,Low value / lost,Churned
C11645,Tamil Nadu,South,2,8422.67,2554.7,2025-11-17,2025-12-28,3,3.0,1,6,5,2,2,New / promising,Active
C01727,Uttar Pradesh,North,3,8424.86,2126.34,2025-04-08,2025-10-08,84,3.0,1,4,3,2,2,Low value / lost,Active
C09718,Telangana,South,1,8435.1,-5007.48,2025-12-28,2025-12-28,3,2.0,0,2,5,1,2,New / promising,Active
C11225,Maharashtra,West,3,8442.9,3168.6,2025-04-17,2025-12-10,21,2.2,1,5,4,2,2,New / promising,Active
C11181,West Bengal,East,3,8455.0,2465.69,2025-07-04,2025-10-16,76,5.2,0,5,3,2,2,Low value / lost,Active
C02155,Karnataka,South,3,8463.37,2453.67,2025-01-01,2025-12-04,27,3.2,1,5,4,2,2,New / promising,Active
C10081,Maharashtra,West,4,8465.7,3174.34,2024-09-05,2025-11-01,60,2.3,0,4,3,3,2,Loyal,Active
C02124,Tamil Nadu,South,5,8467.02,2611.37,2024-09-11,2025-10-20,72,3.6,0,8,3,3,2,Loyal,Active
C06464,Gujarat,West,2,8468.37,1715.23,2025-03-16,2025-05-28,217,4.0,0,2,2,2,2,Low value / lost,Churned
C07728,Uttar Pradesh,North,6,8474.05,2553.78,2025-04-15,2025-12-23,8,3.8,0,6,5,3,2,Loyal,Active
C05326,Maharashtra,West,4,8494.17,989.43,2024-08-11,2025-11-07,54,2.3,0,6,3,3,2,Loyal,Active
C09993,Uttar Pradesh,North,4,8527.53,2029.2,2025-09-28,2025-11-22,39,2.7,3,6,4,3,2,Loyal,Active
C05152,Delhi,North,3,8540.37,2073.46,2025-06-13,2025-12-24,7,1.5,1,4,5,2,2,New / promising,Active
C07037,West Bengal,East,1,8540.79,1236.0,2024-10-09,2024-10-09,448,3.0,0,2,1,1,2,Low value / lost,Churned
C05006,Rajasthan,North,2,8541.64,-2524.67,2025-02-14,2025-09-06,116,6.0,0,2,2,2,2,Low value / lost,Churned
C11876,Uttar Pradesh,North,4,8554.27,1653.17,2024-06-20,2025-11-27,34,3.3,2,7,4,3,2,Loyal,Active
C09972,Tamil Nadu,South,5,8573.37,2194.2,2024-08-01,2025-10-13,79,3.2,1,5,3,3,2,Loyal,Active
C05042,Madhya Pradesh,Central,6,8577.61,3207.62,2024-11-22,2025-11-27,34,5.0,1,6,4,3,2,Loyal,Active
C00568,Karnataka,South,2,8586.54,1543.08,2024-10-13,2024-12-24,372,3.5,2,2,1,2,2,Low value / lost,Churned
C08497,Maharashtra,West,4,8600.75,1974.47,2024-10-21,2024-12-15,381,3.3,0,4,1,3,2,At risk,Churned
C06348,Tamil Nadu,South,6,8601.24,2881.32,2025-03-15,2025-09-12,110,4.0,1,8,2,3,2,At risk,Churned
C10304,Bihar,East,4,8618.39,1349.93,2024-06-24,2025-09-07,115,6.8,0,4,2,3,2,At risk,Churned
C02935,West Bengal,East,1,8618.56,3435.77,2024-11-18,2024-11-18,408,6.0,0,1,1,1,2,Low value / lost,Churned
C10896,Madhya Pradesh,Central,1,8635.4,-1807.67,2025-02-26,2025-02-26,308,4.0,0,1,1,1,2,Low value / lost,Churned
C00848,Uttar Pradesh,North,4,8661.79,1245.35,2024-07-26,2025-05-12,233,3.6,1,8,2,3,2,At risk,Churned
C06184,Karnataka,South,8,8662.1,2242.26,2025-03-01,2025-12-19,12,2.6,0,9,5,4,2,Champions,Active
C06954,Madhya Pradesh,Central,3,8665.04,-1866.79,2025-04-30,2025-10-19,73,6.3,0,3,3,2,2,Low value / lost,Active
C10633,Gujarat,West,1,8686.08,3341.97,2025-08-29,2025-08-29,124,4.0,1,2,2,1,2,Low value / lost,Churned
C05039,Delhi,North,6,8694.41,3692.19,2024-08-10,2025-08-06,147,1.7,1,6,2,3,2,At risk,Churned
C08502,Uttar Pradesh,North,2,8716.69,2706.68,2025-02-19,2025-11-15,46,4.0,0,4,4,2,2,New / promising,Active
C10099,Karnataka,South,2,8716.71,3780.02,2024-11-24,2025-02-09,325,3.0,0,3,1,2,2,Low value / lost,Churned
C01852,Maharashtra,West,3,8717.49,1332.41,2024-07-12,2025-04-10,265,2.5,0,4,2,2,2,Low value / lost,Churned
C00506,Tamil Nadu,South,1,8755.69,-1065.77,2025-05-02,2025-05-02,243,4.0,0,1,2,1,2,Low value / lost,Churned
C11006,Karnataka,South,3,8764.01,1830.23,2024-03-13,2025-04-08,267,2.5,0,4,2,2,2,Low value / lost,Churned
C08919,Delhi,North,3,8769.36,2187.81,2025-09-27,2025-12-19,12,2.8,1,4,5,2,2,New / promising,Active
C03032,Tamil Nadu,South,4,8782.84,2330.86,2024-06-22,2025-12-10,21,2.5,0,4,4,3,2,Loyal,Active
C02387,Tamil Nadu,South,5,8803.28,2916.95,2024-09-03,2025-12-15,16,2.8,0,6,5,3,2,Loyal,Active
C10619,Rajasthan,North,5,8809.05,2536.29,2024-08-17,2025-10-14,78,4.2,0,5,3,3,2,Loyal,Active
C02454,Madhya Pradesh,Central,2,8816.38,1788.04,2024-12-11,2025-06-15,199,3.5,1,2,2,2,2,Low value / lost,Churned
C06228,Uttar Pradesh,North,3,8818.02,2268.35,2024-07-24,2025-03-10,296,4.3,0,4,1,2,2,Low value / lost,Churned
C11885,Uttar Pradesh,North,4,8818.52,3138.85,2024-12-01,2025-08-10,143,3.0,0,4,2,3,2,At risk,Churned
C03357,Maharashtra,West,3,8855.28,2754.76,2025-08-01,2025-11-04,57,2.8,2,6,3,2,2,Low value / lost,Active
C08624,Maharashtra,West,2,8857.55,1895.6,2025-09-30,2025-12-25,6,3.0,1,2,5,2,2,New / promising,Active
C03476,Telangana,South,3,8859.67,2236.54,2024-10-21,2024-12-07,389,3.8,1,5,1,2,2,Low value / lost,Churned
C07798,Karnataka,South,4,8865.35,1793.92,2024-11-01,2025-04-17,258,2.2,1,6,2,3,2,At risk,Churned
C02911,Karnataka,South,2,8879.56,2215.58,2025-09-28,2025-10-20,72,4.0,1,2,3,2,2,Low value / lost,Active
C02742,West Bengal,East,1,8898.82,2894.77,2024-12-20,2024-12-20,376,4.0,1,1,1,1,2,Low value / lost,Churned
C10790,Madhya Pradesh,Central,4,8899.17,2762.27,2025-03-18,2025-11-16,45,4.0,2,4,4,3,2,Loyal,Active
C01177,Karnataka,South,1,8900.6,1037.7,2025-06-08,2025-06-08,206,3.0,1,3,2,1,2,Low value / lost,Churned
C04809,Delhi,North,4,8901.84,2315.38,2025-06-13,2025-10-03,89,1.8,2,4,3,3,2,Loyal,Active
C02882,Karnataka,South,6,8942.73,2664.19,2025-01-30,2025-10-10,82,2.5,0,6,3,3,2,Loyal,Active
C00817,Uttar Pradesh,North,4,8966.87,2669.77,2024-11-09,2025-12-16,15,3.5,0,6,5,3,2,Loyal,Active
C02583,Karnataka,South,5,8970.28,2050.48,2024-08-03,2025-11-27,34,1.6,1,8,4,3,2,Loyal,Active
C04823,Karnataka,South,8,8983.14,2866.14,2024-08-15,2025-12-21,10,2.7,0,9,5,4,2,Champions,Active
C00963,Karnataka,South,3,8990.86,2019.37,2025-06-22,2025-11-10,51,3.0,0,5,3,2,2,Low value / lost,Active
C02984,Gujarat,West,4,8991.04,3209.23,2024-12-26,2025-11-27,34,4.0,0,5,4,3,2,Loyal,Active
C03031,West Bengal,East,3,8995.15,2536.37,2025-04-05,2025-08-29,124,5.3,0,3,2,2,2,Low value / lost,Churned
C08585,Uttar Pradesh,North,1,8997.93,-986.41,2024-03-18,2024-03-18,653,1.0,0,1,1,1,2,Low value / lost,Churned
C09854,Telangana,South,1,8997.93,-990.77,2025-01-18,2025-01-18,347,2.0,0,1,1,1,2,Low value / lost,Churned
C01961,Gujarat,West,1,9004.3,-2001.91,2024-05-13,2024-05-13,597,3.0,0,1,1,1,2,Low value / lost,Churned
C03103,Gujarat,West,2,9012.66,3393.81,2025-07-13,2025-11-08,53,3.7,1,3,3,2,2,Low value / lost,Active
C11566,Maharashtra,West,5,9014.87,1480.63,2024-07-23,2025-12-05,26,2.1,0,7,4,3,2,Loyal,Active
C07871,Gujarat,West,4,9027.2,2367.33,2024-09-16,2025-12-10,21,2.7,0,6,4,3,2,Loyal,Active
C00877,Gujarat,West,5,9048.98,3153.28,2024-06-18,2025-07-16,168,3.8,0,5,2,3,2,At risk,Churned
C05666,Uttar Pradesh,North,9,9049.95,1791.67,2024-03-24,2024-06-19,560,4.3,1,10,1,4,2,At risk,Churned
C01674,Delhi,North,4,9054.29,698.07,2024-10-19,2025-12-26,5,1.5,1,6,5,3,2,Loyal,Active
C03869,West Bengal,East,3,9055.81,3452.99,2025-09-18,2025-12-07,24,5.8,0,5,4,2,2,New / promising,Active
C03875,Bihar,East,2,9079.47,938.78,2025-05-21,2025-12-19,12,6.5,1,2,5,2,2,New / promising,Active
C08320,West Bengal,East,2,9080.09,3754.38,2025-04-21,2025-10-09,83,2.0,1,4,3,2,2,Low value / lost,Active
C07418,Karnataka,South,3,9089.12,862.22,2025-01-13,2025-08-26,127,2.7,0,3,2,2,2,Low value / lost,Churned
C11970,Rajasthan,North,3,9090.91,2334.52,2025-02-21,2025-11-04,57,3.5,0,6,3,2,2,Low value / lost,Active
C08392,Madhya Pradesh,Central,2,9092.91,-1644.94,2025-06-05,2025-10-16,76,6.0,0,2,3,2,2,Low value / lost,Active
C02260,Karnataka,South,6,9097.94,2865.15,2025-04-24,2025-12-20,11,2.1,2,7,5,3,2,Loyal,Active
C04760,Maharashtra,West,4,9110.08,2785.4,2025-05-25,2025-10-06,86,2.3,1,4,3,3,2,Loyal,Active
C09048,Tamil Nadu,South,2,9125.82,-1060.97,2025-05-01,2025-05-26,219,2.5,0,2,2,2,2,Low value / lost,Churned
C05637,Karnataka,South,1,9127.99,3403.78,2024-05-26,2024-05-26,584,3.0,0,2,1,1,2,Low value / lost,Churned
C06278,Rajasthan,North,5,9134.72,3184.62,2024-12-21,2025-09-17,105,4.2,2,6,3,3,2,Loyal,Churned
C01172,Gujarat,West,6,9139.16,2135.04,2025-02-20,2025-12-07,24,3.7,0,6,4,3,2,Loyal,Active
C09204,Rajasthan,North,4,9142.21,2157.35,2024-08-03,2024-09-19,468,4.0,0,6,1,3,2,At risk,Churned
C08887,Telangana,South,4,9145.74,2580.23,2025-05-26,2025-12-12,19,2.0,1,7,4,3,2,Loyal,Active
C04359,Rajasthan,North,3,9157.58,1078.2,2024-12-29,2025-12-17,14,3.3,1,3,5,2,2,New / promising,Active
C00897,Delhi,North,5,9160.87,624.25,2024-02-26,2024-10-22,435,1.9,1,8,1,3,2,At risk,Churned
C04033,Delhi,North,2,9167.39,3082.29,2024-11-06,2025-03-25,281,1.8,0,4,1,2,2,Low value / lost,Churned
C07174,Maharashtra,West,2,9172.36,2985.36,2025-02-01,2025-10-12,80,2.0,0,2,3,2,2,Low value / lost,Active
C09562,Delhi,North,2,9180.92,-2056.01,2025-03-12,2025-11-16,45,1.0,0,2,4,2,2,New / promising,Active
C11139,Uttar Pradesh,North,2,9181.98,3296.11,2025-05-04,2025-12-28,3,3.5,1,2,5,2,2,New / promising,Active
C06446,Gujarat,West,3,9191.14,2297.66,2025-05-10,2025-10-12,80,3.5,0,4,3,2,2,Low value / lost,Active
C06014,Tamil Nadu,South,9,9208.28,2355.04,2025-03-30,2025-12-22,9,2.9,0,10,5,4,2,Champions,Active
C11463,Telangana,South,2,9208.67,994.3,2024-08-09,2025-01-05,360,3.5,1,4,1,2,2,Low value / lost,Churned
C09385,Maharashtra,West,6,9220.32,3101.3,2024-04-10,2025-08-13,140,3.1,0,7,2,3,2,At risk,Churned
C09787,Assam,Northeast,5,9233.77,1915.4,2025-06-18,2025-11-03,58,8.9,2,8,3,3,2,Loyal,Active
C02560,Uttar Pradesh,North,1,9233.86,-1870.46,2024-11-01,2024-11-01,425,4.0,0,1,1,1,2,Low value / lost,Churned
C02687,Uttar Pradesh,North,5,9242.32,2411.96,2024-07-30,2024-11-04,422,3.0,1,8,1,3,2,At risk,Churned
C08579,Bihar,East,3,9244.97,2782.65,2025-02-02,2025-08-22,131,5.8,2,6,2,2,2,Low value / lost,Churned
C03194,West Bengal,East,1,9259.82,2965.61,2025-10-24,2025-10-24,68,8.0,1,2,3,1,2,Low value / lost,Active
C11413,Tamil Nadu,South,2,9262.36,3062.28,2025-09-06,2025-09-28,94,2.4,1,5,3,2,2,Low value / lost,Churned
C00378,Uttar Pradesh,North,4,9263.34,2804.53,2024-04-01,2025-08-27,126,4.5,1,6,2,3,2,At risk,Churned
C03942,Tamil Nadu,South,2,9278.57,-383.64,2024-08-21,2024-12-27,369,4.5,1,4,1,2,2,Low value / lost,Churned
C02439,Uttar Pradesh,North,5,9281.57,2794.59,2024-09-28,2025-04-10,265,3.8,0,5,2,3,2,At risk,Churned
C11061,Maharashtra,West,4,9282.25,3289.49,2025-08-06,2025-10-15,77,3.3,1,4,3,3,2,Loyal,Active
C02358,Tamil Nadu,South,4,9290.31,3478.0,2024-10-31,2025-12-02,29,2.2,1,6,4,3,2,Loyal,Active
C05211,Bihar,East,3,9310.56,3258.92,2024-11-27,2024-12-26,370,6.8,1,4,1,2,2,Low value / lost,Churned
C03074,West Bengal,East,4,9322.59,3132.78,2025-08-28,2025-12-20,11,4.3,0,7,5,3,2,Loyal,Active
C10258,Maharashtra,West,3,9324.99,921.22,2025-03-25,2025-08-26,127,2.3,0,3,2,2,2,Low value / lost,Churned
C07532,Karnataka,South,6,9341.0,1994.72,2024-08-17,2025-11-25,36,2.4,0,7,4,3,2,Loyal,Active
C03133,Rajasthan,North,1,9351.88,-4537.11,2025-09-18,2025-09-18,104,4.0,0,1,3,1,2,Low value / lost,Churned
C03508,Delhi,North,1,9361.0,4085.2,2024-06-13,2024-06-13,566,1.0,0,3,1,1,2,Low value / lost,Churned
C10869,Karnataka,South,2,9368.5,-1522.78,2025-07-09,2025-12-22,9,3.0,0,2,5,2,2,New / promising,Active
C03526,Uttar Pradesh,North,2,9387.95,4363.29,2024-10-20,2024-12-12,384,3.7,2,3,1,2,2,Low value / lost,Churned
C03675,Delhi,North,4,9388.55,-2532.67,2024-04-27,2025-11-04,57,2.5,0,4,3,3,2,Loyal,Active
C11973,Madhya Pradesh,Central,3,9390.86,2448.16,2025-09-02,2025-12-21,10,4.2,0,5,5,2,2,New / promising,Active
C11530,Delhi,North,3,9391.01,-3111.54,2024-09-26,2024-10-18,439,2.0,0,4,1,2,2,Low value / lost,Churned
C06307,Delhi,North,1,9396.09,3812.88,2025-06-20,2025-06-20,194,3.0,0,1,2,1,2,Low value / lost,Churned
C11794,Maharashtra,West,4,9399.17,1798.88,2024-02-06,2025-08-28,125,3.3,0,8,2,3,2,At risk,Churned
C03826,Telangana,South,3,9399.56,3592.48,2024-06-10,2024-07-15,534,2.3,0,3,1,2,2,Low value / lost,Churned
C05506,Gujarat,West,5,9411.93,3226.35,2024-03-22,2024-08-25,493,3.8,1,6,1,3,2,At risk,Churned
C00660,Maharashtra,West,3,9413.03,-3218.1,2024-11-08,2025-08-03,150,3.3,0,3,2,2,2,Low value / lost,Churned
C08019,Madhya Pradesh,Central,2,9419.26,68.79,2025-06-15,2025-12-11,20,4.5,1,2,4,2,2,New / promising,Active
C03996,Karnataka,South,1,9421.51,-4539.96,2025-04-17,2025-04-17,258,4.0,0,3,2,1,2,Low value / lost,Churned
C06316,Telangana,South,4,9433.7,1658.48,2024-07-09,2024-08-24,494,2.6,1,5,1,3,2,At risk,Churned
C02792,Bihar,East,6,9439.99,2311.2,2024-08-30,2025-12-29,2,6.0,1,7,5,3,2,Loyal,Active
C07433,Karnataka,South,4,9441.44,3203.66,2024-11-29,2025-12-28,3,5.5,0,6,5,3,2,Loyal,Active
C11952,Delhi,North,2,9464.61,2980.42,2025-04-17,2025-05-26,219,3.0,0,2,2,2,2,Low value / lost,Churned
C10269,Tamil Nadu,South,3,9465.53,-309.11,2024-08-14,2025-10-23,69,3.0,0,3,3,2,2,Low value / lost,Active
C02480,Bihar,East,1,9494.46,292.41,2025-04-14,2025-04-14,261,6.0,2,3,2,1,2,Low value / lost,Churned
C01307,Tamil Nadu,South,3,9502.08,2474.02,2025-05-11,2025-12-22,9,4.8,1,5,5,2,2,New / promising,Active
C11582,Karnataka,South,2,9505.04,-3198.03,2024-10-17,2025-12-18,13,3.7,1,3,5,2,2,New / promising,Active
C09735,Madhya Pradesh,Central,1,9512.18,-2883.77,2024-04-17,2024-04-17,623,5.0,0,1,1,1,2,Low value / lost,Churned
C10666,Madhya Pradesh,Central,4,9514.23,3780.1,2025-06-25,2025-12-21,10,3.6,0,5,5,3,2,Loyal,Active
C04982,Odisha,East,2,9519.28,2627.55,2025-03-26,2025-04-08,267,6.0,0,3,2,2,2,Low value / lost,Churned
C11489,Maharashtra,West,1,9526.43,2032.58,2024-09-14,2024-09-14,473,1.0,0,1,1,1,2,Low value / lost,Churned
C10353,Tamil Nadu,South,4,9536.99,2479.93,2024-12-13,2025-10-27,65,3.5,1,4,3,3,2,Loyal,Active
C08308,West Bengal,East,1,9538.09,1124.68,2025-10-29,2025-10-29,63,4.0,0,1,3,1,2,Low value / lost,Active
C10067,Maharashtra,West,1,9538.53,3025.73,2025-11-02,2025-11-02,59,3.0,0,1,3,1,2,Low value / lost,Active
C10874,Uttar Pradesh,North,2,9579.71,2792.62,2025-02-10,2025-12-29,2,3.5,0,2,5,2,2,New / promising,Active
C06345,Karnataka,South,3,9585.06,-1559.11,2025-06-02,2025-11-23,38,1.7,1,3,4,2,2,New / promising,Active
C04686,Tamil Nadu,South,3,9587.54,788.71,2024-12-02,2025-12-25,6,2.5,0,4,5,2,2,New / promising,Active
C04398,Tamil Nadu,South,5,9598.29,2178.66,2024-01-14,2024-03-16,655,3.3,0,7,1,3,2,At risk,Churned
C06250,Gujarat,West,1,9608.98,3313.59,2024-05-05,2024-05-05,605,3.0,0,2,1,1,2,Low value / lost,Churned
C04312,Tamil Nadu,South,3,9610.99,2990.13,2024-05-21,2025-12-16,15,2.3,0,3,5,2,2,New / promising,Active
C10312,Rajasthan,North,1,9617.16,4105.46,2024-12-18,2024-12-18,378,3.0,0,1,1,1,2,Low value / lost,Churned
C08734,Kerala,South,3,9618.68,3289.54,2025-09-17,2025-11-30,31,4.5,1,4,4,2,2,New / promising,Active
C06967,Tamil Nadu,South,2,9619.47,3510.91,2024-10-23,2025-06-20,194,3.0,1,3,2,2,2,Low value / lost,Churned
C09520,Maharashtra,West,6,9655.78,3921.66,2025-05-27,2025-12-22,9,1.8,0,8,5,3,2,Loyal,Active
C06747,Kerala,South,1,9655.97,3274.8,2024-04-30,2024-04-30,610,2.0,0,3,1,1,2,Low value / lost,Churned
C07874,Karnataka,South,2,9667.08,2823.79,2025-11-15,2025-11-18,43,2.8,1,4,4,2,2,New / promising,Active
C00750,Tamil Nadu,South,5,9681.11,1756.95,2024-11-24,2025-12-20,11,2.7,1,6,5,3,2,Loyal,Active
C10271,Telangana,South,7,9684.45,2555.01,2024-11-17,2025-12-28,3,1.8,2,9,5,4,2,Champions,Active
C05565,Gujarat,West,4,9685.89,2720.5,2024-11-10,2025-02-27,307,2.3,0,6,1,3,2,At risk,Churned
C07615,Maharashtra,West,3,9689.57,4291.99,2024-11-17,2024-11-29,397,2.0,0,3,1,2,2,Low value / lost,Churned
C04940,Maharashtra,West,3,9693.12,2317.59,2025-01-25,2025-12-20,11,2.6,3,5,5,2,2,New / promising,Active
C03353,Madhya Pradesh,Central,1,9701.62,3477.2,2025-02-17,2025-02-17,317,4.0,0,1,1,1,2,Low value / lost,Churned
C11505,Rajasthan,North,4,9707.38,2610.49,2024-11-18,2025-08-23,130,4.8,1,5,2,3,2,At risk,Churned
C01981,Delhi,North,2,9707.74,484.88,2025-12-27,2025-12-28,3,2.0,0,2,5,2,2,New / promising,Active
C02631,Karnataka,South,3,9713.17,-2258.98,2025-06-24,2025-11-18,43,3.3,0,4,4,2,2,New / promising,Active
C02559,Delhi,North,1,9713.38,2032.3,2025-03-23,2025-03-23,283,3.0,0,1,1,1,2,Low value / lost,Churned
C02887,Maharashtra,West,5,9714.7,3073.54,2025-04-16,2025-12-16,15,2.0,2,5,5,3,2,Loyal,Active
C07922,Bihar,East,1,9716.4,1894.03,2024-07-25,2024-07-25,524,6.0,0,2,1,1,2,Low value / lost,Churned
C02743,Rajasthan,North,1,9729.96,2498.16,2024-12-20,2024-12-20,376,3.0,1,2,1,1,2,Low value / lost,Churned
C09034,Tamil Nadu,South,3,9731.81,1858.74,2024-05-30,2025-11-01,60,1.8,1,6,3,2,2,Low value / lost,Active
C06864,Kerala,South,2,9736.03,2624.21,2025-05-12,2025-09-11,111,4.0,0,3,2,2,2,Low value / lost,Churned
C03823,Uttar Pradesh,North,2,9760.58,2067.46,2024-08-20,2024-08-26,492,4.3,0,4,1,2,2,Low value / lost,Churned
C02182,Maharashtra,West,4,9761.36,2496.16,2024-03-01,2025-12-31,0,3.0,2,6,5,3,2,Loyal,Active
C06206,Uttar Pradesh,North,6,9780.46,2167.02,2024-09-25,2025-12-17,14,4.1,1,7,5,3,2,Loyal,Active
C00636,Gujarat,West,2,9794.24,436.75,2024-09-09,2024-10-12,445,3.5,0,2,1,2,2,Low value / lost,Churned
C06357,Karnataka,South,3,9805.2,2933.32,2024-07-16,2025-12-21,10,2.3,1,7,5,2,2,New / promising,Active
C05854,Karnataka,South,4,9806.57,3007.45,2024-04-22,2025-12-09,22,2.4,1,5,4,3,2,Loyal,Active
C11389,Tamil Nadu,South,2,9807.25,3598.58,2024-09-20,2025-11-03,58,2.0,1,3,3,2,2,Low value / lost,Active
C03105,Gujarat,West,2,9808.21,971.79,2025-09-19,2025-12-21,10,2.0,1,2,5,2,2,New / promising,Active
C09802,Uttar Pradesh,North,1,9815.57,2652.74,2024-12-18,2024-12-18,378,1.0,0,2,1,1,2,Low value / lost,Churned
C05118,Maharashtra,West,1,9827.36,-2534.86,2024-12-06,2024-12-06,390,1.0,0,2,1,1,2,Low value / lost,Churned
C00971,Bihar,East,3,9835.7,3555.4,2025-02-12,2025-06-11,203,6.7,1,3,2,2,2,Low value / lost,Churned
C04408,Kerala,South,5,9851.09,1196.93,2024-09-04,2025-07-05,179,3.0,0,8,2,3,2,At risk,Churned
C11506,Bihar,East,3,9855.81,3858.65,2025-08-02,2025-09-29,93,6.0,0,4,3,2,2,Low value / lost,Churned
C09709,Telangana,South,1,9858.31,3763.04,2025-05-22,2025-05-22,223,3.0,1,3,2,1,2,Low value / lost,Churned
C00536,Maharashtra,West,2,9867.39,4751.71,2025-04-25,2025-06-27,187,2.5,3,4,2,2,2,Low value / lost,Churned
C07820,Uttar Pradesh,North,1,9869.02,-578.62,2025-11-24,2025-11-24,37,4.0,1,1,4,1,2,New / promising,Active
C05884,Rajasthan,North,3,9869.33,3269.73,2024-08-18,2025-12-02,29,4.2,0,6,4,2,2,New / promising,Active
C08769,Gujarat,West,4,9874.43,2889.47,2024-02-24,2024-09-01,486,3.0,2,5,1,3,2,At risk,Churned
C07327,Maharashtra,West,4,9874.84,2288.03,2025-02-18,2025-09-06,116,2.4,1,7,2,3,2,At risk,Churned
C01267,Delhi,North,3,9879.52,2802.31,2024-05-16,2024-07-16,533,3.0,0,4,1,2,2,Low value / lost,Churned
C02094,Telangana,South,4,9879.93,2158.43,2025-05-17,2025-09-28,94,2.9,2,7,3,3,2,Loyal,Churned
C03571,Karnataka,South,3,9889.94,2267.06,2024-12-19,2025-07-18,166,2.1,1,7,2,2,2,Low value / lost,Churned
C08336,Gujarat,West,4,9894.47,1845.41,2024-11-25,2025-12-23,8,3.5,1,6,5,3,2,Loyal,Active
C08202,Delhi,North,3,9898.7,3381.24,2025-04-18,2025-11-18,43,3.7,0,3,4,2,2,New / promising,Active
C07934,Madhya Pradesh,Central,9,9906.9,1589.89,2024-12-31,2025-11-26,35,3.3,2,10,4,4,2,Champions,Active
C03696,Karnataka,South,2,9907.56,2530.74,2024-03-23,2024-09-13,474,1.3,1,3,1,2,2,Low value / lost,Churned
C11284,Delhi,North,2,9943.71,3581.02,2025-08-09,2025-10-14,78,3.0,0,2,3,2,2,Low value / lost,Active
C08368,Maharashtra,West,5,9948.98,2587.35,2024-10-26,2025-10-30,62,1.8,1,5,3,3,2,Loyal,Active
C09342,Uttar Pradesh,North,1,9949.85,3734.32,2024-03-22,2024-03-22,649,5.0,0,1,1,1,2,Low value / lost,Churned
C04368,Delhi,North,6,9954.82,1574.92,2024-03-14,2025-03-17,289,2.0,1,8,1,3,2,At risk,Churned
C02286,Gujarat,West,2,9978.85,3297.38,2024-12-06,2024-12-28,368,3.5,0,4,1,2,2,Low value / lost,Churned
C07425,West Bengal,East,2,9986.27,-2714.26,2025-07-18,2025-10-16,76,6.5,1,2,3,2,2,Low value / lost,Active
C10465,West Bengal,East,3,9990.96,3364.82,2024-06-25,2025-07-05,179,4.7,0,6,2,2,2,Low value / lost,Churned
C04935,Uttar Pradesh,North,2,9993.57,3525.84,2025-01-05,2025-03-12,294,5.0,0,4,1,2,2,Low value / lost,Churned
C02237,Karnataka,South,3,9998.29,2572.0,2025-07-31,2025-09-03,119,1.2,0,5,2,2,2,Low value / lost,Churned
C08969,Gujarat,West,2,10008.55,-634.78,2025-06-27,2025-08-17,136,2.5,0,2,2,2,2,Low value / lost,Churned
C07373,Delhi,North,5,10012.38,4387.91,2025-08-01,2025-12-03,28,1.8,0,6,4,3,2,Loyal,Active
C03890,Delhi,North,2,10037.54,3075.91,2025-05-11,2025-12-20,11,1.0,0,3,5,2,2,New / promising,Active
C05173,Karnataka,South,2,10048.73,-2913.17,2025-09-12,2025-11-24,37,1.3,1,3,4,2,2,New / promising,Active
C07279,Kerala,South,5,10052.3,3226.82,2024-07-09,2025-04-01,274,3.5,0,8,1,3,2,At risk,Churned
C00178,Karnataka,South,1,10062.87,-4472.52,2025-03-24,2025-03-24,282,2.0,0,2,1,1,2,Low value / lost,Churned
C06141,Delhi,North,2,10074.8,-1339.57,2025-04-30,2025-07-30,154,2.0,2,2,2,2,2,Low value / lost,Churned
C02668,Tamil Nadu,South,1,10131.38,3699.25,2025-07-20,2025-07-20,164,1.0,0,3,2,1,2,Low value / lost,Churned
C09269,Uttar Pradesh,North,1,10131.49,463.17,2025-12-25,2025-12-25,6,1.0,0,3,5,1,2,New / promising,Active
C11811,Maharashtra,West,2,10135.63,3510.43,2025-12-14,2025-12-22,9,2.3,0,3,5,2,2,New / promising,Active
C06697,Gujarat,West,2,10136.58,1353.06,2024-02-04,2024-07-08,541,3.5,0,2,1,2,2,Low value / lost,Churned
C01557,Gujarat,West,1,10137.84,61.42,2024-03-28,2024-03-28,643,4.0,1,2,1,1,2,Low value / lost,Churned
C00937,Delhi,North,4,10145.51,2751.73,2024-03-04,2025-12-18,13,3.3,0,4,5,3,2,Loyal,Active
C10001,Rajasthan,North,2,10147.56,2948.13,2025-11-13,2025-11-17,44,4.0,1,2,4,2,2,New / promising,Active
C02998,Maharashtra,West,4,10152.36,-512.06,2025-01-10,2025-11-17,44,2.6,0,5,4,3,2,Loyal,Active
C02558,Delhi,North,3,10155.65,3188.22,2024-04-10,2024-08-04,514,2.3,1,4,1,2,2,Low value / lost,Churned
C10159,Maharashtra,West,1,10183.78,89.43,2025-06-11,2025-06-11,203,3.0,0,1,2,1,2,Low value / lost,Churned
C09508,Gujarat,West,3,10188.68,2142.97,2024-11-02,2025-05-11,234,3.5,1,4,2,2,2,Low value / lost,Churned
C01936,Bihar,East,1,10192.85,-49.02,2025-02-12,2025-02-12,322,6.0,1,3,1,1,2,Low value / lost,Churned
C02165,Maharashtra,West,4,10206.73,3285.88,2024-02-17,2025-02-06,328,2.5,0,4,1,3,2,At risk,Churned
C03152,Maharashtra,West,4,10214.64,3072.01,2024-08-06,2024-10-26,431,3.2,0,6,1,3,2,At risk,Churned
C04581,Karnataka,South,1,10223.99,1471.35,2025-12-18,2025-12-18,13,2.0,0,1,5,1,2,New / promising,Active
C10382,Gujarat,West,1,10223.99,1474.16,2025-07-30,2025-07-30,154,2.0,0,1,2,1,2,Low value / lost,Churned
C06051,Tamil Nadu,South,1,10228.44,4922.87,2025-11-07,2025-11-07,54,3.0,0,1,3,1,2,Low value / lost,Active
C08811,Karnataka,South,8,10253.28,4236.06,2024-07-23,2024-11-03,423,2.1,0,8,1,4,2,At risk,Churned
C08316,Telangana,South,5,10280.89,3920.21,2024-08-20,2025-12-25,6,3.0,1,6,5,3,2,Loyal,Active
C06631,Maharashtra,West,3,10286.0,1991.37,2024-11-26,2025-03-14,292,3.4,1,5,1,2,2,Low value / lost,Churned
C06998,Telangana,South,4,10288.87,2305.04,2024-09-05,2025-04-04,271,3.7,0,6,2,3,2,At risk,Churned
C03832,Karnataka,South,4,10290.14,3329.81,2025-02-15,2025-11-08,53,3.0,1,7,3,3,2,Loyal,Active
C02022,Odisha,East,3,10290.42,1676.53,2025-04-29,2025-10-28,64,6.5,0,4,3,2,2,Low value / lost,Active
C10276,Maharashtra,West,1,10292.6,5053.78,2024-04-23,2024-04-23,617,2.0,0,1,1,1,2,Low value / lost,Churned
C00489,Delhi,North,2,10297.93,2820.35,2025-06-09,2025-11-23,38,1.5,1,2,4,2,2,New / promising,Active
C01358,Kerala,South,2,10314.52,755.13,2024-07-31,2025-08-21,132,4.3,1,4,2,2,2,Low value / lost,Churned
C06266,Kerala,South,4,10319.79,3439.35,2024-04-30,2025-10-27,65,3.8,0,6,3,3,2,Loyal,Active
C02369,Karnataka,South,6,10327.7,-461.13,2024-10-15,2025-12-31,0,1.9,2,7,5,3,2,Loyal,Active
C09178,Bihar,East,5,10329.24,4056.77,2025-06-01,2025-12-06,25,6.0,0,8,4,3,2,Loyal,Active
C04377,Kerala,South,3,10339.48,779.36,2024-05-01,2025-11-29,32,4.0,0,4,4,2,2,New / promising,Active
C09109,Maharashtra,West,1,10352.8,2602.05,2025-11-10,2025-11-10,51,1.0,1,2,3,1,2,Low value / lost,Active
C04076,Gujarat,West,3,10365.86,3612.75,2025-04-02,2025-08-21,132,3.5,1,6,2,2,2,Low value / lost,Churned
C10467,Gujarat,West,4,10373.16,2153.46,2025-04-04,2025-12-10,21,4.2,0,5,4,3,2,Loyal,Active
C00700,Maharashtra,West,4,10382.83,-402.02,2024-01-18,2024-10-19,438,2.5,0,6,1,3,2,At risk,Churned
C11575,Kerala,South,3,10392.83,3085.73,2025-06-11,2025-11-07,54,4.0,0,4,3,2,2,Low value / lost,Active
C01884,Odisha,East,7,10397.2,2861.11,2024-09-22,2025-10-16,76,6.4,1,9,3,4,2,Loyal,Active
C08376,Delhi,North,3,10399.55,4863.39,2025-05-01,2025-09-17,105,3.5,1,4,3,2,2,Low value / lost,Churned
C03449,Assam,Northeast,2,10405.17,-2404.1,2025-05-29,2025-11-26,35,6.3,1,4,4,2,2,New / promising,Active
C06323,Maharashtra,West,1,10415.11,-502.1,2024-12-03,2024-12-03,393,3.0,0,3,1,1,2,Low value / lost,Churned
C00813,Karnataka,South,4,10418.07,1991.87,2024-12-25,2025-12-31,0,2.8,0,6,5,3,2,Loyal,Active
C03811,Uttar Pradesh,North,5,10425.2,964.08,2025-04-26,2025-12-20,11,3.4,0,8,5,3,2,Loyal,Active
C04522,Delhi,North,3,10427.02,2520.95,2024-07-19,2025-06-23,191,1.4,2,5,2,2,2,Low value / lost,Churned
C01200,Maharashtra,West,2,10427.35,-1416.39,2025-11-12,2025-11-22,39,3.0,0,2,4,2,2,New / promising,Active
C06975,Tamil Nadu,South,3,10430.83,4482.57,2024-06-13,2025-07-06,178,2.6,1,5,2,2,2,Low value / lost,Churned
C08261,Assam,Northeast,3,10432.87,3192.15,2024-07-11,2025-08-09,144,6.5,0,4,2,2,2,Low value / lost,Churned
C07767,Karnataka,South,6,10434.71,1926.79,2024-03-04,2025-08-08,145,3.3,1,8,2,3,2,At risk,Churned
C01193,Gujarat,West,6,10446.22,2728.73,2024-01-06,2025-08-17,136,2.8,1,8,2,3,2,At risk,Churned
C04355,Karnataka,South,8,10448.73,673.25,2025-05-27,2025-10-19,73,2.7,1,10,3,4,2,Loyal,Active
C03849,Uttar Pradesh,North,3,10473.1,1736.84,2024-09-22,2024-12-04,392,3.0,1,6,1,2,2,Low value / lost,Churned
C08196,Karnataka,South,2,10475.31,-2050.45,2025-08-02,2025-10-03,89,4.5,0,2,3,2,2,Low value / lost,Active
C03873,Rajasthan,North,3,10476.42,3113.0,2025-03-16,2025-11-21,40,3.7,2,6,4,2,2,New / promising,Active
C11301,Uttar Pradesh,North,3,10478.71,2577.26,2024-06-22,2025-05-18,227,4.0,0,3,2,2,2,Low value / lost,Churned
C10065,Tamil Nadu,South,2,10479.0,1532.36,2025-10-19,2025-12-20,11,3.3,1,3,5,2,2,New / promising,Active
C03463,Madhya Pradesh,Central,3,10484.1,3127.72,2025-02-28,2025-11-01,60,4.0,0,4,3,2,2,Low value / lost,Active
C09427,Gujarat,West,1,10485.84,38.05,2024-11-21,2024-11-21,405,4.0,0,1,1,1,2,Low value / lost,Churned
C05646,Tamil Nadu,South,2,10485.98,-976.34,2024-12-23,2025-03-25,281,3.0,0,3,1,2,2,Low value / lost,Churned
C11492,Uttar Pradesh,North,2,10503.86,-3700.16,2024-09-15,2025-07-14,170,3.5,1,2,2,2,2,Low value / lost,Churned
C01048,Gujarat,West,7,10517.57,2252.27,2025-05-01,2025-08-22,131,3.0,0,8,2,4,2,At risk,Churned
C01456,Tamil Nadu,South,3,10519.76,-1521.8,2025-06-05,2025-10-24,68,2.3,0,3,3,2,2,Low value / lost,Active
C10802,Karnataka,South,1,10526.14,1921.27,2025-08-25,2025-08-25,128,2.0,1,1,2,1,2,Low value / lost,Churned
C02946,Delhi,North,3,10538.77,4240.27,2024-11-11,2025-09-11,111,3.0,0,3,2,2,2,Low value / lost,Churned
C08169,Odisha,East,8,10539.66,2593.83,2024-10-19,2025-11-06,55,5.1,1,10,3,4,2,Loyal,Active
C00444,Odisha,East,3,10539.74,806.65,2025-04-06,2025-11-30,31,6.8,0,4,4,2,2,New / promising,Active
C07955,Madhya Pradesh,Central,1,10555.97,1555.57,2024-11-28,2024-11-28,398,3.0,0,1,1,1,2,Low value / lost,Churned
C08090,Gujarat,West,5,10577.23,3928.53,2024-05-30,2025-11-28,33,2.4,1,7,4,3,2,Loyal,Active
C05709,Tamil Nadu,South,1,10582.04,2690.5,2024-03-08,2024-03-08,663,4.0,0,1,1,1,2,Low value / lost,Churned
C05555,Maharashtra,West,3,10599.97,3854.14,2024-04-09,2024-09-21,466,2.3,0,3,1,2,2,Low value / lost,Churned
C02181,Maharashtra,West,5,10612.65,4357.06,2025-05-26,2025-12-23,8,2.4,0,5,5,3,2,Loyal,Active
C10061,West Bengal,East,5,10613.18,2821.38,2024-07-10,2025-08-15,138,5.0,0,5,2,3,2,At risk,Churned
C01189,Rajasthan,North,2,10628.29,1077.44,2025-08-09,2025-08-10,143,3.5,0,2,2,2,2,Low value / lost,Churned
C08614,Karnataka,South,2,10634.68,545.82,2025-10-28,2025-11-11,50,2.0,0,2,3,2,2,Low value / lost,Active
C00094,Karnataka,South,1,10643.03,312.64,2024-08-30,2024-08-30,488,2.0,0,2,1,1,2,Low value / lost,Churned
C09181,Maharashtra,West,3,10672.0,4659.39,2024-04-07,2025-01-06,359,1.5,0,4,1,2,2,Low value / lost,Churned
C09437,Telangana,South,3,10682.93,1651.08,2024-12-07,2025-12-14,17,3.6,0,5,5,2,2,New / promising,Active
C07867,Kerala,South,2,10687.25,-5583.17,2024-12-05,2024-12-22,374,3.0,0,2,1,2,2,Low value / lost,Churned
C11324,Rajasthan,North,1,10698.44,4120.39,2025-10-02,2025-10-02,90,3.0,0,1,3,1,2,Low value / lost,Active
C11863,Rajasthan,North,2,10701.15,1800.94,2024-11-10,2025-02-15,319,4.7,0,3,1,2,2,Low value / lost,Churned
C06625,Karnataka,South,2,10739.89,3195.02,2025-08-30,2025-09-20,102,3.3,1,3,3,2,2,Low value / lost,Churned
C02928,Maharashtra,West,3,10762.7,2842.03,2024-08-02,2025-10-24,68,2.7,1,3,3,2,2,Low value / lost,Active
C00031,Tamil Nadu,South,2,10766.36,4079.79,2025-01-25,2025-11-24,37,4.0,1,3,4,2,2,New / promising,Active
C04597,Maharashtra,West,1,10769.96,-961.91,2025-06-04,2025-06-04,210,2.0,0,1,2,1,2,Low value / lost,Churned
C06401,Karnataka,South,2,10778.71,4181.57,2025-04-16,2025-09-16,106,3.5,1,2,3,2,2,Low value / lost,Churned
C11206,Karnataka,South,3,10779.09,2688.0,2025-10-19,2025-12-01,30,3.0,2,3,4,2,2,New / promising,Active
C00187,Uttar Pradesh,North,4,10794.53,2975.29,2024-01-27,2025-10-17,75,3.6,0,7,3,3,2,Loyal,Active
C05868,Rajasthan,North,6,10804.32,2790.89,2024-08-02,2024-10-24,433,3.9,2,11,1,3,2,At risk,Churned
C06599,Maharashtra,West,2,10821.28,2408.48,2024-12-12,2024-12-16,380,2.4,1,5,1,2,2,Low value / lost,Churned
C07265,Telangana,South,3,10823.09,-4708.79,2024-10-04,2025-06-02,212,2.3,0,3,2,2,2,Low value / lost,Churned
C01643,Maharashtra,West,3,10838.6,3151.54,2025-02-24,2025-09-04,118,2.8,0,5,2,2,2,Low value / lost,Churned
C02807,Kerala,South,4,10863.6,2772.13,2024-12-20,2025-12-24,7,3.7,0,7,5,3,2,Loyal,Active
C08671,Karnataka,South,6,10875.6,3611.11,2024-12-24,2025-04-03,272,2.8,0,8,2,3,2,At risk,Churned
C04800,Tamil Nadu,South,2,10904.39,3250.88,2024-07-07,2025-06-05,209,4.3,0,4,2,2,2,Low value / lost,Churned
C04455,Maharashtra,West,1,10910.52,-2969.61,2024-07-18,2024-07-18,531,3.0,0,1,1,1,2,Low value / lost,Churned
C11886,Karnataka,South,5,10922.65,4161.52,2024-04-02,2024-11-30,396,1.9,0,8,1,3,2,At risk,Churned
C02735,Maharashtra,West,3,10934.54,651.33,2025-04-06,2025-06-15,199,1.8,0,4,2,2,2,Low value / lost,Churned
C09237,Karnataka,South,5,10941.25,3127.67,2024-11-03,2025-04-13,262,2.8,1,6,2,3,2,At risk,Churned
C11887,Rajasthan,North,1,10946.88,2870.8,2025-07-15,2025-07-15,169,4.0,1,1,2,1,2,Low value / lost,Churned
C03305,Kerala,South,2,10949.15,3661.88,2024-11-15,2025-11-22,39,1.5,0,2,4,2,2,New / promising,Active
C10270,Delhi,North,3,10953.79,-1409.25,2024-08-25,2024-12-20,376,2.0,0,4,1,2,2,Low value / lost,Churned
C10673,Rajasthan,North,2,10976.05,3335.16,2025-08-11,2025-10-11,81,4.7,2,3,3,2,2,Low value / lost,Active
C08190,Karnataka,South,2,10980.2,3509.92,2025-10-02,2025-10-15,77,3.2,0,5,3,2,2,Low value / lost,Active
C05930,Uttar Pradesh,North,5,10987.46,2889.35,2025-05-06,2025-12-13,18,3.7,1,6,4,3,2,Loyal,Active
C07790,Assam,Northeast,1,11000.57,-582.66,2025-09-25,2025-09-25,97,7.0,0,2,3,1,2,Low value / lost,Churned
C01938,Odisha,East,6,11020.86,3049.86,2024-03-08,2025-06-20,194,6.7,1,9,2,3,2,At risk,Churned
C08507,Maharashtra,West,2,11025.34,3012.14,2025-05-19,2025-06-25,189,4.0,1,4,2,2,2,Low value / lost,Churned
C11861,Madhya Pradesh,Central,2,11045.43,4776.0,2024-08-01,2024-10-08,449,3.6,3,5,1,2,2,Low value / lost,Churned
C05122,West Bengal,East,3,11045.54,5179.54,2025-08-02,2025-12-20,11,5.3,1,3,5,2,2,New / promising,Active
C07155,Maharashtra,West,4,11049.21,-1763.78,2024-10-04,2025-07-17,167,2.6,0,5,2,3,2,At risk,Churned
C03045,Tamil Nadu,South,3,11055.09,-570.47,2024-08-25,2025-01-05,360,2.3,0,3,1,2,2,Low value / lost,Churned
C11319,Assam,Northeast,3,11075.84,3493.46,2024-06-06,2024-06-27,552,6.8,1,5,1,2,2,Low value / lost,Churned
C02727,Maharashtra,West,3,11080.99,4782.25,2025-04-23,2025-12-31,0,2.8,0,4,5,2,2,New / promising,Active
C04481,Odisha,East,4,11099.49,4149.04,2025-08-05,2025-12-14,17,6.0,1,6,5,3,2,Loyal,Active
C06778,West Bengal,East,2,11109.36,227.59,2024-11-28,2025-05-26,219,4.5,0,2,2,2,2,Low value / lost,Churned
C04635,Bihar,East,3,11124.78,1970.77,2024-05-19,2025-01-18,347,5.8,0,5,1,2,2,Low value / lost,Churned
C02120,Delhi,North,1,11131.38,2724.34,2024-07-16,2024-07-16,533,1.0,0,2,1,1,2,Low value / lost,Churned
C08842,Maharashtra,West,2,11151.89,3864.17,2024-06-03,2024-08-23,495,3.5,0,2,1,2,2,Low value / lost,Churned
C06424,Rajasthan,North,3,11162.33,1512.31,2024-10-11,2025-12-05,26,4.0,0,3,4,2,2,New / promising,Active
C11635,Maharashtra,West,1,11185.27,-2092.99,2025-11-29,2025-11-29,32,2.0,0,2,4,1,2,New / promising,Active
C05187,Maharashtra,West,1,11195.51,3931.61,2025-06-29,2025-06-29,185,2.0,1,2,2,1,2,Low value / lost,Churned
C00024,Maharashtra,West,1,11205.92,3201.09,2025-08-11,2025-08-11,142,4.0,0,1,2,1,2,Low value / lost,Churned
C02582,Tamil Nadu,South,2,11207.37,2760.52,2025-02-03,2025-10-22,70,1.7,0,3,3,2,2,Low value / lost,Active
C06843,Odisha,East,1,11212.55,113.54,2024-03-03,2024-03-03,668,5.0,0,1,1,1,2,Low value / lost,Churned
C02486,Uttar Pradesh,North,1,11214.85,-205.18,2025-01-01,2025-01-01,364,6.0,1,3,1,1,2,Low value / lost,Churned
C09890,Telangana,South,5,11224.78,258.12,2025-03-08,2025-12-13,18,3.0,0,5,4,3,2,Loyal,Active
C01020,Bihar,East,3,11261.17,3317.99,2025-02-19,2025-10-23,69,5.7,0,3,3,2,2,Low value / lost,Active
C00532,Maharashtra,West,3,11288.07,250.39,2024-03-11,2025-03-21,285,2.6,1,5,1,2,2,Low value / lost,Churned
C08720,Tamil Nadu,South,6,11292.79,3117.59,2025-08-16,2025-12-24,7,3.6,1,10,5,3,2,Loyal,Active
C10205,Rajasthan,North,7,11298.09,3261.58,2024-03-15,2025-12-16,15,2.8,2,9,5,4,2,Champions,Active
C10973,Tamil Nadu,South,2,11314.48,2242.46,2024-06-15,2025-05-15,230,3.5,1,2,2,2,2,Low value / lost,Churned
C11739,Rajasthan,North,4,11317.55,4695.88,2025-02-23,2025-12-19,12,3.6,0,5,5,3,2,Loyal,Active
C08029,Telangana,South,3,11328.18,-1983.85,2025-07-14,2025-10-26,66,1.8,0,4,3,2,2,Low value / lost,Active
C02051,Rajasthan,North,5,11332.67,2375.75,2024-04-04,2025-09-30,92,4.4,0,5,3,3,2,Loyal,Churned
C11558,Maharashtra,West,2,11333.77,3914.35,2024-10-09,2025-05-21,224,4.0,0,3,2,2,2,Low value / lost,Churned
C11241,Telangana,South,4,11339.58,2759.86,2024-12-22,2025-12-26,5,3.0,1,7,5,3,2,Loyal,Active
C05391,Rajasthan,North,7,11341.13,3105.88,2025-07-04,2025-12-29,2,4.4,0,9,5,4,2,Champions,Active
C11271,Delhi,North,2,11342.29,5037.79,2024-09-28,2024-12-01,395,1.0,0,3,1,2,2,Low value / lost,Churned
C04584,Tamil Nadu,South,5,11347.82,3985.53,2025-05-01,2025-08-01,152,2.5,1,6,2,3,2,At risk,Churned
C11602,Karnataka,South,3,11359.15,4410.24,2024-09-07,2025-09-11,111,1.7,0,3,2,2,2,Low value / lost,Churned
C04883,Tamil Nadu,South,1,11388.85,956.67,2025-04-19,2025-04-19,256,4.0,0,2,2,1,2,Low value / lost,Churned
C00253,Telangana,South,3,11392.06,-2122.35,2024-08-23,2024-10-20,437,2.3,0,3,1,2,2,Low value / lost,Churned
C03497,Uttar Pradesh,North,1,11422.84,1146.62,2025-10-13,2025-10-13,79,5.0,0,3,3,1,2,Low value / lost,Active
C07775,West Bengal,East,3,11437.93,4325.34,2024-02-21,2024-12-06,390,5.8,0,5,1,2,2,Low value / lost,Churned
C11187,Maharashtra,West,6,11458.82,2863.52,2024-08-14,2025-06-13,201,2.6,0,9,2,3,2,At risk,Churned
C05436,Rajasthan,North,5,11465.41,3593.3,2024-01-24,2025-03-12,294,3.8,0,5,1,3,2,At risk,Churned
C04193,Telangana,South,6,11469.62,3694.22,2024-05-27,2025-11-03,58,2.1,0,8,3,3,2,Loyal,Active
C06526,Karnataka,South,6,11475.94,3331.7,2025-04-26,2025-11-05,56,2.5,1,8,3,3,2,Loyal,Active
C10234,Kerala,South,4,11487.81,2275.34,2024-01-13,2024-05-25,585,3.3,1,4,1,3,2,At risk,Churned
C07051,Karnataka,South,3,11491.88,4278.9,2024-10-20,2024-12-28,368,2.4,1,5,1,2,2,Low value / lost,Churned
C08631,Gujarat,West,3,11494.42,4106.33,2025-05-22,2025-11-13,48,3.7,1,6,3,2,2,Low value / lost,Active
C04568,Uttar Pradesh,North,4,11522.81,4333.59,2024-09-10,2025-10-13,79,3.8,1,6,3,3,2,Loyal,Active
C06428,Rajasthan,North,6,11524.83,1733.01,2025-03-06,2025-11-18,43,4.0,3,7,4,3,2,Loyal,Active
C02396,Uttar Pradesh,North,1,11525.03,151.61,2025-08-26,2025-08-26,127,1.0,1,3,2,1,2,Low value / lost,Churned
C07727,Uttar Pradesh,North,1,11526.11,-2185.55,2025-11-14,2025-11-14,47,2.0,0,2,3,1,2,Low value / lost,Active
C11146,Odisha,East,3,11532.81,1578.18,2024-10-15,2024-11-29,397,6.3,0,3,1,2,2,Low value / lost,Churned
C08217,Tamil Nadu,South,1,11534.0,3020.79,2024-11-06,2024-11-06,420,2.0,2,3,1,1,2,Low value / lost,Churned
C05903,Uttar Pradesh,North,6,11560.5,3517.73,2025-07-10,2025-12-13,18,4.5,2,6,4,3,2,Loyal,Active
C06938,Delhi,North,1,11562.39,4534.56,2025-05-07,2025-05-07,238,3.0,1,1,2,1,2,Low value / lost,Churned
C02464,Rajasthan,North,3,11568.72,-273.58,2025-06-07,2025-12-30,1,4.0,0,3,5,2,2,New / promising,Active
C07235,Rajasthan,North,2,11572.59,-4125.58,2025-02-22,2025-09-15,107,2.0,0,3,3,2,2,Low value / lost,Churned
C02112,Kerala,South,2,11592.17,1582.53,2024-12-19,2024-12-19,377,3.3,0,3,1,2,2,Low value / lost,Churned
C07670,West Bengal,East,6,11615.1,2437.01,2024-09-20,2025-12-31,0,5.3,1,7,5,3,2,Loyal,Active
C06669,Maharashtra,West,1,11616.22,1543.67,2025-08-28,2025-08-28,125,4.0,0,2,2,1,2,Low value / lost,Churned
C06999,Delhi,North,1,11620.49,743.36,2024-08-08,2024-08-08,510,2.0,0,2,1,1,2,Low value / lost,Churned
C03295,Bihar,East,3,11623.87,-3576.74,2025-05-03,2025-12-28,3,6.0,0,5,5,2,2,New / promising,Active
C07888,Uttar Pradesh,North,4,11627.51,-1055.68,2024-07-11,2025-11-21,40,2.2,0,6,4,3,2,Loyal,Active
C00622,Maharashtra,West,3,11641.6,4587.29,2024-04-26,2025-09-23,99,2.0,0,4,3,2,2,Low value / lost,Churned
C00189,Karnataka,South,2,11651.67,4957.79,2024-05-18,2025-03-24,282,2.7,2,3,1,2,2,Low value / lost,Churned
C09174,Maharashtra,West,4,11652.59,2968.76,2024-10-19,2024-12-15,381,1.8,3,5,1,3,2,At risk,Churned
C00394,Karnataka,South,4,11660.34,3937.14,2024-03-30,2025-09-25,97,4.7,1,6,3,3,2,Loyal,Churned
C00483,Tamil Nadu,South,6,11684.12,3471.27,2025-05-30,2025-11-09,52,2.6,0,7,3,3,2,Loyal,Active
C01471,Delhi,North,1,11689.06,-4532.21,2025-05-28,2025-05-28,217,2.0,0,1,2,1,2,Low value / lost,Churned
C10053,Delhi,North,1,11696.71,4452.53,2025-04-12,2025-04-12,263,1.0,1,3,2,1,2,Low value / lost,Churned
C09780,Maharashtra,West,5,11702.71,4076.45,2025-06-21,2025-12-23,8,1.7,1,7,5,3,2,Loyal,Active
C03992,Uttar Pradesh,North,4,11710.23,2581.65,2024-07-21,2025-01-20,345,4.3,0,4,1,3,2,At risk,Churned
C10503,Gujarat,West,5,11720.56,4063.07,2024-10-25,2025-12-21,10,2.7,3,7,5,3,2,Loyal,Active
C07183,Telangana,South,3,11726.45,487.64,2025-03-14,2025-11-14,47,1.3,1,3,3,2,2,Low value / lost,Active
C00771,Telangana,South,1,11728.25,-2146.73,2024-06-26,2024-06-26,553,4.0,0,1,1,1,2,Low value / lost,Churned
C09693,Kerala,South,2,11736.59,4747.75,2024-04-14,2024-11-16,410,3.0,0,2,1,2,2,Low value / lost,Churned
C11776,West Bengal,East,3,11748.73,3982.31,2024-12-18,2025-04-16,259,4.7,0,3,2,2,2,Low value / lost,Churned
C08692,Rajasthan,North,4,11750.21,3362.29,2025-03-09,2025-12-28,3,4.2,2,6,5,3,2,Loyal,Active
C01457,Odisha,East,3,11763.99,-7028.08,2025-01-19,2025-12-15,16,5.5,0,4,5,2,2,New / promising,Active
C07690,Uttar Pradesh,North,2,11767.72,-4438.44,2024-07-01,2025-06-12,202,5.0,0,3,2,2,2,Low value / lost,Churned
C06516,Maharashtra,West,4,11782.84,-1910.72,2024-11-18,2025-06-19,195,2.4,1,5,2,3,2,At risk,Churned
C04791,Maharashtra,West,3,11797.2,1869.3,2025-04-13,2025-12-19,12,3.3,3,4,5,2,2,New / promising,Active
C06496,Madhya Pradesh,Central,1,11798.7,564.75,2025-12-17,2025-12-17,14,5.0,0,2,5,1,2,New / promising,Active
C07389,Maharashtra,West,5,11801.52,-837.48,2025-05-26,2025-11-14,47,2.4,1,8,3,3,2,Loyal,Active
C01336,Kerala,South,2,11811.55,-3545.47,2024-08-14,2024-08-29,489,3.0,0,3,1,2,2,Low value / lost,Churned
C05934,West Bengal,East,4,11820.3,4232.11,2024-03-04,2024-07-22,527,5.4,0,5,1,3,2,At risk,Churned
C09311,Karnataka,South,6,11820.63,2372.23,2024-07-02,2024-12-08,388,2.4,0,10,1,3,2,At risk,Churned
C07080,West Bengal,East,2,11821.2,4856.82,2024-05-15,2025-05-24,221,5.0,1,2,2,2,2,Low value / lost,Churned
C01432,West Bengal,East,2,11827.14,-103.81,2024-05-02,2024-05-29,581,4.8,0,4,1,2,2,Low value / lost,Churned
C07483,Rajasthan,North,1,11847.14,406.41,2024-09-28,2024-09-28,459,3.0,0,2,1,1,2,Low value / lost,Churned
C04519,Maharashtra,West,6,11849.5,3293.0,2025-02-03,2025-12-26,5,2.9,1,7,5,3,2,Loyal,Active
C00103,Maharashtra,West,2,11849.53,999.9,2025-10-18,2025-12-06,25,5.0,1,3,4,2,2,New / promising,Active
C05639,Kerala,South,1,11865.1,3897.77,2025-01-04,2025-01-04,361,3.0,0,1,1,1,2,Low value / lost,Churned
C00573,Karnataka,South,7,11869.52,1265.29,2024-06-16,2025-10-11,81,2.4,1,9,3,4,2,Loyal,Active
C10042,Maharashtra,West,1,11872.11,794.55,2024-08-05,2024-08-05,513,3.0,0,1,1,1,2,Low value / lost,Churned
C05451,Maharashtra,West,3,11872.6,4372.06,2025-06-18,2025-08-22,131,2.0,0,3,2,2,2,Low value / lost,Churned
C02072,Maharashtra,West,4,11872.6,3805.39,2025-07-14,2025-12-17,14,3.3,3,7,5,3,2,Loyal,Active
C02042,Maharashtra,West,4,11874.85,4018.43,2025-04-05,2025-10-02,90,2.5,1,6,3,3,2,Loyal,Active
C03705,Uttar Pradesh,North,3,11885.92,3491.33,2025-11-25,2025-12-22,9,4.0,0,6,5,2,2,New / promising,Active
C01281,Madhya Pradesh,Central,1,11891.3,4335.33,2025-04-04,2025-04-04,271,3.0,0,3,2,1,2,Low value / lost,Churned
C00179,Tamil Nadu,South,2,11906.44,-2864.94,2024-07-05,2024-09-19,468,2.0,1,2,1,2,2,Low value / lost,Churned
C09922,Gujarat,West,6,11921.97,-912.66,2025-08-17,2025-12-11,20,2.9,0,8,4,3,2,Loyal,Active
C07557,Rajasthan,North,7,11924.91,3656.87,2024-12-18,2025-11-15,46,5.1,1,8,4,4,2,Champions,Active
C11479,Maharashtra,West,3,11930.73,3495.85,2025-07-25,2025-11-21,40,2.3,2,3,4,2,2,New / promising,Active
C06681,Maharashtra,West,1,11933.18,3149.44,2025-11-13,2025-11-13,48,3.0,0,1,3,1,2,Low value / lost,Active
C00798,Telangana,South,1,11939.57,-4204.08,2025-04-03,2025-04-03,272,3.0,0,2,2,1,2,Low value / lost,Churned
C05548,Kerala,South,1,11939.67,-922.78,2025-08-05,2025-08-05,148,3.0,0,1,2,1,2,Low value / lost,Churned
C08837,Gujarat,West,2,11963.74,1810.31,2024-03-06,2025-11-07,54,3.0,1,2,3,2,2,Low value / lost,Active
C11416,Kerala,South,2,11988.34,-3370.79,2024-11-11,2024-11-14,412,3.5,0,2,1,2,2,Low value / lost,Churned
C10655,Odisha,East,2,11991.52,2513.27,2025-08-15,2025-10-21,71,4.3,0,3,3,2,2,Low value / lost,Active
C01912,Assam,Northeast,1,11996.81,-1058.55,2025-03-13,2025-03-13,293,6.0,0,2,1,1,2,Low value / lost,Churned
C02533,Assam,Northeast,2,11997.96,4472.3,2025-07-23,2025-08-12,141,8.0,1,3,2,2,2,Low value / lost,Churned
C03750,Gujarat,West,4,12002.17,3291.11,2024-12-29,2025-09-26,96,3.6,2,5,3,3,2,Loyal,Churned
C06722,Kerala,South,3,12003.3,4162.19,2024-12-01,2025-12-13,18,3.7,0,7,4,2,2,New / promising,Active
C04073,Karnataka,South,12,12011.47,2382.37,2024-02-16,2025-11-28,33,2.3,1,12,4,4,2,Champions,Active
C07104,Gujarat,West,2,12014.18,-2161.6,2024-11-24,2024-12-17,379,3.0,0,2,1,2,2,Low value / lost,Churned
C04728,Maharashtra,West,1,12021.62,-2247.14,2024-12-31,2024-12-31,365,2.0,0,1,1,1,2,Low value / lost,Churned
C02789,Uttar Pradesh,North,1,12021.62,-2283.42,2025-01-01,2025-01-01,364,6.0,1,1,1,1,2,Low value / lost,Churned
C02974,Delhi,North,2,12033.93,-3180.86,2025-04-09,2025-07-04,180,2.0,2,2,2,2,2,Low value / lost,Churned
C10544,Uttar Pradesh,North,3,12041.44,4094.53,2024-04-07,2024-10-11,446,3.0,1,6,1,2,2,Low value / lost,Churned
C08562,Bihar,East,2,12059.37,1679.99,2024-01-23,2024-03-28,643,6.0,1,2,1,2,2,Low value / lost,Churned
C06651,Karnataka,South,1,12062.15,-54.1,2025-10-15,2025-10-15,77,3.0,0,1,3,1,2,Low value / lost,Active
C10753,Telangana,South,2,12084.97,2648.14,2024-11-17,2024-12-23,373,3.0,1,3,1,2,2,Low value / lost,Churned
C02177,Gujarat,West,4,12093.62,2721.28,2024-12-30,2025-12-13,18,2.6,0,7,4,3,2,Loyal,Active
C08122,Kerala,South,5,12110.47,3983.09,2024-12-31,2025-10-02,90,3.4,1,5,3,3,2,Loyal,Active
C08726,Tamil Nadu,South,7,12120.96,1449.41,2024-04-06,2025-02-08,326,3.6,1,7,1,4,2,At risk,Churned
C04812,Gujarat,West,4,12126.86,3702.5,2024-09-16,2024-12-04,392,3.5,1,4,1,3,2,At risk,Churned
C03383,Maharashtra,West,2,12126.89,4243.65,2025-04-06,2025-07-15,169,2.3,0,3,2,2,2,Low value / lost,Churned
C05828,Delhi,North,4,12133.86,5051.69,2025-07-04,2025-12-17,14,2.2,0,5,5,3,2,Loyal,Active
C00433,Karnataka,South,4,12154.99,627.91,2025-07-02,2025-12-18,13,2.2,0,5,5,3,2,Loyal,Active
C02604,Kerala,South,2,12166.24,3377.99,2025-11-23,2025-11-27,34,3.0,1,2,4,2,2,New / promising,Active
C02860,Telangana,South,6,12172.55,4880.65,2024-11-12,2025-11-17,44,1.9,0,7,4,3,2,Loyal,Active
C00175,Kerala,South,3,12178.17,-555.58,2025-06-13,2025-09-03,119,4.0,0,3,2,2,2,Low value / lost,Churned
C08127,Tamil Nadu,South,3,12186.98,-385.88,2024-11-28,2025-12-15,16,4.7,0,3,5,2,2,New / promising,Active
C09598,Gujarat,West,1,12197.28,2445.48,2025-02-04,2025-02-04,330,3.0,0,1,1,1,2,Low value / lost,Churned
C05927,West Bengal,East,5,12214.93,3680.75,2024-12-26,2025-09-07,115,5.0,2,6,2,3,2,At risk,Churned
C04829,Karnataka,South,2,12239.36,-2759.4,2025-04-03,2025-08-02,151,1.5,1,4,2,2,2,Low value / lost,Churned
C00956,Delhi,North,2,12244.55,707.24,2025-06-27,2025-11-05,56,3.5,0,2,3,2,2,Low value / lost,Active
C09392,Delhi,North,9,12247.74,3752.2,2024-12-07,2025-12-28,3,1.8,1,13,5,4,2,Champions,Active
C00279,Karnataka,South,3,12258.51,2804.45,2024-06-30,2024-08-31,487,4.2,2,5,1,2,2,Low value / lost,Churned
C10660,West Bengal,East,4,12259.53,1473.67,2024-07-31,2024-10-29,428,4.5,0,4,1,3,2,At risk,Churned
C02157,Tamil Nadu,South,2,12264.23,-3335.11,2024-06-25,2024-08-04,514,3.5,0,2,1,2,2,Low value / lost,Churned
C10236,Tamil Nadu,South,6,12271.57,1541.24,2024-05-25,2025-07-26,158,4.2,1,10,2,3,2,At risk,Churned
C02929,West Bengal,East,4,12279.18,-59.89,2024-05-22,2025-12-16,15,6.0,0,4,5,3,2,Loyal,Active
C08561,Assam,Northeast,3,12280.76,-642.24,2024-12-20,2025-09-12,110,7.7,1,3,2,2,2,Low value / lost,Churned
C01510,Kerala,South,2,12287.27,1283.46,2025-01-04,2025-01-04,361,2.5,1,2,1,2,2,Low value / lost,Churned
C06645,Kerala,South,1,12291.07,-2357.54,2025-05-24,2025-05-24,221,4.0,0,2,2,1,2,Low value / lost,Churned
C08683,Rajasthan,North,5,12298.65,3245.59,2024-09-02,2025-09-25,97,3.3,0,6,3,3,2,Loyal,Churned
C10490,Delhi,North,2,12300.11,-2174.38,2025-08-02,2025-09-16,106,1.3,0,3,3,2,2,Low value / lost,Churned
C02673,Karnataka,South,3,12310.18,4639.26,2025-03-15,2025-11-07,54,2.8,0,6,3,2,2,Low value / lost,Active
C02591,Telangana,South,1,12310.67,4801.89,2025-11-30,2025-11-30,31,2.0,0,2,4,1,2,New / promising,Active
C05859,Gujarat,West,4,12312.55,1948.15,2024-02-25,2024-05-04,606,4.0,2,5,1,3,2,At risk,Churned
C04707,Uttar Pradesh,North,2,12315.29,805.85,2025-07-13,2025-10-01,91,3.3,0,4,3,2,2,Low value / lost,Churned
C11559,Telangana,South,6,12346.42,2173.23,2024-08-20,2025-11-09,52,2.5,2,8,3,3,2,Loyal,Active
C10257,Telangana,South,2,12347.82,3854.45,2024-06-25,2025-10-13,79,2.5,2,2,3,2,2,Low value / lost,Active
C09987,Uttar Pradesh,North,2,12359.66,-1507.54,2024-06-20,2025-11-26,35,4.5,0,4,4,2,2,New / promising,Active
C10683,Karnataka,South,8,12374.66,3334.92,2025-06-10,2025-12-16,15,2.9,1,11,5,4,2,Champions,Active
C11167,Telangana,South,2,12389.89,5059.11,2025-03-04,2025-11-19,42,1.8,0,4,4,2,2,New / promising,Active
C04509,Karnataka,South,1,12395.85,1602.95,2025-05-04,2025-05-04,241,2.0,0,1,2,1,2,Low value / lost,Churned
C03066,West Bengal,East,5,12430.72,-587.13,2024-09-17,2025-10-12,80,5.2,0,5,3,3,2,Loyal,Active
C03090,Uttar Pradesh,North,2,12452.8,-4998.2,2024-09-27,2025-09-24,98,5.0,0,2,3,2,2,Low value / lost,Churned
C07919,Karnataka,South,5,12464.57,3885.19,2024-08-01,2024-11-09,417,2.9,0,7,1,3,2,At risk,Churned
C00867,Maharashtra,West,5,12467.15,4234.45,2025-06-24,2025-12-03,28,2.8,1,5,4,3,2,Loyal,Active
C03771,West Bengal,East,3,12482.75,3966.23,2025-06-17,2025-12-22,9,5.0,0,4,5,2,2,New / promising,Active
C11519,Maharashtra,West,1,12483.65,4998.47,2025-12-08,2025-12-08,23,1.0,0,1,4,1,2,New / promising,Active
C07079,Rajasthan,North,1,12503.87,-599.25,2025-03-26,2025-03-26,280,4.0,0,3,1,1,2,Low value / lost,Churned
C01742,Gujarat,West,4,12505.65,2265.51,2025-01-12,2025-12-06,25,3.2,0,5,4,3,2,Loyal,Active
C05699,Madhya Pradesh,Central,3,12528.73,3507.05,2024-11-06,2025-12-21,10,4.5,0,4,5,2,2,New / promising,Active
C02825,Telangana,South,1,12531.67,1451.13,2024-05-07,2024-05-07,603,3.0,0,1,1,1,2,Low value / lost,Churned
C10539,Delhi,North,5,12542.5,4933.93,2024-04-06,2024-07-21,528,2.6,0,5,1,3,2,At risk,Churned
C07294,Odisha,East,3,12572.92,4865.12,2025-05-16,2025-12-05,26,5.3,1,3,4,2,2,New / promising,Active
C01706,Telangana,South,4,12573.49,3528.87,2024-01-14,2025-10-12,80,2.2,0,6,3,3,2,Loyal,Active
C11732,Tamil Nadu,South,4,12577.5,3921.04,2024-10-12,2025-12-18,13,3.3,2,7,5,3,2,Loyal,Active
C05802,Gujarat,West,3,12591.96,4491.38,2025-09-09,2025-12-02,29,2.0,1,8,4,2,2,New / promising,Active
C07752,Gujarat,West,2,12595.22,1588.03,2024-11-07,2025-07-13,171,3.0,0,3,2,2,2,Low value / lost,Churned
C10307,Madhya Pradesh,Central,3,12600.01,1638.6,2024-07-31,2025-11-06,55,4.0,2,4,3,2,2,Low value / lost,Active
C11774,Rajasthan,North,1,12607.88,3550.7,2025-07-02,2025-07-02,182,5.0,0,2,2,1,2,Low value / lost,Churned
C08374,Karnataka,South,3,12618.23,-72.97,2025-05-12,2025-08-08,145,1.8,3,4,2,2,2,Low value / lost,Churned
C08433,Tamil Nadu,South,2,12632.58,-3187.85,2025-07-03,2025-10-17,75,2.5,0,2,3,2,2,Low value / lost,Active
C00693,Tamil Nadu,South,2,12639.94,-946.62,2025-10-23,2025-11-16,45,2.7,1,3,4,2,2,New / promising,Active
C04163,Tamil Nadu,South,5,12643.59,4588.44,2025-01-14,2025-11-08,53,2.8,2,8,3,3,2,Loyal,Active
C01082,Maharashtra,West,2,12646.83,-2488.34,2025-07-17,2025-10-13,79,2.3,1,3,3,2,2,Low value / lost,Active
C11599,Karnataka,South,4,12655.62,3236.11,2025-06-21,2025-11-21,40,2.0,3,7,4,3,2,Loyal,Active
C09796,Gujarat,West,3,12661.34,3717.58,2025-07-06,2025-11-10,51,2.3,1,3,3,2,2,Low value / lost,Active
C10131,Maharashtra,West,5,12666.48,3837.96,2024-07-22,2025-10-28,64,2.7,1,6,3,3,2,Loyal,Active
C09019,Delhi,North,3,12671.48,4944.72,2024-12-03,2025-12-21,10,2.0,1,3,5,2,2,New / promising,Active
C01948,Kerala,South,5,12677.62,2662.58,2024-04-25,2025-12-19,12,2.9,2,7,5,3,2,Loyal,Active
C01663,Tamil Nadu,South,3,12693.68,966.68,2024-10-31,2025-01-28,337,2.0,1,4,1,2,2,Low value / lost,Churned
C10628,Maharashtra,West,6,12700.9,3181.73,2025-03-16,2025-11-22,39,2.6,0,7,4,3,2,Loyal,Active
C11529,Rajasthan,North,5,12713.72,4190.51,2025-06-06,2025-12-23,8,3.8,1,6,5,3,2,Loyal,Active
C07675,Maharashtra,West,4,12726.82,4770.79,2025-05-26,2025-12-07,24,2.7,3,7,4,3,2,Loyal,Active
C01096,Rajasthan,North,5,12728.17,2521.97,2024-10-02,2025-12-15,16,4.0,1,6,5,3,2,Loyal,Active
C09999,Madhya Pradesh,Central,2,12735.39,3797.23,2025-11-19,2025-11-22,39,3.8,0,4,4,2,2,New / promising,Active
C03628,Maharashtra,West,1,12743.54,-2155.86,2024-04-20,2024-04-20,620,4.0,0,2,1,1,2,Low value / lost,Churned
C08142,Madhya Pradesh,Central,8,12750.84,2894.53,2024-12-17,2025-12-01,30,4.1,0,9,4,4,2,Champions,Active
C11704,Uttar Pradesh,North,8,12754.03,2976.88,2025-06-10,2025-12-30,1,3.6,0,11,5,4,2,Champions,Active
C11390,Maharashtra,West,2,12758.61,-3383.12,2025-03-12,2025-05-29,216,1.5,0,2,2,2,2,Low value / lost,Churned
C00362,Tamil Nadu,South,5,12760.82,5405.48,2024-12-31,2025-11-25,36,3.6,2,7,4,3,2,Loyal,Active
C05800,Maharashtra,West,1,12771.69,683.26,2025-10-30,2025-10-30,62,1.0,0,1,3,1,2,Low value / lost,Active
C01066,Odisha,East,6,12776.66,3141.17,2024-12-25,2025-08-13,140,6.3,0,7,2,3,2,At risk,Churned
C05278,Karnataka,South,5,12778.05,4933.4,2025-03-23,2025-12-15,16,1.8,0,8,5,3,2,Loyal,Active
C00545,Maharashtra,West,1,12778.42,4786.26,2025-11-17,2025-11-17,44,3.0,0,3,4,1,2,New / promising,Active
C11009,Karnataka,South,5,12784.42,4323.72,2024-06-16,2025-03-21,285,1.1,0,7,1,3,2,At risk,Churned
C01675,Maharashtra,West,2,12798.32,-427.85,2025-02-03,2025-09-23,99,1.7,1,3,3,2,2,Low value / lost,Churned
C11277,Delhi,North,7,12809.73,2759.78,2025-05-13,2025-12-24,7,2.0,1,9,5,4,2,Champions,Active
C09017,Gujarat,West,2,12809.97,-4686.92,2025-05-30,2025-09-11,111,4.8,1,4,2,2,2,Low value / lost,Churned
C07039,Gujarat,West,5,12817.27,3246.39,2024-10-24,2025-09-19,103,3.7,2,9,3,3,2,Loyal,Churned
C03881,Rajasthan,North,1,12828.95,1008.72,2025-04-14,2025-04-14,261,3.0,1,2,2,1,2,Low value / lost,Churned
C00129,Uttar Pradesh,North,5,12829.6,3979.52,2024-03-26,2025-06-13,201,3.1,2,7,2,3,2,At risk,Churned
C04825,Telangana,South,5,12838.5,-1357.57,2024-02-18,2025-11-02,59,2.1,0,7,3,3,2,Loyal,Active
C10510,Karnataka,South,8,12846.25,1803.91,2024-11-23,2025-09-05,117,3.0,0,9,2,4,2,At risk,Churned
C00593,Delhi,North,1,12854.19,2864.53,2025-09-29,2025-09-29,93,2.0,0,1,3,1,2,Low value / lost,Churned
C03417,Madhya Pradesh,Central,1,12863.29,1857.86,2025-11-06,2025-11-06,55,3.0,0,1,3,1,2,Low value / lost,Active
C11365,Karnataka,South,1,12863.29,1872.38,2025-09-14,2025-09-14,108,2.0,0,1,3,1,2,Low value / lost,Churned
C07625,Maharashtra,West,1,12863.29,1844.2,2024-10-07,2024-10-07,450,4.0,0,1,1,1,2,Low value / lost,Churned
C07580,Assam,Northeast,7,12865.92,1978.02,2024-03-07,2025-10-29,63,7.6,1,11,3,4,2,Loyal,Active
C10261,Gujarat,West,1,12870.51,-1792.11,2025-03-04,2025-03-04,302,3.0,0,1,1,1,2,Low value / lost,Churned
C04071,Karnataka,South,5,12871.62,3312.55,2025-01-05,2025-12-16,15,2.6,0,5,5,3,2,Loyal,Active
C11771,Madhya Pradesh,Central,1,12872.0,1958.69,2025-08-12,2025-08-12,141,3.0,0,2,2,1,2,Low value / lost,Churned
C11408,Karnataka,South,5,12876.18,4085.77,2025-02-26,2025-10-23,69,2.6,1,8,3,3,2,Loyal,Active
C01783,Kerala,South,3,12883.45,3845.34,2025-06-09,2025-12-06,25,3.8,0,5,4,2,2,New / promising,Active
C03444,Telangana,South,2,12894.23,-2513.02,2025-12-03,2025-12-17,14,1.5,0,2,5,2,2,New / promising,Active
C00317,Rajasthan,North,4,12896.02,5479.94,2024-05-22,2025-08-18,135,4.8,1,4,2,3,2,At risk,Churned
C02036,Uttar Pradesh,North,4,12925.72,3392.48,2024-02-26,2025-11-03,58,4.3,0,4,3,3,2,Loyal,Active
C03400,Uttar Pradesh,North,3,12937.26,1328.84,2025-09-03,2025-12-30,1,3.0,0,3,5,2,2,New / promising,Active
C05706,Kerala,South,3,12938.36,-7765.19,2025-07-09,2025-12-19,12,2.8,2,4,5,2,2,New / promising,Active
C01636,Karnataka,South,2,12944.96,2498.21,2025-08-31,2025-10-27,65,2.0,1,2,3,2,2,Low value / lost,Active
C01032,Uttar Pradesh,North,3,12956.91,-3514.87,2024-01-04,2025-01-16,349,4.5,1,4,1,2,2,Low value / lost,Churned
C00547,Maharashtra,West,3,12977.13,1908.95,2025-10-06,2025-12-12,19,3.0,0,3,4,2,2,New / promising,Active
C00554,Tamil Nadu,South,2,12983.47,-798.24,2024-04-09,2024-09-21,466,3.5,0,2,1,2,2,Low value / lost,Churned
C09090,Karnataka,South,4,12985.89,2054.06,2025-03-28,2025-11-12,49,2.4,0,5,3,3,2,Loyal,Active
C06590,Maharashtra,West,4,12986.66,3742.5,2024-11-10,2025-12-07,24,1.9,2,7,4,3,2,Loyal,Active
C10344,Karnataka,South,7,13011.6,4444.93,2025-03-06,2025-12-27,4,3.2,0,9,5,4,2,Champions,Active
C01824,Rajasthan,North,2,13037.24,4620.91,2025-04-04,2025-08-13,140,4.3,0,4,2,2,2,Low value / lost,Churned
C03077,Telangana,South,3,13037.65,4494.05,2025-06-02,2025-12-07,24,3.0,2,4,4,2,2,New / promising,Active
C11818,Maharashtra,West,3,13045.77,1657.63,2024-11-22,2025-11-09,52,2.3,1,3,3,2,2,Low value / lost,Active
C09453,Maharashtra,West,1,13046.31,527.21,2025-11-16,2025-11-16,45,3.0,0,1,4,1,2,New / promising,Active
C05335,Uttar Pradesh,North,9,13050.69,3036.72,2025-07-21,2025-12-06,25,3.6,0,11,4,4,2,Champions,Active
C03922,Delhi,North,4,13054.32,3766.36,2025-08-12,2025-12-11,20,2.5,1,6,4,3,2,Loyal,Active
C04161,Tamil Nadu,South,10,13055.49,4316.57,2025-02-15,2025-12-26,5,3.0,1,11,5,4,2,Champions,Active
C08399,Delhi,North,2,13068.79,1792.45,2024-08-09,2025-07-18,166,2.5,0,2,2,2,2,Low value / lost,Churned
C05634,Assam,Northeast,1,13068.84,4244.46,2025-09-22,2025-09-22,100,6.0,1,3,3,1,2,Low value / lost,Churned
C06036,Maharashtra,West,7,13086.79,3943.11,2025-04-18,2025-12-19,12,3.0,1,9,5,4,2,Champions,Active
C10098,Gujarat,West,4,13089.57,3308.94,2025-07-07,2025-09-02,120,1.5,0,4,2,3,2,At risk,Churned
C05002,Gujarat,West,3,13098.92,4458.62,2024-10-21,2025-12-08,23,2.0,3,5,4,2,2,New / promising,Active
C08932,Karnataka,South,3,13105.76,5031.2,2024-12-02,2025-01-04,361,4.2,1,5,1,2,2,Low value / lost,Churned
C06791,Rajasthan,North,5,13114.03,2977.6,2024-11-02,2025-12-03,28,4.0,2,8,4,3,2,Loyal,Active
C11843,Telangana,South,1,13122.8,-3599.17,2024-12-20,2024-12-20,376,1.0,0,1,1,1,2,Low value / lost,Churned
C02797,Uttar Pradesh,North,1,13123.25,2885.12,2024-02-16,2024-02-16,684,3.0,0,3,1,1,2,Low value / lost,Churned
C06207,Uttar Pradesh,North,3,13135.16,4281.56,2024-11-06,2025-01-02,363,3.3,0,4,1,2,2,Low value / lost,Churned
C04691,Rajasthan,North,6,13164.28,1615.16,2024-07-26,2025-10-27,65,3.8,1,8,3,3,2,Loyal,Active
C00931,Delhi,North,7,13188.28,2574.33,2024-06-23,2025-12-28,3,2.0,1,10,5,4,2,Champions,Active
C08126,Gujarat,West,1,13191.23,2099.41,2024-11-30,2024-11-30,396,3.0,0,1,1,1,2,Low value / lost,Churned
C05146,Delhi,North,1,13191.23,2101.25,2025-10-01,2025-10-01,91,3.0,0,1,3,1,2,Low value / lost,Churned
C10785,Maharashtra,West,1,13204.22,49.92,2024-11-26,2024-11-26,400,3.0,0,1,1,1,2,Low value / lost,Churned
C05504,Uttar Pradesh,North,1,13204.28,2623.42,2025-02-20,2025-02-20,314,7.0,1,2,1,1,2,Low value / lost,Churned
C07643,Assam,Northeast,1,13208.95,4825.55,2024-07-06,2024-07-06,543,7.0,1,3,1,1,2,Low value / lost,Churned
C09651,Rajasthan,North,2,13236.92,5524.57,2025-06-19,2025-07-10,174,5.0,0,4,2,2,2,Low value / lost,Churned
C04822,West Bengal,East,2,13257.35,-2227.82,2025-03-25,2025-08-30,123,5.7,0,3,2,2,2,Low value / lost,Churned
C10900,Tamil Nadu,South,2,13283.29,5143.71,2025-01-28,2025-12-08,23,2.3,0,3,4,2,2,New / promising,Active
C03778,Karnataka,South,3,13308.53,-5149.25,2025-02-05,2025-12-13,18,2.5,0,4,4,2,2,New / promising,Active
C10687,Bihar,East,8,13308.9,3077.8,2025-06-03,2025-12-02,29,7.0,2,11,4,4,2,Champions,Active
C04918,Gujarat,West,4,13311.85,4031.59,2025-05-11,2025-11-16,45,4.2,0,6,4,3,2,Loyal,Active
C07362,Madhya Pradesh,Central,4,13314.0,1403.08,2025-04-19,2025-10-25,67,3.4,1,5,3,3,2,Loyal,Active
C00372,Karnataka,South,11,13319.62,2395.45,2025-04-26,2025-12-29,2,2.6,2,12,5,4,2,Champions,Active
C08301,Uttar Pradesh,North,1,13324.79,-1017.04,2025-03-21,2025-03-21,285,6.0,1,3,1,1,2,Low value / lost,Churned
C03615,Gujarat,West,2,13344.58,4854.19,2024-05-06,2024-09-19,468,2.5,1,4,1,2,2,Low value / lost,Churned
C01167,Assam,Northeast,2,13381.94,1987.53,2025-04-14,2025-10-27,65,7.0,1,2,3,2,2,Low value / lost,Active
C08333,Maharashtra,West,2,13390.23,590.32,2024-05-18,2025-11-21,40,2.7,1,3,4,2,2,New / promising,Active
C02806,Madhya Pradesh,Central,4,13390.78,4690.61,2025-07-15,2025-11-25,36,4.8,1,5,4,3,2,Loyal,Active
C05808,Telangana,South,4,13421.06,5626.88,2024-08-23,2024-10-19,438,2.2,1,6,1,3,2,At risk,Churned
C06287,West Bengal,East,3,13421.63,688.58,2025-05-13,2025-09-06,116,5.2,0,5,2,2,2,Low value / lost,Churned
C01087,Assam,Northeast,2,13456.4,-2246.57,2024-12-20,2025-08-20,133,8.8,3,4,2,2,2,Low value / lost,Churned
C00490,Rajasthan,North,1,13463.77,2543.39,2025-06-02,2025-06-02,212,4.0,0,3,2,1,2,Low value / lost,Churned
C05410,Maharashtra,West,3,13471.38,-1852.31,2024-06-20,2024-11-29,397,2.0,0,4,1,2,2,Low value / lost,Churned
C10036,West Bengal,East,1,13475.55,1029.67,2024-03-15,2024-03-15,656,6.0,0,1,1,1,2,Low value / lost,Churned
C05025,Rajasthan,North,1,13478.9,880.65,2025-11-25,2025-11-25,36,7.0,0,2,4,1,2,New / promising,Active
C02716,Tamil Nadu,South,4,13482.54,-4806.05,2024-10-17,2024-11-19,407,3.5,0,6,1,3,2,At risk,Churned
C10241,Tamil Nadu,South,4,13499.79,834.42,2024-08-27,2025-09-19,103,4.0,0,4,3,3,2,Loyal,Churned
C10963,Tamil Nadu,South,2,13500.75,2174.86,2025-01-12,2025-09-23,99,3.0,0,4,3,2,2,Low value / lost,Churned
C03120,Karnataka,South,7,13505.19,1616.73,2025-02-07,2025-12-07,24,2.9,0,7,4,4,2,Champions,Active
C10742,Gujarat,West,2,13512.41,2870.47,2025-12-02,2025-12-03,28,5.0,0,3,4,2,2,New / promising,Active
C10427,Uttar Pradesh,North,2,13532.57,3646.72,2025-10-01,2025-12-31,0,3.3,1,4,5,2,2,New / promising,Active
C01714,Delhi,North,4,13535.39,-415.61,2024-12-15,2025-08-29,124,3.1,0,7,2,3,2,At risk,Churned
C11545,Uttar Pradesh,North,5,13539.1,3271.0,2025-04-10,2025-11-10,51,3.2,0,5,3,3,2,Loyal,Active
C11197,Karnataka,South,4,13575.91,3311.13,2024-07-12,2025-08-22,131,3.0,0,5,2,3,2,At risk,Churned
C01236,Delhi,North,6,13578.54,4181.28,2024-07-10,2024-10-21,436,2.3,0,6,1,3,2,At risk,Churned
C07630,Maharashtra,West,1,13581.74,-1365.71,2025-04-11,2025-04-11,264,3.0,0,1,2,1,2,Low value / lost,Churned
C05191,Telangana,South,3,13583.16,2161.56,2024-11-29,2024-12-08,388,3.7,0,3,1,2,2,Low value / lost,Churned
C08877,West Bengal,East,4,13587.99,4720.86,2025-04-17,2025-11-30,31,4.3,1,6,4,3,2,Loyal,Active
C03793,Maharashtra,West,6,13627.31,4167.26,2024-03-29,2024-07-02,547,1.6,0,14,1,3,2,At risk,Churned
C03203,Telangana,South,1,13641.37,-1031.65,2025-06-02,2025-06-02,212,4.0,0,2,2,1,2,Low value / lost,Churned
C02700,Delhi,North,3,13653.74,-892.81,2025-05-13,2025-07-29,155,2.7,0,3,2,2,2,Low value / lost,Churned
C04628,Uttar Pradesh,North,2,13659.1,2996.91,2025-02-15,2025-12-03,28,3.0,2,3,4,2,2,New / promising,Active
C09609,Karnataka,South,4,13672.77,4766.44,2024-03-23,2025-07-04,180,2.2,2,5,2,3,2,At risk,Churned
C10718,Rajasthan,North,5,13680.0,4402.21,2025-04-20,2025-12-08,23,4.0,2,10,4,3,2,Loyal,Active
C09622,Odisha,East,3,13680.34,5116.83,2025-01-04,2025-12-19,12,6.4,1,5,5,2,2,New / promising,Active
C08318,Telangana,South,2,13683.92,2511.04,2024-07-23,2024-11-22,404,3.0,2,2,1,2,2,Low value / lost,Churned
C03216,Kerala,South,8,13685.04,2527.87,2024-02-15,2025-07-12,172,3.3,0,12,2,4,2,At risk,Churned
C09020,Delhi,North,7,13695.36,5078.06,2025-01-07,2025-12-20,11,2.4,1,11,5,4,2,Champions,Active
C05961,Delhi,North,2,13695.46,2028.77,2024-09-06,2024-10-10,447,1.0,0,3,1,2,2,Low value / lost,Churned
C09345,Rajasthan,North,1,13705.0,1663.18,2025-09-15,2025-09-15,107,4.0,0,2,3,1,2,Low value / lost,Churned
C11274,Delhi,North,3,13710.07,4705.48,2024-11-18,2025-07-12,172,1.7,0,3,2,2,2,Low value / lost,Churned
C00975,Uttar Pradesh,North,3,13712.41,1893.92,2025-04-08,2025-11-28,33,2.4,0,5,4,2,2,New / promising,Active
C10528,Gujarat,West,2,13722.43,430.95,2025-06-09,2025-08-10,143,4.0,0,2,2,2,2,Low value / lost,Churned
C05845,West Bengal,East,3,13733.63,1733.83,2024-02-26,2025-12-27,4,5.0,0,4,5,2,2,New / promising,Active
C09147,Maharashtra,West,1,13744.27,706.22,2024-04-30,2024-04-30,610,2.0,0,1,1,1,2,Low value / lost,Churned
C09912,Uttar Pradesh,North,6,13756.19,1335.03,2024-10-26,2025-05-02,243,3.2,0,6,2,3,2,At risk,Churned
C03380,Gujarat,West,5,13762.42,5014.73,2024-02-28,2024-05-20,590,3.3,0,8,1,3,2,At risk,Churned
C11394,Tamil Nadu,South,1,13773.17,2967.65,2025-07-22,2025-07-22,162,3.0,0,1,2,1,2,Low value / lost,Churned
C08024,Telangana,South,3,13776.64,-602.23,2025-06-17,2025-07-23,161,2.8,0,4,2,2,2,Low value / lost,Churned
C10948,Gujarat,West,1,13779.15,5463.39,2025-04-02,2025-04-02,273,2.0,0,1,2,1,2,Low value / lost,Churned
C01211,Gujarat,West,1,13784.24,2317.93,2025-09-09,2025-09-09,113,2.0,0,2,2,1,2,Low value / lost,Churned
C08762,Delhi,North,1,13793.29,2368.54,2024-09-03,2024-09-03,484,2.0,2,2,1,1,2,Low value / lost,Churned
C11864,Assam,Northeast,4,13795.28,2835.95,2025-04-23,2025-11-24,37,7.4,2,5,4,3,2,Loyal,Active
C03070,Maharashtra,West,2,13806.64,1527.86,2024-10-27,2025-09-24,98,2.0,1,3,3,2,2,Low value / lost,Churned
C02173,Maharashtra,West,1,13824.81,4578.29,2025-10-06,2025-10-06,86,1.0,0,1,3,1,2,Low value / lost,Active
C01187,Karnataka,South,3,13843.24,-325.7,2024-01-06,2024-07-06,543,2.0,0,4,1,2,2,Low value / lost,Churned
C00984,Assam,Northeast,4,13853.25,4006.22,2024-12-02,2025-01-18,347,7.1,0,7,1,3,2,At risk,Churned
C08065,Rajasthan,North,2,13870.58,2803.69,2025-01-05,2025-04-22,253,4.0,0,3,2,2,2,Low value / lost,Churned
C01834,Tamil Nadu,South,4,13874.36,5654.53,2024-03-01,2025-12-11,20,2.5,0,4,4,3,2,Loyal,Active
C11465,Karnataka,South,3,13875.48,-2378.73,2024-10-26,2025-10-15,77,3.7,1,3,3,2,2,Low value / lost,Active
C06760,Delhi,North,3,13877.57,2022.8,2025-09-11,2025-12-23,8,2.3,0,4,5,2,2,New / promising,Active
C04109,Delhi,North,7,13884.21,3063.53,2024-10-09,2025-12-07,24,2.4,2,8,4,4,2,Champions,Active
C03494,West Bengal,East,4,13894.85,3975.32,2024-07-12,2025-11-27,34,5.8,0,6,4,3,2,Loyal,Active
C10646,Maharashtra,West,4,13898.9,2801.0,2024-06-27,2024-12-09,387,1.2,0,5,1,3,2,At risk,Churned
C06498,Tamil Nadu,South,5,13903.69,4416.27,2024-05-09,2025-09-08,114,3.2,1,5,2,3,2,At risk,Churned
C08598,Tamil Nadu,South,3,13907.95,-25.0,2024-11-19,2025-02-20,314,3.0,0,4,1,2,2,Low value / lost,Churned
C10582,Delhi,North,3,13908.22,2734.2,2025-02-23,2025-11-03,58,1.7,0,3,3,2,2,Low value / lost,Active
C03694,Uttar Pradesh,North,5,13914.1,3771.07,2025-03-08,2025-05-25,220,3.0,1,9,2,3,2,At risk,Churned
C08143,Tamil Nadu,South,2,13919.3,-3638.73,2024-06-08,2025-07-31,153,2.0,0,3,2,2,2,Low value / lost,Churned
C09545,Assam,Northeast,1,13929.44,3337.19,2025-08-08,2025-08-08,145,7.0,1,3,2,1,2,Low value / lost,Churned
C00083,Delhi,North,3,13935.14,5164.57,2024-10-02,2025-10-10,82,2.0,0,3,3,2,2,Low value / lost,Active
C01563,Rajasthan,North,1,13936.93,-48.39,2025-09-07,2025-09-07,115,5.0,0,2,2,1,2,Low value / lost,Churned
C11100,Telangana,South,3,13941.4,2057.22,2025-07-17,2025-12-25,6,2.7,0,3,5,2,2,New / promising,Active
C03711,Maharashtra,West,2,13941.91,-2712.13,2024-10-08,2025-08-23,130,3.3,1,3,2,2,2,Low value / lost,Churned
C07150,Delhi,North,2,13942.38,2778.31,2025-10-21,2025-10-22,70,1.3,1,4,3,2,2,Low value / lost,Active
C05591,Karnataka,South,5,13945.59,3507.27,2024-04-16,2025-02-13,321,3.5,1,6,1,3,2,At risk,Churned
C02259,Karnataka,South,1,13960.26,5096.11,2025-11-01,2025-11-01,60,4.0,0,1,3,1,2,Low value / lost,Active
C00687,West Bengal,East,2,13962.44,-22.11,2024-12-16,2025-09-24,98,3.0,1,2,3,2,2,Low value / lost,Churned
C08493,Maharashtra,West,3,13962.64,2307.85,2024-11-01,2024-12-09,387,3.0,1,3,1,2,2,Low value / lost,Churned
C00973,Uttar Pradesh,North,1,13970.48,-159.13,2025-11-27,2025-11-27,34,3.0,0,1,4,1,2,New / promising,Active
C11403,Tamil Nadu,South,1,13980.94,816.41,2024-10-26,2024-10-26,431,3.0,0,1,1,1,2,Low value / lost,Churned
C04976,Gujarat,West,1,14021.22,4837.54,2025-11-05,2025-11-05,56,2.0,0,2,3,1,2,Low value / lost,Active
C01684,Uttar Pradesh,North,5,14035.39,2442.92,2024-11-01,2025-12-12,19,4.8,2,5,4,3,2,Loyal,Active
C03975,Uttar Pradesh,North,3,14051.02,-4206.81,2024-05-02,2025-09-16,106,3.2,1,5,3,2,2,Low value / lost,Churned
C02043,Delhi,North,2,14059.21,-490.2,2025-03-30,2025-10-18,74,1.5,0,2,3,2,2,Low value / lost,Active
C10508,Maharashtra,West,7,14072.11,2792.27,2024-09-08,2025-10-24,68,2.2,1,11,3,4,2,Loyal,Active
C00810,Kerala,South,1,14077.81,-436.12,2024-12-28,2024-12-28,368,2.0,0,1,1,1,2,Low value / lost,Churned
C03653,Delhi,North,4,14095.73,-18.44,2024-02-10,2024-04-05,635,2.2,0,6,1,3,2,At risk,Churned
C02593,Kerala,South,4,14137.91,3494.86,2025-05-30,2025-12-23,8,3.6,0,5,5,3,2,Loyal,Active
C11131,Rajasthan,North,3,14144.19,-1332.63,2024-12-09,2025-04-16,259,3.3,0,4,2,2,2,Low value / lost,Churned
C11579,Gujarat,West,3,14147.65,2673.45,2025-10-22,2025-12-29,2,3.5,1,8,5,2,2,New / promising,Active
C02615,Uttar Pradesh,North,4,14149.09,1859.96,2024-09-17,2025-01-16,349,3.5,0,4,1,3,2,At risk,Churned
C09166,Delhi,North,2,14157.65,4376.84,2024-11-07,2025-08-05,148,3.7,1,3,2,2,2,Low value / lost,Churned
C03407,Uttar Pradesh,North,1,14163.46,1876.66,2024-08-24,2024-08-24,494,6.0,2,3,1,1,2,Low value / lost,Churned
C09627,Delhi,North,2,14184.06,1934.8,2024-08-13,2025-09-03,119,1.3,0,3,2,2,2,Low value / lost,Churned
C00176,Tamil Nadu,South,1,14190.77,2074.03,2025-05-08,2025-05-08,237,3.0,0,1,2,1,2,Low value / lost,Churned
C04116,Uttar Pradesh,North,1,14190.77,2054.11,2025-07-03,2025-07-03,181,5.0,0,1,2,1,2,Low value / lost,Churned
C02244,Uttar Pradesh,North,3,14197.16,3595.62,2024-10-16,2025-09-19,103,4.0,1,5,3,2,2,Low value / lost,Churned
C11232,Uttar Pradesh,North,3,14211.02,3937.15,2024-11-04,2025-04-18,257,3.4,2,5,2,2,2,Low value / lost,Churned
C06367,West Bengal,East,3,14221.32,953.83,2024-09-01,2025-02-05,329,5.4,0,5,1,2,2,Low value / lost,Churned
C04275,Karnataka,South,4,14227.9,3950.39,2025-04-27,2025-08-27,126,3.0,1,6,2,3,2,At risk,Churned
C00534,Karnataka,South,1,14232.57,-2072.17,2025-11-03,2025-11-03,58,4.0,0,2,3,1,2,Low value / lost,Active
C09217,Maharashtra,West,2,14239.69,1074.65,2025-02-18,2025-04-10,265,3.0,0,2,2,2,2,Low value / lost,Churned
C05956,Bihar,East,4,14242.53,-326.82,2024-11-05,2025-08-20,133,6.5,0,4,2,3,2,At risk,Churned
C05229,Delhi,North,2,14244.91,-4004.03,2025-06-01,2025-11-27,34,3.5,0,4,4,2,2,New / promising,Active
C03871,Telangana,South,7,14245.8,-106.97,2024-02-03,2025-12-16,15,2.9,2,7,5,4,2,Champions,Active
C07168,Maharashtra,West,1,14254.1,5965.79,2024-06-22,2024-06-22,557,3.0,0,1,1,1,2,Low value / lost,Churned
C10602,Delhi,North,1,14259.13,-11492.98,2025-12-12,2025-12-12,19,2.0,0,1,4,1,2,New / promising,Active
C09470,Uttar Pradesh,North,2,14269.37,1474.27,2025-03-02,2025-11-24,37,4.0,0,2,4,2,2,New / promising,Active
C00087,Maharashtra,West,3,14272.47,3006.96,2025-03-23,2025-07-24,160,2.3,0,3,2,2,2,Low value / lost,Churned
C08949,Tamil Nadu,South,3,14273.1,-3957.91,2025-08-12,2025-09-16,106,2.3,0,4,3,2,2,Low value / lost,Churned
C00365,Tamil Nadu,South,2,14280.93,-1072.21,2025-01-20,2025-05-06,239,2.5,0,6,2,2,2,Low value / lost,Churned
C00410,West Bengal,East,5,14287.52,4413.44,2025-05-02,2025-07-24,160,4.6,0,5,2,3,2,At risk,Churned
C02160,Gujarat,West,4,14288.36,1701.13,2024-11-11,2025-12-12,19,3.4,0,5,4,3,2,Loyal,Active
C01237,West Bengal,East,7,14293.6,3411.67,2025-06-05,2025-11-04,57,5.1,2,7,3,4,2,Loyal,Active
C06137,Gujarat,West,3,14298.68,-1435.65,2025-02-22,2025-12-01,30,3.0,0,5,4,2,2,New / promising,Active
C01896,Uttar Pradesh,North,3,14303.37,-549.85,2025-03-26,2025-05-02,243,3.3,2,3,2,2,2,Low value / lost,Churned
C10212,Maharashtra,West,4,14311.21,-783.26,2025-03-30,2025-09-30,92,3.4,1,5,3,3,2,Loyal,Churned
C04271,West Bengal,East,2,14339.62,3364.0,2025-08-02,2025-09-16,106,4.5,0,2,3,2,2,Low value / lost,Churned
C03302,Gujarat,West,3,14356.72,3583.77,2024-11-21,2025-05-25,220,2.3,0,4,2,2,2,Low value / lost,Churned
C04750,Rajasthan,North,6,14375.68,3202.31,2025-03-11,2025-12-12,19,3.7,1,7,4,3,2,Loyal,Active
C04051,Maharashtra,West,2,14395.39,-464.25,2025-04-15,2025-09-29,93,2.5,0,2,3,2,2,Low value / lost,Churned
C06484,Karnataka,South,6,14428.54,1939.34,2024-07-17,2025-12-15,16,2.1,1,7,5,3,2,Loyal,Active
C07093,Delhi,North,1,14430.6,-500.74,2025-07-11,2025-07-11,173,1.0,0,1,2,1,2,Low value / lost,Churned
C06973,Madhya Pradesh,Central,1,14444.32,147.67,2025-08-23,2025-08-23,130,4.0,0,2,2,1,2,Low value / lost,Churned
C11720,Odisha,East,3,14466.22,6025.47,2024-10-05,2025-02-02,332,5.3,0,6,1,2,2,Low value / lost,Churned
C00820,Telangana,South,2,14484.78,335.17,2025-01-13,2025-12-10,21,3.0,0,2,4,2,2,New / promising,Active
C02203,Uttar Pradesh,North,2,14490.39,3318.81,2024-12-16,2025-09-15,107,2.7,1,3,3,2,2,Low value / lost,Churned
C07543,Tamil Nadu,South,4,14504.35,2112.13,2025-06-10,2025-12-26,5,2.8,0,5,5,3,2,Loyal,Active
C07877,Bihar,East,3,14506.36,3587.02,2025-06-11,2025-11-21,40,5.8,1,4,4,2,2,New / promising,Active
C07634,Gujarat,West,5,14509.84,-2756.78,2024-07-10,2025-09-21,101,2.9,2,7,3,3,2,Loyal,Churned
C03388,Karnataka,South,3,14532.21,-97.72,2025-08-20,2025-11-04,57,3.8,0,4,3,2,2,Low value / lost,Active
C04232,Delhi,North,1,14535.1,893.31,2025-07-10,2025-07-10,174,1.0,0,1,2,1,2,Low value / lost,Churned
C07684,Tamil Nadu,South,8,14544.06,2880.03,2024-08-11,2025-10-26,66,3.0,1,8,3,4,2,Loyal,Active
C10302,Odisha,East,3,14562.07,-3606.35,2025-09-20,2025-11-24,37,5.3,1,4,4,2,2,New / promising,Active
C10033,Kerala,South,2,14567.76,2520.1,2025-04-09,2025-10-20,72,1.7,0,3,3,2,2,Low value / lost,Active
C05768,Maharashtra,West,2,14587.86,6612.23,2025-02-15,2025-03-29,277,2.5,1,2,1,2,2,Low value / lost,Churned
C07810,Maharashtra,West,4,14598.76,1136.31,2024-10-09,2025-08-27,126,2.2,1,5,2,3,2,At risk,Churned
C07723,Maharashtra,West,8,14601.8,3017.52,2025-02-16,2025-12-15,16,2.8,1,11,5,4,2,Champions,Active
C08504,Tamil Nadu,South,5,14641.71,3920.04,2024-09-05,2025-08-22,131,2.7,1,6,2,3,2,At risk,Churned
C07701,Odisha,East,1,14651.51,5299.72,2025-05-23,2025-05-23,222,7.0,0,3,2,1,2,Low value / lost,Churned
C09458,Kerala,South,2,14655.68,321.38,2024-11-17,2025-12-23,8,3.0,0,2,5,2,2,New / promising,Active
C10259,Telangana,South,3,14656.33,1750.7,2024-09-14,2025-08-17,136,3.4,0,7,2,2,2,Low value / lost,Churned
C05247,Tamil Nadu,South,4,14664.43,5977.11,2024-06-19,2024-08-15,503,4.1,1,7,1,3,2,At risk,Churned
C08519,Madhya Pradesh,Central,1,14665.54,5767.62,2025-12-04,2025-12-04,27,4.0,0,2,4,1,2,New / promising,Active
C00262,Delhi,North,6,14680.26,5883.76,2024-03-24,2025-12-05,26,1.9,0,10,4,3,2,Loyal,Active
C06070,Gujarat,West,2,14684.91,1228.68,2025-08-30,2025-09-11,111,2.5,1,4,2,2,2,Low value / lost,Churned
C09325,Uttar Pradesh,North,2,14693.07,-1326.28,2025-04-13,2025-07-12,172,4.3,0,4,2,2,2,Low value / lost,Churned
C07065,Maharashtra,West,3,14694.03,325.08,2025-05-16,2025-07-31,153,2.3,1,4,2,2,2,Low value / lost,Churned
C07246,Maharashtra,West,6,14705.11,5589.76,2024-10-11,2025-03-27,279,2.7,2,10,1,3,2,At risk,Churned
C08746,Rajasthan,North,7,14726.67,3484.11,2025-05-04,2025-12-31,0,3.6,1,9,5,4,2,Champions,Active
C11840,Delhi,North,3,14731.73,3936.73,2024-11-14,2025-05-19,226,2.9,0,7,2,2,2,Low value / lost,Churned
C04634,Maharashtra,West,5,14734.82,4088.79,2024-11-18,2025-11-04,57,2.7,2,7,3,3,2,Loyal,Active
C01068,Telangana,South,4,14735.74,5621.51,2024-11-08,2025-11-19,42,1.8,2,4,4,3,2,Loyal,Active
C10217,Karnataka,South,5,14738.4,2205.07,2025-04-14,2025-12-23,8,2.4,0,5,5,3,2,Loyal,Active
C11425,Karnataka,South,3,14739.3,4242.87,2024-04-26,2024-08-23,495,2.2,0,6,1,2,2,Low value / lost,Churned
C05948,Karnataka,South,1,14765.42,2721.38,2024-05-13,2024-05-13,597,2.0,0,2,1,1,2,Low value / lost,Churned
C10252,Madhya Pradesh,Central,4,14774.7,4991.87,2025-06-07,2025-12-19,12,4.3,1,6,5,3,2,Loyal,Active
C05194,Maharashtra,West,4,14793.82,2068.35,2025-02-24,2025-11-06,55,2.6,0,5,3,3,2,Loyal,Active
C04180,Uttar Pradesh,North,1,14803.12,1600.6,2024-10-02,2024-10-02,455,3.0,0,3,1,1,2,Low value / lost,Churned
C03242,Karnataka,South,5,14820.65,3066.03,2024-05-28,2025-12-15,16,2.1,2,8,5,3,2,Loyal,Active
C01231,Delhi,North,1,14824.31,1723.27,2025-02-11,2025-02-11,323,1.0,0,2,1,1,2,Low value / lost,Churned
C04366,Telangana,South,3,14841.07,1238.51,2025-04-22,2025-12-06,25,3.0,0,4,4,2,2,New / promising,Active
C04132,Maharashtra,West,1,14857.53,1868.01,2025-11-10,2025-11-10,51,4.0,0,2,3,1,2,Low value / lost,Active
C02255,Maharashtra,West,7,14880.22,4147.22,2025-05-17,2025-11-20,41,3.0,1,7,4,4,2,Champions,Active
C05607,Rajasthan,North,1,14888.29,5920.98,2025-07-06,2025-07-06,178,3.0,0,3,2,1,2,Low value / lost,Churned
C10736,Maharashtra,West,3,14889.85,3114.57,2024-11-01,2025-11-13,48,2.0,1,6,3,2,2,Low value / lost,Active
C02211,Maharashtra,West,4,14892.96,3761.54,2024-02-12,2025-10-07,85,2.2,1,9,3,3,2,Loyal,Active
C10007,Gujarat,West,3,14912.77,2390.03,2025-04-23,2025-05-29,216,4.8,0,5,2,2,2,Low value / lost,Churned
C07769,West Bengal,East,5,14919.25,2522.77,2025-04-20,2025-12-14,17,5.0,0,5,5,3,2,Loyal,Active
C11765,Delhi,North,4,14924.2,1654.52,2025-10-23,2025-12-26,5,2.2,0,5,5,3,2,Loyal,Active
C02877,Assam,Northeast,1,14924.59,2026.93,2024-10-09,2024-10-09,448,7.0,0,1,1,1,2,Low value / lost,Churned
C11090,Karnataka,South,2,14925.14,508.44,2024-12-10,2025-01-25,340,2.5,0,2,1,2,2,Low value / lost,Churned
C00701,Bihar,East,6,14952.85,-4657.23,2024-11-15,2025-12-05,26,6.9,0,7,4,3,2,Loyal,Active
C03977,Madhya Pradesh,Central,3,14962.72,-3343.4,2024-05-14,2024-06-12,567,4.0,0,3,1,2,2,Low value / lost,Churned
C05456,Gujarat,West,4,14990.43,5707.3,2024-11-24,2025-12-30,1,3.6,0,5,5,3,2,Loyal,Active
C00884,Maharashtra,West,2,15022.72,-1409.34,2025-12-02,2025-12-10,21,2.5,0,2,4,2,2,New / promising,Active
C09776,Rajasthan,North,1,15025.32,2235.72,2025-04-29,2025-04-29,246,4.0,1,1,2,1,2,Low value / lost,Churned
C05753,Delhi,North,2,15027.16,2698.69,2025-03-18,2025-04-04,271,3.0,0,4,2,2,2,Low value / lost,Churned
C08429,Telangana,South,1,15029.9,-1525.72,2025-10-21,2025-10-21,71,3.0,0,1,3,1,2,Low value / lost,Active
C06930,Kerala,South,4,15030.08,1724.55,2024-07-03,2025-05-02,243,3.0,1,5,2,3,2,At risk,Churned
C03308,Gujarat,West,6,15036.34,4253.04,2024-02-03,2025-11-09,52,2.6,0,9,3,3,2,Loyal,Active
C02953,Delhi,North,3,15040.99,3464.13,2025-08-08,2025-12-19,12,2.2,2,5,5,2,2,New / promising,Active
C01151,Delhi,North,4,15058.3,4780.25,2025-01-10,2025-12-01,30,2.0,0,6,4,3,2,Loyal,Active
C07786,Odisha,East,1,15079.18,1174.4,2024-04-03,2024-04-03,637,6.0,0,1,1,1,2,Low value / lost,Churned
C02809,Gujarat,West,5,15084.88,3422.28,2025-03-31,2025-10-23,69,3.8,0,5,3,3,2,Loyal,Active
C11824,Gujarat,West,1,15093.72,2475.15,2025-09-17,2025-09-17,105,2.0,0,3,3,1,2,Low value / lost,Churned
C08035,Delhi,North,7,15095.13,4639.42,2024-09-18,2025-12-01,30,2.1,0,9,4,4,2,Champions,Active
C01495,Odisha,East,1,15100.48,1317.37,2025-12-29,2025-12-29,2,6.0,0,3,5,1,2,New / promising,Active
C03091,Tamil Nadu,South,4,15106.48,3563.16,2024-07-02,2025-10-08,84,1.8,1,6,3,3,2,Loyal,Active
C03280,Tamil Nadu,South,4,15114.21,3823.99,2024-03-06,2024-12-05,391,3.2,2,5,1,3,2,At risk,Churned
C05951,West Bengal,East,4,15147.74,3833.05,2024-10-04,2025-07-11,173,5.2,0,6,2,3,2,At risk,Churned
C03837,Karnataka,South,3,15155.58,6435.37,2025-02-28,2025-06-14,200,1.8,0,4,2,2,2,Low value / lost,Churned
C02366,Uttar Pradesh,North,6,15168.57,4271.09,2025-01-03,2025-12-09,22,3.4,1,7,4,3,2,Loyal,Active
C11218,Karnataka,South,4,15184.73,2356.1,2024-05-09,2025-03-13,293,3.4,1,8,1,3,2,At risk,Churned
C03972,Bihar,East,6,15200.98,-3588.65,2025-06-03,2025-12-24,7,6.3,0,6,5,3,2,Loyal,Active
C09466,Delhi,North,2,15207.86,3182.01,2025-01-27,2025-11-21,40,2.0,0,3,4,2,2,New / promising,Active
C03958,Tamil Nadu,South,4,15215.85,-1357.17,2024-04-16,2025-02-20,314,2.0,0,6,1,3,2,At risk,Churned
C06822,Delhi,North,1,15245.06,555.24,2025-10-28,2025-10-28,64,1.0,0,2,3,1,2,Low value / lost,Active
C01867,Gujarat,West,5,15249.75,1761.15,2024-09-20,2025-05-01,244,2.6,0,5,2,3,2,At risk,Churned
C02643,Maharashtra,West,1,15254.75,-2031.3,2025-07-01,2025-07-01,183,2.0,0,1,2,1,2,Low value / lost,Churned
C03202,West Bengal,East,3,15260.14,-1178.08,2025-07-10,2025-09-12,110,4.7,0,3,2,2,2,Low value / lost,Churned
C07921,Tamil Nadu,South,1,15265.94,1902.51,2025-12-26,2025-12-26,5,4.0,1,3,5,1,2,New / promising,Active
C03347,West Bengal,East,3,15277.46,-151.96,2024-11-15,2025-08-27,126,4.7,0,3,2,2,2,Low value / lost,Churned
C04785,Delhi,North,6,15277.72,4430.96,2024-07-11,2025-12-27,4,2.3,2,7,5,3,2,Loyal,Active
C07491,Tamil Nadu,South,4,15283.06,4868.44,2025-06-27,2025-09-03,119,2.1,1,7,2,3,2,At risk,Churned
C06453,Gujarat,West,1,15300.1,1645.59,2024-12-15,2024-12-15,381,2.0,0,1,1,1,2,Low value / lost,Churned
C05074,Madhya Pradesh,Central,1,15300.1,1644.98,2025-08-18,2025-08-18,135,2.0,0,1,2,1,2,Low value / lost,Churned
C00801,Delhi,North,1,15307.7,-3171.86,2025-07-24,2025-07-24,160,4.0,2,3,2,1,2,Low value / lost,Churned
C03678,Assam,Northeast,5,15315.06,-5914.38,2024-03-26,2024-06-03,576,7.3,1,6,1,3,2,At risk,Churned
C03459,Maharashtra,West,5,15317.91,1951.58,2024-12-07,2025-08-11,142,1.8,0,6,2,3,2,At risk,Churned
C02475,Telangana,South,3,15319.58,5688.91,2024-08-24,2025-09-24,98,1.8,1,5,3,2,2,Low value / lost,Churned
C09444,Odisha,East,5,15324.71,3826.23,2024-12-24,2025-09-25,97,5.5,0,6,3,3,2,Loyal,Churned
C11634,Kerala,South,4,15340.36,5187.47,2024-06-26,2025-07-09,175,3.0,2,4,2,3,2,At risk,Churned
C03566,Bihar,East,1,15342.17,1076.42,2025-06-02,2025-06-02,212,5.0,0,3,2,1,2,Low value / lost,Churned
C11456,Uttar Pradesh,North,3,15342.97,311.38,2024-04-06,2024-05-02,608,3.5,0,4,1,2,2,Low value / lost,Churned
C01138,Rajasthan,North,1,15367.47,-3102.47,2025-03-09,2025-03-09,297,4.0,0,2,1,1,2,Low value / lost,Churned
C07239,Kerala,South,2,15375.2,6973.45,2024-04-08,2024-07-06,543,2.0,0,2,1,2,2,Low value / lost,Churned
C03121,Kerala,South,7,15392.25,4444.01,2024-03-05,2025-12-31,0,2.9,0,9,5,4,2,Champions,Active
C09869,Uttar Pradesh,North,2,15397.17,2017.13,2025-12-17,2025-12-25,6,4.0,0,2,5,2,2,New / promising,Active
C05890,Karnataka,South,2,15407.36,-4591.31,2024-11-16,2024-11-28,398,2.3,0,3,1,2,2,Low value / lost,Churned
C05873,West Bengal,East,1,15412.72,1311.55,2025-09-11,2025-09-11,111,4.0,1,3,2,1,2,Low value / lost,Churned
C05742,Uttar Pradesh,North,4,15413.48,2162.44,2025-05-14,2025-11-03,58,3.3,0,6,3,3,2,Loyal,Active
C03666,Delhi,North,3,15414.39,5717.18,2025-02-01,2025-12-02,29,1.4,1,5,4,2,2,New / promising,Active
C01118,Maharashtra,West,1,15421.63,2181.36,2025-12-29,2025-12-29,2,4.0,0,2,5,1,2,New / promising,Active
C03525,Uttar Pradesh,North,2,15430.97,1959.12,2025-01-24,2025-10-30,62,4.0,0,2,3,2,2,Low value / lost,Active
C04144,Uttar Pradesh,North,3,15434.06,-661.77,2025-05-31,2025-11-20,41,3.8,0,5,4,2,2,New / promising,Active
C07251,Maharashtra,West,1,15436.66,3729.11,2025-11-11,2025-11-11,50,1.0,0,3,3,1,2,Low value / lost,Active
C02363,Maharashtra,West,3,15438.75,4174.29,2024-12-06,2025-06-20,194,1.7,1,3,2,2,2,Low value / lost,Churned
C01565,Uttar Pradesh,North,4,15446.32,4050.75,2024-05-15,2025-12-10,21,5.3,3,7,4,3,2,Loyal,Active
C06720,Maharashtra,West,3,15453.27,-2277.69,2025-04-15,2025-12-03,28,3.3,0,4,4,2,2,New / promising,Active
C05016,Odisha,East,6,15453.8,1286.22,2024-11-09,2025-12-17,14,6.3,1,7,5,3,2,Loyal,Active
C09288,Tamil Nadu,South,1,15456.37,1183.7,2025-09-28,2025-09-28,94,2.0,0,1,3,1,2,Low value / lost,Churned
C07490,Delhi,North,5,15458.25,702.7,2024-10-13,2025-11-07,54,2.0,1,6,3,3,2,Loyal,Active
C08226,Madhya Pradesh,Central,3,15467.71,3705.53,2025-01-02,2025-04-14,261,4.0,1,6,2,2,2,Low value / lost,Churned
C09488,Kerala,South,2,15491.8,-543.21,2025-07-15,2025-12-19,12,3.7,0,3,5,2,2,New / promising,Active
C04607,Karnataka,South,2,15500.65,771.8,2025-09-15,2025-12-09,22,1.3,0,3,4,2,2,New / promising,Active
C07090,Bihar,East,1,15516.41,1495.65,2025-01-26,2025-01-26,339,6.0,1,3,1,1,2,Low value / lost,Churned
C00020,Maharashtra,West,2,15517.08,4024.48,2024-07-25,2024-08-02,516,2.3,1,4,1,2,2,Low value / lost,Churned
C02675,Kerala,South,3,15520.42,5420.98,2024-05-27,2024-06-29,550,3.8,1,5,1,2,2,Low value / lost,Churned
C09889,Delhi,North,5,15528.68,2943.92,2024-04-18,2025-09-16,106,2.0,1,9,3,3,2,Loyal,Churned
C08553,Madhya Pradesh,Central,1,15534.38,2330.68,2024-04-28,2024-04-28,612,6.0,0,1,1,1,2,Low value / lost,Churned
C10550,Karnataka,South,1,15541.41,294.76,2025-02-06,2025-02-06,328,1.0,0,1,1,1,2,Low value / lost,Churned
C01382,Tamil Nadu,South,2,15554.14,-2121.97,2025-10-25,2025-11-02,59,4.5,0,2,3,2,2,Low value / lost,Active
C04978,Maharashtra,West,7,15563.45,2472.45,2024-11-26,2025-11-26,35,2.6,1,9,4,4,2,Champions,Active
C07167,Gujarat,West,3,15579.99,1567.04,2025-07-18,2025-12-04,27,3.7,1,3,4,2,2,New / promising,Active
C01543,Telangana,South,3,15582.4,1675.08,2025-08-14,2025-12-21,10,2.5,0,4,5,2,2,New / promising,Active
C06126,Madhya Pradesh,Central,4,15600.92,4387.72,2024-05-26,2025-08-24,129,4.6,0,5,2,3,2,At risk,Churned
C07478,Kerala,South,1,15618.27,-1482.18,2025-06-06,2025-06-06,208,4.0,0,1,2,1,2,Low value / lost,Churned
C11790,Tamil Nadu,South,1,15622.72,-1959.36,2025-01-03,2025-01-03,362,2.0,0,1,1,1,2,Low value / lost,Churned
C00886,Tamil Nadu,South,5,15632.3,2902.08,2024-04-12,2024-11-18,408,2.5,0,6,1,3,2,At risk,Churned
C07758,Telangana,South,2,15636.58,-946.61,2024-04-23,2025-03-21,285,4.0,0,4,1,2,2,Low value / lost,Churned
C07402,Gujarat,West,2,15637.27,164.67,2024-11-20,2025-08-29,124,3.5,1,2,2,2,2,Low value / lost,Churned
C07494,Madhya Pradesh,Central,3,15643.95,4533.76,2024-05-18,2024-11-06,420,4.0,0,4,1,2,2,Low value / lost,Churned
C10064,Karnataka,South,1,15648.69,-179.19,2025-04-07,2025-04-07,268,1.0,2,3,2,1,2,Low value / lost,Churned
C00501,Delhi,North,6,15649.15,2602.6,2024-11-27,2025-08-03,150,2.2,1,6,2,3,2,At risk,Churned
C04407,Maharashtra,West,9,15698.82,5221.06,2024-03-03,2025-09-08,114,2.1,1,11,2,4,2,At risk,Churned
C06295,Gujarat,West,2,15699.04,-785.71,2025-06-18,2025-08-02,151,5.0,0,2,2,2,2,Low value / lost,Churned
C11130,Kerala,South,3,15704.15,3943.2,2025-10-19,2025-12-10,21,5.0,3,6,4,2,2,New / promising,Active
C06456,West Bengal,East,3,15706.23,4914.77,2025-10-20,2025-11-30,31,4.7,0,7,4,2,2,New / promising,Active
C02208,Maharashtra,West,5,15706.63,3930.78,2024-11-12,2025-06-25,189,2.7,0,7,2,3,2,At risk,Churned
C00427,Madhya Pradesh,Central,2,15707.4,-3481.38,2025-03-23,2025-05-02,243,4.0,1,4,2,2,2,Low value / lost,Churned
C05091,Rajasthan,North,5,15713.18,-713.0,2024-08-17,2025-08-16,137,4.2,1,6,2,3,2,At risk,Churned
C08976,Karnataka,South,2,15714.59,2651.66,2025-08-05,2025-12-30,1,3.3,0,3,5,2,2,New / promising,Active
C09970,Uttar Pradesh,North,2,15731.06,-51.31,2024-09-14,2024-10-03,454,4.0,0,2,1,2,2,Low value / lost,Churned
C03166,Maharashtra,West,4,15735.9,6087.89,2025-07-15,2025-10-28,64,2.0,0,6,3,3,2,Loyal,Active
C11836,Gujarat,West,5,15746.65,5097.0,2025-02-17,2025-12-28,3,3.4,1,8,5,3,2,Loyal,Active
C11151,Gujarat,West,1,15760.26,-344.93,2025-10-23,2025-10-23,69,2.0,0,1,3,1,2,Low value / lost,Active
C01745,Rajasthan,North,1,15763.86,2157.32,2025-03-24,2025-03-24,282,3.0,0,2,1,1,2,Low value / lost,Churned
C05471,Karnataka,South,4,15770.74,5402.16,2025-04-21,2025-08-03,150,2.0,0,7,2,3,2,At risk,Churned
C08946,Rajasthan,North,1,15776.29,359.04,2025-09-07,2025-09-07,115,5.0,0,2,2,1,2,Low value / lost,Churned
C09332,Telangana,South,2,15778.85,-1222.46,2024-08-19,2024-09-29,458,2.5,0,2,1,2,2,Low value / lost,Churned
C01669,Bihar,East,3,15793.15,2467.93,2024-05-29,2025-07-02,182,6.0,1,3,2,2,2,Low value / lost,Churned
C09209,Gujarat,West,6,15800.73,2393.69,2024-10-11,2025-11-26,35,2.7,1,6,4,3,2,Loyal,Active
C01170,Karnataka,South,1,15813.26,87.29,2025-12-28,2025-12-28,3,3.0,0,3,5,1,2,New / promising,Active
C03650,Karnataka,South,1,15837.53,1331.06,2025-08-15,2025-08-15,138,1.0,0,1,2,1,2,Low value / lost,Churned
C10878,Madhya Pradesh,Central,1,15837.53,1307.98,2024-09-15,2024-09-15,472,3.0,0,1,1,1,2,Low value / lost,Churned
C01287,Telangana,South,1,15843.29,-286.93,2024-12-08,2024-12-08,388,5.0,0,2,1,1,2,Low value / lost,Churned
C06053,Maharashtra,West,2,15845.8,-614.24,2024-11-18,2025-05-05,240,1.0,0,2,2,2,2,Low value / lost,Churned
C09121,Tamil Nadu,South,3,15860.13,1976.86,2024-06-08,2025-10-27,65,3.0,1,4,3,2,2,Low value / lost,Active
C05474,Telangana,South,3,15865.55,3254.87,2024-12-15,2025-12-09,22,3.0,1,4,4,2,2,New / promising,Active
C03773,Tamil Nadu,South,2,15870.45,-1204.34,2025-09-11,2025-11-09,52,4.5,0,2,3,2,2,Low value / lost,Active
C01322,Gujarat,West,2,15894.79,-6683.07,2025-01-15,2025-12-03,28,3.8,0,5,4,2,2,New / promising,Active
C03179,Madhya Pradesh,Central,7,15895.71,845.06,2024-09-06,2024-10-14,443,3.6,0,10,1,4,2,At risk,Churned
C07132,Karnataka,South,2,15913.95,2125.78,2024-09-29,2024-11-13,413,3.5,1,2,1,2,2,Low value / lost,Churned
C03604,West Bengal,East,2,15924.09,1943.52,2025-06-16,2025-12-05,26,5.3,0,4,4,2,2,New / promising,Active
C08959,Madhya Pradesh,Central,3,15933.49,2152.76,2024-03-08,2024-06-03,576,3.8,2,5,1,2,2,Low value / lost,Churned
C03989,Tamil Nadu,South,1,15934.83,-805.56,2025-06-24,2025-06-24,190,3.0,0,1,2,1,2,Low value / lost,Churned
C01191,Maharashtra,West,3,15940.82,2764.74,2024-09-04,2025-11-25,36,2.6,0,5,4,2,2,New / promising,Active
C04188,Telangana,South,1,15947.76,2462.02,2024-06-18,2024-06-18,561,1.0,0,2,1,1,2,Low value / lost,Churned
C05741,Rajasthan,North,2,15953.35,4625.71,2024-06-13,2025-07-01,183,3.8,0,4,2,2,2,Low value / lost,Churned
C03983,Telangana,South,3,15986.16,3726.09,2024-03-19,2024-10-25,432,3.3,0,3,1,2,2,Low value / lost,Churned
C02653,Karnataka,South,4,15988.83,4294.44,2024-10-02,2025-08-19,134,2.0,0,4,2,3,2,At risk,Churned
C05032,Tamil Nadu,South,4,16026.21,-1068.74,2025-05-20,2025-11-25,36,2.0,2,5,4,3,2,Loyal,Active
C05893,Maharashtra,West,4,16041.51,1975.63,2025-02-19,2025-06-27,187,2.7,0,6,2,3,2,At risk,Churned
C05806,Uttar Pradesh,North,6,16066.16,2184.02,2024-09-21,2025-12-20,11,3.3,2,8,5,3,2,Loyal,Active
C09637,Tamil Nadu,South,1,16069.6,-351.92,2025-03-29,2025-03-29,277,2.0,0,2,1,1,2,Low value / lost,Churned
C02995,Gujarat,West,2,16070.75,588.16,2025-08-28,2025-09-22,100,2.5,1,2,3,2,2,Low value / lost,Churned
C09521,Maharashtra,West,2,16072.78,2633.53,2025-06-08,2025-08-29,124,3.0,0,2,2,2,2,Low value / lost,Churned
C10917,West Bengal,East,5,16077.57,-626.99,2025-08-08,2025-12-20,11,4.5,0,10,5,3,2,Loyal,Active
C00542,Kerala,South,3,16087.93,3570.17,2024-10-26,2025-07-16,168,2.7,0,3,2,2,2,Low value / lost,Churned
C11793,Uttar Pradesh,North,3,16095.22,248.57,2025-01-18,2025-03-10,296,3.7,0,6,1,2,2,Low value / lost,Churned
C05195,Maharashtra,West,8,16113.56,4243.7,2025-07-10,2025-12-07,24,2.0,0,10,4,4,2,Champions,Active
C10198,Maharashtra,West,8,16125.18,1926.02,2024-04-27,2025-10-24,68,2.5,1,12,3,4,2,Loyal,Active
C09449,Telangana,South,2,16138.96,608.54,2024-10-24,2025-11-03,58,2.8,1,4,3,2,2,Low value / lost,Active
C05811,Delhi,North,6,16146.65,4540.99,2025-06-07,2025-12-10,21,2.6,3,11,4,3,2,Loyal,Active
C04525,Tamil Nadu,South,5,16156.49,2231.97,2024-03-09,2025-10-26,66,3.6,0,7,3,3,2,Loyal,Active
C11808,Uttar Pradesh,North,6,16157.75,4200.58,2024-04-30,2024-10-05,452,2.7,0,6,1,3,2,At risk,Churned
C02784,Maharashtra,West,2,16164.39,1198.57,2024-10-19,2024-10-23,434,4.0,0,5,1,2,2,Low value / lost,Churned
C11610,Telangana,South,2,16173.14,-902.5,2024-08-24,2025-03-07,299,2.0,0,2,1,2,2,Low value / lost,Churned
C10450,Bihar,East,7,16191.22,3294.83,2025-02-13,2025-12-31,0,7.1,2,10,5,4,2,Champions,Active
C10575,Telangana,South,3,16192.8,2175.34,2024-06-18,2025-10-14,78,2.7,0,3,3,2,2,Low value / lost,Active
C10123,Uttar Pradesh,North,1,16194.93,1228.26,2025-10-13,2025-10-13,79,3.0,0,1,3,1,2,Low value / lost,Active
C02081,Kerala,South,1,16206.16,910.6,2025-08-08,2025-08-08,145,3.0,0,3,2,1,2,Low value / lost,Churned
C07025,Karnataka,South,2,16216.76,-1438.27,2025-04-08,2025-12-13,18,1.0,2,3,4,2,2,New / promising,Active
C07782,Uttar Pradesh,North,3,16217.34,2444.55,2024-11-04,2025-11-03,58,3.3,2,3,3,2,2,Low value / lost,Active
C03565,West Bengal,East,3,16262.75,3718.97,2025-07-01,2025-12-19,12,4.8,1,4,5,2,2,New / promising,Active
C05612,Gujarat,West,6,16266.11,6164.7,2024-12-04,2025-10-23,69,3.6,2,7,3,3,2,Loyal,Active
C02894,Maharashtra,West,9,16268.21,4780.28,2024-01-08,2024-07-31,518,2.4,3,15,1,4,2,At risk,Churned
C06341,Telangana,South,3,16301.53,2573.79,2025-03-13,2025-11-06,55,2.4,2,7,3,2,2,Low value / lost,Active
C07659,Maharashtra,West,13,16308.51,4900.54,2024-12-04,2025-12-19,12,2.8,1,16,5,5,2,Champions,Active
C02214,Maharashtra,West,1,16308.64,-1428.95,2025-06-15,2025-06-15,199,2.0,0,2,2,1,2,Low value / lost,Churned
C10746,Maharashtra,West,4,16309.99,5688.19,2024-01-06,2024-03-29,642,2.8,2,4,1,3,2,At risk,Churned
C02550,Karnataka,South,7,16347.23,6333.06,2024-07-09,2025-08-16,137,2.5,1,8,2,4,2,At risk,Churned
C08980,Bihar,East,1,16360.95,5883.2,2025-09-15,2025-09-15,107,7.0,1,3,3,1,2,Low value / lost,Churned
C02293,West Bengal,East,1,16363.38,2017.41,2024-06-21,2024-06-21,558,3.0,0,1,1,1,2,Low value / lost,Churned
C08275,Rajasthan,North,10,16373.69,-244.61,2024-06-02,2025-11-06,55,3.8,1,13,3,4,2,Loyal,Active
C07459,Rajasthan,North,2,16399.87,2652.98,2025-06-27,2025-07-11,173,4.5,0,2,2,2,2,Low value / lost,Churned
C02945,Karnataka,South,2,16437.38,979.21,2024-04-18,2024-08-14,504,1.5,0,4,1,2,2,Low value / lost,Churned
C03363,Tamil Nadu,South,3,16453.05,-267.14,2025-05-22,2025-11-16,45,2.3,2,3,4,2,2,New / promising,Active
C08929,Gujarat,West,5,16469.64,6611.64,2025-04-23,2025-07-21,163,3.8,0,8,2,3,2,At risk,Churned
C01550,West Bengal,East,3,16471.39,7063.09,2024-11-22,2025-12-23,8,4.8,0,4,5,2,2,New / promising,Active
C00790,Rajasthan,North,2,16478.54,952.12,2025-11-11,2025-12-18,13,5.3,1,3,5,2,2,New / promising,Active
C10267,Gujarat,West,4,16486.89,1304.81,2024-11-03,2025-02-17,317,3.7,1,7,1,3,2,At risk,Churned
C06062,Tamil Nadu,South,5,16487.08,6239.84,2024-10-04,2025-08-22,131,3.6,1,7,2,3,2,At risk,Churned
C10245,Karnataka,South,2,16505.5,1350.17,2025-03-02,2025-12-09,22,4.0,0,2,4,2,2,New / promising,Active
C06646,Gujarat,West,2,16512.72,5727.62,2025-07-29,2025-12-17,14,1.5,0,6,5,2,2,New / promising,Active
C11210,Rajasthan,North,3,16534.67,-3425.39,2024-06-16,2025-10-31,61,4.8,1,4,3,2,2,Low value / lost,Active
C05975,Gujarat,West,4,16548.0,-3863.23,2025-04-01,2025-11-09,52,3.8,1,6,3,3,2,Loyal,Active
C05444,Uttar Pradesh,North,1,16555.9,1843.12,2025-11-29,2025-11-29,32,5.0,0,2,4,1,2,New / promising,Active
C11243,Bihar,East,1,16557.96,7666.55,2025-07-25,2025-07-25,159,7.0,0,3,2,1,2,Low value / lost,Churned
C00564,Tamil Nadu,South,3,16578.73,2306.16,2025-09-21,2025-10-20,72,2.6,0,5,3,2,2,Low value / lost,Active
C01400,Madhya Pradesh,Central,4,16581.21,4425.93,2024-12-21,2025-05-17,228,4.0,0,7,2,3,2,At risk,Churned
C01737,Telangana,South,6,16581.72,-1448.83,2024-07-20,2025-12-21,10,2.9,1,7,5,3,2,Loyal,Active
C03761,Madhya Pradesh,Central,5,16603.7,5043.11,2024-08-12,2025-09-01,121,4.0,2,8,2,3,2,At risk,Churned
C06605,Tamil Nadu,South,1,16604.64,-141.92,2024-10-29,2024-10-29,428,2.0,0,1,1,1,2,Low value / lost,Churned
C06477,Maharashtra,West,5,16617.33,1536.97,2024-11-02,2025-11-29,32,3.7,0,7,4,3,2,Loyal,Active
C08436,Rajasthan,North,5,16624.47,4271.35,2024-05-06,2025-05-07,238,3.2,0,6,2,3,2,At risk,Churned
C11550,Maharashtra,West,3,16637.76,5645.92,2024-12-27,2025-03-02,304,3.0,3,8,1,2,2,Low value / lost,Churned
C05319,Maharashtra,West,2,16644.02,-544.2,2024-09-03,2024-10-15,442,3.0,0,2,1,2,2,Low value / lost,Churned
C08488,Maharashtra,West,1,16646.32,-1862.4,2024-11-06,2024-11-06,420,2.0,0,1,1,1,2,Low value / lost,Churned
C05815,Maharashtra,West,2,16652.05,1387.07,2025-09-07,2025-09-19,103,2.5,2,2,3,2,2,Low value / lost,Churned
C03787,Karnataka,South,2,16678.33,-918.24,2025-09-23,2025-12-10,21,3.0,1,2,4,2,2,New / promising,Active
C05328,Bihar,East,2,16685.95,680.69,2024-02-14,2025-01-14,351,6.7,1,3,1,2,2,Low value / lost,Churned
C09058,Telangana,South,2,16686.57,1517.05,2025-09-08,2025-11-24,37,1.0,0,3,4,2,2,New / promising,Active
C02568,West Bengal,East,5,16694.44,3443.25,2025-03-21,2025-11-19,42,4.3,1,8,4,3,2,Loyal,Active
C05322,Delhi,North,6,16713.89,3365.6,2024-06-09,2025-02-19,315,1.8,0,6,1,3,2,At risk,Churned
C08305,Odisha,East,3,16726.44,2732.02,2024-12-21,2025-03-13,293,8.2,1,5,1,2,2,Low value / lost,Churned
C05855,Maharashtra,West,9,16731.22,4600.11,2024-01-07,2025-12-17,14,2.5,3,11,5,4,2,Champions,Active
C04338,Madhya Pradesh,Central,1,16742.36,-2509.96,2025-01-26,2025-01-26,339,2.0,1,1,1,1,2,Low value / lost,Churned
C01303,Maharashtra,West,7,16754.06,-54.27,2024-03-01,2025-07-03,181,2.9,3,9,2,4,2,At risk,Churned
C09610,Telangana,South,1,16754.64,2911.71,2025-06-03,2025-06-03,211,1.0,1,1,2,1,2,Low value / lost,Churned
C06110,Delhi,North,3,16762.02,4255.02,2024-12-18,2025-05-18,227,1.0,1,3,2,2,2,Low value / lost,Churned
C00768,Telangana,South,2,16763.06,2812.6,2025-03-15,2025-12-14,17,1.5,0,2,5,2,2,New / promising,Active
C00784,West Bengal,East,3,16783.88,3272.4,2024-07-16,2025-04-24,251,5.8,2,5,2,2,2,Low value / lost,Churned
C04690,Karnataka,South,2,16795.19,4100.63,2025-04-05,2025-05-15,230,1.0,0,3,2,2,2,Low value / lost,Churned
C01758,Uttar Pradesh,North,4,16800.04,4472.64,2024-10-05,2025-11-11,50,3.4,1,7,3,3,2,Loyal,Active
C11580,Uttar Pradesh,North,5,16809.04,1054.19,2024-02-24,2025-10-16,76,3.8,0,5,3,3,2,Loyal,Active
C00001,Tamil Nadu,South,4,16839.99,4191.71,2024-07-21,2025-04-22,253,3.6,3,5,2,3,2,At risk,Churned
C07256,Uttar Pradesh,North,5,16846.21,5444.74,2024-05-04,2025-11-19,42,2.9,0,7,4,3,2,Loyal,Active
C11453,Maharashtra,West,2,16852.3,2297.66,2025-07-31,2025-11-11,50,2.5,1,4,3,2,2,Low value / lost,Active
C06703,Uttar Pradesh,North,3,16877.82,1732.6,2025-08-07,2025-12-06,25,4.8,2,5,4,2,2,New / promising,Active
C03507,Gujarat,West,4,16884.76,1587.85,2024-11-07,2025-05-28,217,3.3,1,6,2,3,2,At risk,Churned
C05577,West Bengal,East,4,16891.32,2781.36,2025-11-07,2025-12-05,26,4.5,0,4,4,3,2,Loyal,Active
C05925,Odisha,East,7,16895.69,3854.3,2024-07-15,2024-12-27,369,5.6,2,7,1,4,2,At risk,Churned
C02830,Gujarat,West,3,16905.88,-5282.57,2025-05-17,2025-12-31,0,3.4,1,5,5,2,2,New / promising,Active
C03057,Maharashtra,West,1,16908.64,360.55,2025-07-07,2025-07-07,177,2.0,1,1,2,1,2,Low value / lost,Churned
C04746,Delhi,North,1,16908.64,338.05,2024-11-08,2024-11-08,418,3.0,0,1,1,1,2,Low value / lost,Churned
C07865,West Bengal,East,2,16923.26,-1038.27,2024-12-07,2025-09-17,105,4.3,0,3,3,2,2,Low value / lost,Churned
C09432,Maharashtra,West,3,16940.54,2920.38,2025-09-22,2025-12-07,24,2.7,0,3,4,2,2,New / promising,Active
C09106,Maharashtra,West,5,16973.52,2817.65,2024-08-15,2025-05-26,219,2.2,0,5,2,3,2,At risk,Churned
C04157,Rajasthan,North,1,16977.18,2036.53,2025-01-19,2025-01-19,346,2.0,0,1,1,1,2,Low value / lost,Churned
C05065,Delhi,North,1,16977.18,2039.12,2025-05-07,2025-05-07,238,2.0,0,1,2,1,2,Low value / lost,Churned
C02236,Delhi,North,9,16991.69,5722.87,2024-06-19,2025-11-24,37,1.9,2,11,4,4,2,Champions,Active
C06379,Uttar Pradesh,North,5,17005.51,4141.68,2025-06-22,2025-11-12,49,2.8,0,6,3,3,2,Loyal,Active
C04252,Uttar Pradesh,North,7,17012.26,3968.4,2024-03-23,2025-12-16,15,3.5,1,11,5,4,2,Champions,Active
C03314,Delhi,North,2,17021.84,4387.15,2024-09-14,2024-10-16,441,3.0,1,3,1,2,2,Low value / lost,Churned
C02489,Gujarat,West,5,17025.22,1900.43,2025-02-24,2025-12-30,1,3.0,1,9,5,3,2,Loyal,Active
C01080,Rajasthan,North,2,17034.8,418.21,2024-04-10,2024-08-25,493,4.5,0,2,1,2,2,Low value / lost,Churned
C02362,Tamil Nadu,South,3,17043.98,2587.26,2025-06-29,2025-12-12,19,2.4,1,5,4,2,2,New / promising,Active
C05154,Maharashtra,West,7,17073.0,46.25,2024-04-04,2025-05-27,218,2.4,0,8,2,4,2,At risk,Churned
C00665,Tamil Nadu,South,3,17074.17,3229.65,2024-08-16,2025-04-06,269,2.5,1,4,2,2,2,Low value / lost,Churned
C04341,Maharashtra,West,3,17092.62,1552.38,2024-11-23,2025-05-13,232,2.8,1,5,2,2,2,Low value / lost,Churned
C05487,Maharashtra,West,8,17096.74,2737.07,2024-03-05,2025-08-23,130,2.6,1,11,2,4,2,At risk,Churned
C06798,Uttar Pradesh,North,1,17104.5,7057.17,2025-05-28,2025-05-28,217,3.0,0,1,2,1,2,Low value / lost,Churned
C06434,Uttar Pradesh,North,5,17109.86,242.66,2024-05-31,2025-11-18,43,3.3,0,7,4,3,2,Loyal,Active
C03466,Karnataka,South,4,17115.22,1190.26,2024-12-02,2025-11-15,46,3.2,0,5,4,3,2,Loyal,Active
C00727,Delhi,North,6,17115.88,6176.12,2024-04-06,2025-12-06,25,2.2,0,6,4,3,2,Loyal,Active
C09640,Gujarat,West,2,17129.69,1250.57,2025-08-01,2025-09-25,97,2.0,0,2,3,2,2,Low value / lost,Churned
C03413,Kerala,South,5,17151.73,5465.36,2024-01-16,2024-11-03,423,4.1,1,7,1,3,2,At risk,Churned
C02317,Karnataka,South,5,17154.07,4246.97,2024-04-09,2024-09-21,466,2.8,0,6,1,3,2,At risk,Churned
C02858,West Bengal,East,2,17163.29,12.02,2025-04-06,2025-11-05,56,6.5,0,2,3,2,2,Low value / lost,Active
C07314,Delhi,North,7,17169.47,523.34,2024-10-03,2025-11-01,60,2.4,1,8,3,4,2,Loyal,Active
C09544,Madhya Pradesh,Central,1,17173.74,2867.11,2025-07-30,2025-07-30,154,6.0,0,1,2,1,2,Low value / lost,Churned
C09395,Kerala,South,2,17212.52,2532.65,2025-03-31,2025-06-30,184,3.7,1,3,2,2,2,Low value / lost,Churned
C08516,Rajasthan,North,5,17212.74,3123.54,2025-06-05,2025-10-19,73,4.1,0,7,3,3,2,Loyal,Active
C08850,Rajasthan,North,7,17219.7,4331.47,2024-01-29,2025-06-20,194,3.9,2,9,2,4,2,At risk,Churned
C05132,Delhi,North,2,17220.75,1437.35,2024-05-09,2024-05-16,594,3.5,0,2,1,2,2,Low value / lost,Churned
C10029,Karnataka,South,5,17222.59,5018.42,2024-10-17,2025-04-19,256,3.0,0,6,2,3,2,At risk,Churned
C04604,Delhi,North,2,17228.45,1269.44,2024-08-16,2025-12-24,7,1.8,0,4,5,2,2,New / promising,Active
C10811,Delhi,North,5,17236.3,4856.86,2025-03-13,2025-11-24,37,1.5,0,8,4,3,2,Loyal,Active
C11713,Karnataka,South,6,17239.43,5305.03,2024-06-24,2025-11-04,57,3.1,2,9,3,3,2,Loyal,Active
C11594,Tamil Nadu,South,2,17242.99,2450.56,2024-08-19,2025-04-21,254,1.5,0,2,2,2,2,Low value / lost,Churned
C02661,Maharashtra,West,3,17247.74,1541.43,2024-08-20,2025-03-15,291,2.3,0,6,1,2,2,Low value / lost,Churned
C10620,Maharashtra,West,2,17263.81,-734.38,2025-03-27,2025-07-25,159,2.0,0,4,2,2,2,Low value / lost,Churned
C09473,Bihar,East,5,17275.32,4996.98,2024-10-11,2024-10-23,434,6.5,1,8,1,3,2,At risk,Churned
C05332,Tamil Nadu,South,1,17288.16,2287.27,2025-04-02,2025-04-02,273,2.0,1,1,2,1,2,Low value / lost,Churned
C06340,Karnataka,South,3,17293.19,1211.89,2025-03-03,2025-11-11,50,3.0,1,4,3,2,2,Low value / lost,Active
C04233,Bihar,East,2,17293.64,2994.13,2024-07-10,2025-11-27,34,5.5,1,2,4,2,2,New / promising,Active
C00613,Telangana,South,4,17300.35,-3665.84,2024-11-06,2025-10-29,63,2.0,0,6,3,3,2,Loyal,Active
C06378,Uttar Pradesh,North,3,17305.34,-93.65,2024-11-14,2025-08-11,142,3.0,0,4,2,2,2,Low value / lost,Churned
C11888,Uttar Pradesh,North,5,17310.8,6465.82,2024-02-05,2025-04-12,263,2.7,0,6,2,3,2,At risk,Churned
C04623,Uttar Pradesh,North,4,17316.68,7289.44,2024-07-21,2025-05-03,242,3.7,0,6,2,3,2,At risk,Churned
C04380,Tamil Nadu,South,3,17340.67,537.76,2024-06-21,2025-06-19,195,2.0,0,3,2,2,2,Low value / lost,Churned
C03792,Uttar Pradesh,North,1,17345.41,4451.9,2025-08-17,2025-08-17,136,3.0,0,3,2,1,2,Low value / lost,Churned
C09446,Karnataka,South,2,17373.07,6321.47,2025-05-22,2025-07-23,161,2.3,0,3,2,2,2,Low value / lost,Churned
C04715,Uttar Pradesh,North,5,17387.33,5504.19,2025-06-29,2025-12-08,23,3.4,0,7,4,3,2,Loyal,Active
C05526,Delhi,North,3,17389.69,2606.58,2025-01-28,2025-11-28,33,2.8,0,4,4,2,2,New / promising,Active
C00703,West Bengal,East,3,17403.25,2201.0,2024-09-24,2025-07-26,158,5.0,1,3,2,2,2,Low value / lost,Churned
C05461,Karnataka,South,2,17413.58,7064.09,2025-07-08,2025-12-18,13,3.0,1,2,5,2,2,New / promising,Active
C08555,Uttar Pradesh,North,8,17424.15,5139.02,2024-01-26,2024-10-31,426,4.0,1,12,1,4,2,At risk,Churned
C11488,Maharashtra,West,1,17424.64,3702.43,2025-07-21,2025-07-21,163,2.0,0,3,2,1,2,Low value / lost,Churned
C08934,Maharashtra,West,1,17438.75,3257.75,2025-05-26,2025-05-26,219,3.0,1,3,2,1,2,Low value / lost,Churned
C00355,Delhi,North,2,17462.38,2665.67,2025-10-29,2025-10-29,63,4.0,1,4,3,2,2,Low value / lost,Active
C04543,Telangana,South,2,17477.41,-925.02,2024-04-24,2025-11-02,59,2.0,0,2,3,2,2,Low value / lost,Active
C09244,Madhya Pradesh,Central,3,17490.09,2211.92,2024-12-17,2025-07-22,162,5.0,0,3,2,2,2,Low value / lost,Churned
C10002,Rajasthan,North,3,17518.14,776.86,2025-01-01,2025-11-28,33,4.0,1,5,4,2,2,New / promising,Active
C11123,Maharashtra,West,1,17523.68,2282.8,2025-12-23,2025-12-23,8,2.0,0,2,5,1,2,New / promising,Active
C06358,West Bengal,East,2,17525.28,2724.21,2025-11-10,2025-12-26,5,5.5,0,2,5,2,2,New / promising,Active
C08658,Delhi,North,5,17527.4,4907.49,2024-12-05,2025-10-23,69,2.0,1,8,3,3,2,Loyal,Active
C05450,Maharashtra,West,1,17533.58,1279.47,2024-12-20,2024-12-20,376,5.0,0,1,1,1,2,Low value / lost,Churned
C07744,Maharashtra,West,2,17540.18,2126.28,2025-02-28,2025-05-26,219,4.2,0,5,2,2,2,Low value / lost,Churned
C11735,Tamil Nadu,South,2,17571.14,1584.34,2025-01-02,2025-03-16,290,3.0,1,2,1,2,2,Low value / lost,Churned
C00735,Maharashtra,West,1,17575.56,-13.5,2024-09-18,2024-09-18,469,3.0,0,1,1,1,2,Low value / lost,Churned
C07249,Karnataka,South,1,17575.56,-6.22,2025-11-14,2025-11-14,47,2.0,0,1,3,1,2,Low value / lost,Active
C11917,Kerala,South,1,17594.54,-6596.48,2025-12-01,2025-12-01,30,3.0,1,2,4,1,2,New / promising,Active
C03186,Telangana,South,2,17607.51,824.29,2024-10-15,2024-12-15,381,2.0,1,4,1,2,2,Low value / lost,Churned
C01038,Rajasthan,North,6,17618.42,6035.5,2024-05-23,2025-06-25,189,4.5,2,8,2,3,2,At risk,Churned
C07926,Rajasthan,North,1,17632.17,4270.55,2024-03-25,2024-03-25,646,4.0,0,2,1,1,2,Low value / lost,Churned
C06190,Maharashtra,West,3,17645.39,2975.92,2025-07-04,2025-09-30,92,2.0,1,4,3,2,2,Low value / lost,Churned
C02193,Tamil Nadu,South,2,17654.61,4918.72,2025-02-01,2025-08-04,149,1.7,1,3,2,2,2,Low value / lost,Churned
C05690,Maharashtra,West,3,17656.41,6674.82,2025-07-13,2025-08-06,147,3.0,0,4,2,2,2,Low value / lost,Churned
C07156,Telangana,South,3,17703.65,3365.35,2024-11-16,2024-12-20,376,2.5,1,4,1,2,2,Low value / lost,Churned
C11625,Rajasthan,North,3,17704.2,6031.8,2025-10-02,2025-12-18,13,3.3,0,3,5,2,2,New / promising,Active
C09683,Rajasthan,North,7,17709.94,3212.17,2024-06-22,2025-09-27,95,5.0,1,7,3,4,2,Loyal,Churned
C08514,Karnataka,South,5,17720.33,5533.95,2024-08-27,2025-11-18,43,3.0,1,6,4,3,2,Loyal,Active
C00392,Delhi,North,5,17724.86,4716.23,2024-09-21,2025-10-08,84,2.6,3,10,3,3,2,Loyal,Active
C11853,Karnataka,South,3,17725.54,-9370.1,2025-06-25,2025-11-06,55,2.5,1,4,3,2,2,Low value / lost,Active
C03622,Kerala,South,1,17733.92,4887.82,2025-10-01,2025-10-01,91,5.0,0,3,3,1,2,Low value / lost,Churned
C07360,Tamil Nadu,South,3,17745.84,6104.38,2024-11-04,2025-07-29,155,3.0,1,6,2,2,2,Low value / lost,Churned
C09803,Gujarat,West,5,17760.92,-2586.73,2024-12-20,2025-12-15,16,2.9,0,9,5,3,2,Loyal,Active
C09097,Delhi,North,3,17780.1,2495.82,2025-06-29,2025-10-31,61,2.6,0,5,3,2,2,Low value / lost,Active
C08258,Delhi,North,2,17787.82,-949.3,2024-11-06,2025-12-10,21,2.7,0,3,4,2,2,New / promising,Active
C10942,West Bengal,East,6,17808.33,3213.89,2025-02-18,2025-12-13,18,5.3,2,6,5,3,2,Loyal,Active
C02612,Karnataka,South,1,17809.52,1079.88,2025-05-30,2025-05-30,215,2.0,1,1,2,1,2,Low value / lost,Churned
C08657,Uttar Pradesh,North,10,17860.18,3810.6,2024-10-14,2025-12-07,24,3.0,2,11,4,4,2,Champions,Active
C00395,West Bengal,East,3,17863.02,2623.62,2025-04-12,2025-06-22,192,5.0,0,3,2,2,2,Low value / lost,Churned
C05936,Karnataka,South,3,17864.45,5056.83,2025-04-03,2025-08-23,130,4.2,1,5,2,2,2,Low value / lost,Churned
C01535,Karnataka,South,7,17865.8,5466.62,2024-05-28,2024-12-25,371,2.3,1,8,1,4,2,At risk,Churned
C04151,Maharashtra,West,5,17886.21,5483.33,2025-05-03,2025-11-14,47,3.0,0,6,3,3,2,Loyal,Active
C06144,Karnataka,South,5,17901.33,1001.12,2025-01-08,2025-10-04,88,1.6,1,5,3,3,2,Loyal,Active
C05998,Telangana,South,7,17907.27,5153.26,2024-11-21,2025-09-17,105,2.5,1,12,3,4,2,Loyal,Churned
C09441,Tamil Nadu,South,1,17912.94,-3510.57,2025-08-01,2025-08-01,152,2.0,0,2,2,1,2,Low value / lost,Churned
C03309,Delhi,North,4,17925.61,6686.92,2025-03-10,2025-11-26,35,2.0,1,7,4,3,2,Loyal,Active
C02352,Karnataka,South,5,17928.89,3776.62,2024-11-08,2025-12-03,28,3.3,0,8,4,3,2,Loyal,Active
C09212,Odisha,East,1,17934.09,914.88,2025-02-13,2025-02-13,321,8.0,0,2,1,1,2,Low value / lost,Churned
C08965,Kerala,South,4,17950.79,1073.11,2024-03-06,2025-09-13,109,3.0,0,5,3,3,2,Loyal,Churned
C10230,Gujarat,West,7,17972.37,-3778.3,2024-05-11,2025-08-18,135,3.3,0,8,2,4,2,At risk,Churned
C02955,Odisha,East,13,17994.65,4661.37,2024-04-22,2025-10-19,73,5.4,0,18,3,5,2,Loyal,Active
C00758,Rajasthan,North,2,18005.46,-9436.33,2024-10-31,2024-11-15,411,4.0,1,2,1,2,2,Low value / lost,Churned
C04187,Rajasthan,North,4,18031.97,855.98,2024-08-29,2024-11-02,424,3.9,0,8,1,3,2,At risk,Churned
C00723,Kerala,South,4,18038.95,3951.88,2025-08-02,2025-11-30,31,3.7,0,7,4,3,2,Loyal,Active
C05764,Gujarat,West,6,18071.57,5230.21,2024-02-23,2025-06-07,207,3.7,2,9,2,3,2,At risk,Churned
C00914,Telangana,South,10,18094.33,3787.66,2024-01-27,2024-12-14,382,2.8,2,12,1,4,2,At risk,Churned
C11432,Uttar Pradesh,North,4,18115.15,-2121.87,2025-04-23,2025-12-10,21,3.6,0,7,4,3,2,Loyal,Active
C00951,Tamil Nadu,South,4,18117.95,2096.35,2025-07-04,2025-11-26,35,3.0,0,4,4,3,2,Loyal,Active
C01024,Maharashtra,West,4,18124.0,1721.2,2025-06-30,2025-12-23,8,2.4,0,5,5,3,2,Loyal,Active
C06333,Rajasthan,North,5,18141.85,5072.67,2024-08-12,2025-12-05,26,3.9,0,8,4,3,2,Loyal,Active
C02023,Maharashtra,West,1,18146.64,3032.13,2025-12-25,2025-12-25,6,3.0,0,2,5,1,2,New / promising,Active
C10355,Delhi,North,2,18154.67,1284.1,2024-02-10,2024-09-08,479,2.5,0,2,1,2,2,Low value / lost,Churned
C06218,Delhi,North,2,18157.0,4645.99,2024-08-06,2025-06-23,191,1.5,0,2,2,2,2,Low value / lost,Churned
C01612,Kerala,South,1,18157.94,3976.5,2025-12-31,2025-12-31,0,4.0,0,2,5,1,2,New / promising,Active
C04200,Maharashtra,West,2,18179.5,1943.95,2024-12-18,2025-05-22,223,2.3,1,4,2,2,2,Low value / lost,Churned
C11884,Bihar,East,5,18206.83,2656.61,2024-11-29,2025-09-07,115,7.8,0,6,2,3,2,At risk,Churned
C11752,Maharashtra,West,3,18223.96,2866.64,2024-11-17,2025-11-10,51,2.6,1,7,3,2,2,Low value / lost,Active
C01185,Gujarat,West,7,18234.1,6177.66,2025-06-01,2025-12-28,3,3.0,0,8,5,4,2,Champions,Active
C04257,Delhi,North,4,18241.84,2145.01,2025-08-20,2025-12-21,10,1.8,0,4,5,3,2,Loyal,Active
C02542,Telangana,South,4,18247.77,1691.37,2024-12-24,2025-12-14,17,3.2,0,6,5,3,2,Loyal,Active
C08885,Assam,Northeast,3,18266.32,6384.26,2025-01-03,2025-09-18,104,7.0,0,3,3,2,2,Low value / lost,Churned
C03607,Maharashtra,West,6,18275.12,7050.43,2024-11-20,2025-09-10,112,2.3,1,7,2,3,2,At risk,Churned
C11235,Delhi,North,9,18290.21,7145.78,2024-11-05,2025-11-28,33,2.7,1,12,4,4,2,Champions,Active
C02114,Rajasthan,North,8,18292.96,-2339.95,2024-05-08,2025-10-02,90,3.8,1,8,3,4,2,Loyal,Active
C02985,Maharashtra,West,3,18307.2,753.73,2024-10-01,2025-11-13,48,3.8,1,5,3,2,2,Low value / lost,Active
C11468,Karnataka,South,2,18313.93,2077.2,2025-04-06,2025-12-10,21,3.3,0,3,4,2,2,New / promising,Active
C11366,Maharashtra,West,8,18318.97,-1141.04,2024-01-27,2025-12-07,24,2.8,0,10,4,4,2,Champions,Active
C07283,Gujarat,West,8,18332.47,3059.56,2024-01-26,2024-07-10,539,4.1,1,12,1,4,2,At risk,Churned
C04274,Delhi,North,2,18340.93,772.13,2024-04-14,2024-04-15,625,1.5,1,2,1,2,2,Low value / lost,Churned
C10977,West Bengal,East,11,18345.84,3299.96,2024-01-19,2025-12-11,20,5.8,1,14,4,4,2,Champions,Active
C10497,Maharashtra,West,2,18365.58,4176.8,2025-11-03,2025-12-06,25,1.7,0,3,4,2,2,New / promising,Active
C11231,Karnataka,South,5,18381.71,1270.2,2025-08-10,2025-12-22,9,2.0,1,5,5,3,2,Loyal,Active
C09400,Kerala,South,7,18381.92,1453.88,2024-10-06,2025-11-16,45,3.1,0,11,4,4,2,Champions,Active
C03195,Uttar Pradesh,North,1,18391.0,-7313.43,2024-08-04,2024-08-04,514,3.0,2,3,1,1,2,Low value / lost,Churned
C04624,Uttar Pradesh,North,8,18395.58,2533.23,2024-12-15,2025-11-23,38,3.1,2,12,4,4,2,Champions,Active
C10178,Delhi,North,3,18402.98,2432.26,2025-08-30,2025-12-06,25,2.5,1,6,4,2,2,New / promising,Active
C10617,Maharashtra,West,3,18405.21,2989.82,2024-04-24,2024-06-28,551,2.7,0,3,1,2,2,Low value / lost,Churned
C00523,Delhi,North,3,18405.76,-418.33,2024-12-31,2025-03-03,303,2.6,1,5,1,2,2,Low value / lost,Churned
C05124,Karnataka,South,8,18406.68,5928.75,2024-08-28,2025-07-21,163,2.0,1,13,2,4,2,At risk,Churned
C11514,Telangana,South,5,18408.79,3108.02,2025-08-11,2025-11-30,31,2.5,0,6,4,3,2,Loyal,Active
C01556,Maharashtra,West,1,18442.94,-2053.6,2025-11-19,2025-11-19,42,4.0,0,1,4,1,2,New / promising,Active
C02841,Maharashtra,West,7,18445.21,1129.38,2024-10-06,2025-12-07,24,3.2,1,10,4,4,2,Champions,Active
C04042,Maharashtra,West,3,18445.92,1960.06,2024-12-27,2025-08-26,127,2.3,1,3,2,2,2,Low value / lost,Churned
C06500,Maharashtra,West,3,18448.9,3050.44,2024-10-24,2025-01-09,356,3.3,0,3,1,2,2,Low value / lost,Churned
C01734,Maharashtra,West,6,18471.61,3194.61,2025-05-05,2025-12-13,18,2.2,0,6,4,3,2,Loyal,Active
C05743,Karnataka,South,7,18478.22,-1545.07,2024-08-10,2025-05-05,240,2.3,1,9,2,4,2,At risk,Churned
C04835,Gujarat,West,6,18486.18,-1292.25,2025-06-13,2025-11-25,36,2.4,0,8,4,3,2,Loyal,Active
C04876,Uttar Pradesh,North,1,18507.67,2263.76,2025-02-16,2025-02-16,318,4.0,0,1,1,1,2,Low value / lost,Churned
C01016,Gujarat,West,2,18513.37,2862.92,2024-11-10,2025-11-17,44,2.0,0,2,4,2,2,New / promising,Active
C07535,Madhya Pradesh,Central,1,18551.98,926.67,2024-09-21,2024-09-21,466,5.0,0,1,1,1,2,Low value / lost,Churned
C03109,Tamil Nadu,South,1,18558.13,1806.45,2024-08-30,2024-08-30,488,3.0,1,1,1,1,2,Low value / lost,Churned
C10370,Telangana,South,3,18561.73,5602.63,2024-11-25,2025-09-01,121,2.3,1,3,2,2,2,Low value / lost,Churned
C10145,Gujarat,West,5,18587.2,3903.1,2025-03-11,2025-10-03,89,2.2,0,5,3,3,2,Loyal,Active
C07514,Uttar Pradesh,North,8,18611.38,5042.89,2024-06-15,2025-08-28,125,3.6,0,10,2,4,2,At risk,Churned
C11266,Karnataka,South,6,18615.39,6628.18,2024-10-12,2025-07-30,154,2.2,2,9,2,3,2,At risk,Churned
C05572,Maharashtra,West,2,18627.81,-11541.89,2025-05-11,2025-10-05,87,2.7,2,3,3,2,2,Low value / lost,Active
C10298,Maharashtra,West,1,18644.88,2344.02,2025-09-08,2025-09-08,114,1.0,1,3,2,1,2,Low value / lost,Churned
C00770,Madhya Pradesh,Central,7,18647.82,5019.8,2024-04-09,2024-10-07,450,4.4,1,13,1,4,2,At risk,Churned
C04127,Karnataka,South,2,18684.72,-954.53,2025-08-02,2025-10-12,80,1.7,0,3,3,2,2,Low value / lost,Active
C01693,Gujarat,West,4,18685.97,3324.9,2024-11-03,2025-10-09,83,2.8,0,6,3,3,2,Loyal,Active
C03878,Uttar Pradesh,North,2,18692.97,1367.49,2025-04-07,2025-09-14,108,4.5,0,2,3,2,2,Low value / lost,Churned
C09844,Delhi,North,3,18723.61,-877.96,2024-11-17,2024-12-26,370,1.3,0,4,1,2,2,Low value / lost,Churned
C07277,Uttar Pradesh,North,3,18735.99,4833.62,2024-11-24,2025-08-29,124,5.0,2,4,2,2,2,Low value / lost,Churned
C05722,Maharashtra,West,1,18746.86,2021.14,2025-07-26,2025-07-26,158,1.0,0,1,2,1,2,Low value / lost,Churned
C03193,Maharashtra,West,1,18746.86,2025.88,2024-05-03,2024-05-03,607,1.0,0,1,1,1,2,Low value / lost,Churned
C04376,Maharashtra,West,1,18746.86,2002.77,2024-10-26,2024-10-26,431,3.0,0,1,1,1,2,Low value / lost,Churned
C00302,Tamil Nadu,South,5,18750.95,5781.83,2024-02-10,2024-11-11,415,3.5,0,6,1,3,2,At risk,Churned
C10613,Karnataka,South,5,18773.06,2991.92,2025-04-05,2025-11-30,31,2.9,1,7,4,3,3,Loyal,Active
C09423,Odisha,East,1,18777.46,1400.4,2024-10-11,2024-10-11,446,4.0,0,3,1,1,3,Low value / lost,Churned
C05203,Madhya Pradesh,Central,2,18778.45,-8766.17,2024-10-13,2025-10-28,64,3.0,1,3,3,2,3,Low value / lost,Active
C01056,Maharashtra,West,6,18796.5,5756.97,2025-03-10,2025-12-05,26,2.3,3,7,4,3,3,Loyal,Active
C07289,Maharashtra,West,3,18809.59,1071.64,2025-03-28,2025-11-21,40,3.6,1,5,4,2,3,New / promising,Active
C01296,Rajasthan,North,4,18846.57,2441.45,2024-03-25,2025-12-28,3,4.5,0,6,5,3,3,Loyal,Active
C05037,Rajasthan,North,1,18859.32,1654.92,2025-03-13,2025-03-13,293,5.0,0,3,1,1,3,Low value / lost,Churned
C10897,Delhi,North,4,18891.24,2761.94,2025-01-11,2025-11-23,38,2.2,2,6,4,3,3,Loyal,Active
C10051,Kerala,South,1,18894.38,3183.76,2025-04-22,2025-04-22,253,3.0,1,2,2,1,3,Low value / lost,Churned
C11386,Tamil Nadu,South,6,18913.24,5759.87,2024-10-24,2025-12-11,20,3.2,0,10,4,3,3,Loyal,Active
C01496,Delhi,North,5,18920.05,6175.05,2024-11-24,2025-02-27,307,2.1,1,7,1,3,3,At risk,Churned
C07477,Tamil Nadu,South,2,18924.18,297.36,2024-11-09,2025-03-30,276,2.5,0,2,1,2,3,Low value / lost,Churned
C07783,Delhi,North,4,18929.38,-4771.77,2024-04-10,2025-08-10,143,2.5,2,4,2,3,3,At risk,Churned
C06513,Delhi,North,4,18932.16,4327.6,2024-07-15,2025-10-09,83,2.5,0,6,3,3,3,Loyal,Active
C10827,Maharashtra,West,5,18940.2,2335.12,2024-09-22,2025-12-10,21,2.6,0,8,4,3,3,Loyal,Active
C01464,Delhi,North,2,18945.06,1397.51,2025-10-05,2025-11-11,50,1.3,0,3,3,2,3,Low value / lost,Active
C03030,Uttar Pradesh,North,3,18953.45,7252.72,2024-11-06,2025-12-30,1,3.6,0,5,5,2,3,New / promising,Active
C05907,Madhya Pradesh,Central,4,19010.45,4552.77,2025-07-17,2025-12-22,9,3.6,0,5,5,3,3,Loyal,Active
C09724,Rajasthan,North,3,19034.29,2822.39,2024-11-23,2025-03-16,290,4.0,0,5,1,2,3,Low value / lost,Churned
C05190,West Bengal,East,5,19076.95,2587.99,2025-01-26,2025-12-10,21,3.9,0,7,4,3,3,Loyal,Active
C10288,West Bengal,East,4,19107.67,2619.37,2024-06-26,2025-09-08,114,4.6,0,7,2,3,3,At risk,Churned
C04335,Karnataka,South,9,19110.47,4371.75,2024-10-03,2025-11-11,50,2.2,0,11,3,4,3,Loyal,Active
C02501,Maharashtra,West,2,19112.12,2300.85,2025-04-17,2025-04-28,247,3.0,0,2,2,2,3,Low value / lost,Churned
C02185,Gujarat,West,3,19128.43,6573.21,2024-07-19,2025-09-10,112,2.0,1,3,2,2,3,Low value / lost,Churned
C07295,Karnataka,South,5,19166.88,5127.4,2025-03-27,2025-10-05,87,3.3,2,7,3,3,3,Loyal,Active
C02555,Maharashtra,West,3,19213.09,4695.09,2024-12-22,2025-11-22,39,2.4,0,5,4,2,3,New / promising,Active
C09251,Tamil Nadu,South,3,19221.83,2420.85,2025-06-27,2025-11-22,39,3.2,0,5,4,2,3,New / promising,Active
C11330,Telangana,South,3,19243.3,3600.21,2024-05-07,2025-05-27,218,2.7,3,6,2,2,3,Low value / lost,Churned
C04718,Rajasthan,North,4,19245.38,2857.99,2025-06-30,2025-11-30,31,5.3,1,4,4,3,3,Loyal,Active
C07774,Delhi,North,1,19267.84,873.28,2025-07-27,2025-07-27,157,2.0,1,2,2,1,3,Low value / lost,Churned
C06735,Uttar Pradesh,North,3,19269.33,1520.25,2025-06-08,2025-09-13,109,4.3,0,4,2,2,3,Low value / lost,Churned
C02090,Karnataka,South,2,19283.61,7399.71,2024-03-25,2024-05-12,598,3.0,2,2,1,2,3,Low value / lost,Churned
C01208,Delhi,North,3,19287.01,1410.07,2024-11-28,2025-11-11,50,2.2,1,5,3,2,3,Low value / lost,Active
C09119,Assam,Northeast,8,19294.32,5306.7,2024-11-07,2025-11-18,43,7.6,2,12,4,4,3,Champions,Active
C11513,Uttar Pradesh,North,2,19296.42,1972.36,2025-06-26,2025-07-19,165,4.5,0,2,2,2,3,Low value / lost,Churned
C04054,Telangana,South,13,19303.17,4405.72,2025-03-07,2025-12-14,17,3.4,2,16,5,5,3,Champions,Active
C04931,Maharashtra,West,1,19324.34,-7135.99,2025-05-25,2025-05-25,220,1.0,0,1,2,1,3,Low value / lost,Churned
C11890,Tamil Nadu,South,2,19325.14,-6641.92,2024-12-26,2025-03-17,289,4.5,0,2,1,2,3,Low value / lost,Churned
C05754,Uttar Pradesh,North,6,19333.71,6048.38,2024-09-11,2024-10-25,432,3.3,0,7,1,3,3,At risk,Churned
C04859,Rajasthan,North,6,19344.76,5856.91,2024-03-18,2024-11-01,425,3.9,3,9,1,3,3,At risk,Churned
C07941,Tamil Nadu,South,3,19354.72,3641.09,2025-04-24,2025-10-09,83,3.6,0,5,3,2,3,Low value / lost,Active
C00752,Tamil Nadu,South,2,19399.25,1892.18,2025-09-07,2025-09-07,115,3.4,1,5,2,2,3,Low value / lost,Churned
C07045,Assam,Northeast,3,19417.17,227.17,2025-07-22,2025-11-03,58,7.0,0,3,3,2,3,Low value / lost,Active
C08358,Gujarat,West,7,19429.51,7058.83,2024-10-08,2025-12-01,30,2.9,1,8,4,4,3,Champions,Active
C08056,Rajasthan,North,4,19436.22,5150.7,2024-10-25,2025-11-01,60,4.3,2,8,3,3,3,Loyal,Active
C11182,Maharashtra,West,4,19443.94,-9247.37,2025-04-29,2025-12-17,14,1.5,0,4,5,3,3,Loyal,Active
C07202,Karnataka,South,3,19457.28,102.97,2024-10-15,2024-12-03,393,2.0,0,3,1,2,3,Low value / lost,Churned
C03944,West Bengal,East,2,19476.6,1665.97,2025-06-23,2025-09-20,102,6.8,0,4,3,2,3,Low value / lost,Churned
C03914,Kerala,South,5,19478.45,5091.25,2025-06-30,2025-12-25,6,2.3,0,9,5,3,3,Loyal,Active
C01593,Kerala,South,1,19481.25,44.22,2025-04-06,2025-04-06,269,3.0,0,1,2,1,3,Low value / lost,Churned
C01111,Telangana,South,2,19486.88,520.27,2025-11-29,2025-12-04,27,3.3,0,4,4,2,3,New / promising,Active
C01295,Kerala,South,3,19509.81,-310.86,2025-08-01,2025-11-19,42,3.8,1,5,4,2,3,New / promising,Active
C02811,Gujarat,West,1,19528.4,1925.82,2025-07-14,2025-07-14,170,4.0,0,1,2,1,3,Low value / lost,Churned
C06381,Delhi,North,10,19533.11,4421.58,2024-10-10,2025-02-25,309,1.8,0,12,1,4,3,At risk,Churned
C02384,Assam,Northeast,1,19560.52,2814.24,2025-05-10,2025-05-10,235,7.0,0,3,2,1,3,Low value / lost,Churned
C07423,Rajasthan,North,4,19571.75,1046.13,2024-09-01,2024-11-22,404,4.9,0,8,1,3,3,At risk,Churned
C09634,Madhya Pradesh,Central,3,19582.71,2377.8,2025-04-03,2025-06-09,205,4.0,0,4,2,2,3,Low value / lost,Churned
C10691,Maharashtra,West,9,19604.49,4156.88,2024-10-14,2025-11-20,41,2.5,1,11,4,4,3,Champions,Active
C09093,Maharashtra,West,4,19621.63,3385.1,2024-11-21,2025-01-30,335,3.5,1,6,1,3,3,At risk,Churned
C10760,Karnataka,South,5,19627.48,3563.93,2024-05-12,2025-11-21,40,2.1,0,7,4,3,3,Loyal,Active
C06330,Uttar Pradesh,North,3,19630.14,2965.3,2025-09-20,2025-12-25,6,3.3,1,6,5,2,3,New / promising,Active
C02175,Gujarat,West,1,19633.14,-4732.36,2025-12-02,2025-12-02,29,2.0,0,1,4,1,3,New / promising,Active
C01997,Uttar Pradesh,North,2,19647.74,1500.0,2024-04-20,2024-05-10,600,3.7,1,3,1,2,3,Low value / lost,Churned
C08756,Maharashtra,West,4,19653.63,6487.64,2025-07-08,2025-12-23,8,2.5,2,6,5,3,3,Loyal,Active
C06545,Bihar,East,4,19684.36,3554.04,2025-01-24,2025-06-13,201,6.5,1,4,2,3,3,At risk,Churned
C07220,Tamil Nadu,South,5,19697.87,4003.08,2025-03-04,2025-12-31,0,3.4,1,5,5,3,3,Loyal,Active
C01425,Madhya Pradesh,Central,7,19699.83,6061.26,2024-12-30,2025-09-17,105,3.4,1,8,3,4,3,Loyal,Churned
C00626,Madhya Pradesh,Central,3,19713.65,1709.58,2024-08-12,2024-10-02,455,3.3,0,3,1,2,3,Low value / lost,Churned
C08267,Karnataka,South,4,19715.01,-14.58,2025-03-11,2025-11-22,39,3.0,0,5,4,3,3,Loyal,Active
C10193,Maharashtra,West,4,19748.07,7002.56,2024-10-15,2024-12-02,394,2.4,4,5,1,3,3,At risk,Churned
C11269,Maharashtra,West,4,19764.87,1937.13,2024-04-19,2025-09-25,97,2.2,0,5,3,3,3,Loyal,Churned
C09556,Delhi,North,3,19786.8,1128.88,2024-11-22,2025-11-02,59,2.2,0,5,3,2,3,Low value / lost,Active
C00023,Karnataka,South,5,19798.1,4498.08,2024-09-16,2025-12-29,2,1.8,0,6,5,3,3,Loyal,Active
C05428,Delhi,North,8,19810.24,5898.1,2024-12-04,2025-11-22,39,2.4,0,10,4,4,3,Champions,Active
C11280,Delhi,North,4,19813.17,1585.01,2025-09-01,2025-12-17,14,3.4,0,5,5,3,3,Loyal,Active
C00783,Maharashtra,West,7,19841.35,-193.45,2024-10-22,2025-12-13,18,2.7,2,10,4,4,3,Champions,Active
C09338,Telangana,South,4,19879.88,6053.17,2024-10-01,2025-10-03,89,2.6,2,5,3,3,3,Loyal,Active
C05226,Delhi,North,4,19889.25,3774.09,2025-01-28,2025-10-08,84,1.6,1,5,3,3,3,Loyal,Active
C05350,Gujarat,West,2,19891.13,2126.73,2025-12-26,2025-12-27,4,3.3,1,3,5,2,3,New / promising,Active
C08091,Maharashtra,West,2,19895.06,-12932.89,2025-11-07,2025-12-10,21,2.3,0,3,4,2,3,New / promising,Active
C02348,Telangana,South,5,19896.13,4585.42,2024-12-03,2025-07-31,153,3.5,0,6,2,3,3,At risk,Churned
C08743,Kerala,South,1,19955.92,2240.74,2025-02-24,2025-02-24,310,4.0,0,2,1,1,3,Low value / lost,Churned
C05136,Gujarat,West,6,19963.92,1924.93,2024-05-07,2025-05-12,233,2.8,0,11,2,3,3,At risk,Churned
C01101,Tamil Nadu,South,4,19986.21,3595.26,2025-10-07,2025-12-21,10,3.0,0,4,5,3,3,Loyal,Active
C05545,Tamil Nadu,South,5,19989.71,4641.19,2025-03-18,2025-10-26,66,2.6,0,9,3,3,3,Loyal,Active
C07409,Gujarat,West,5,19989.88,6486.29,2024-08-04,2025-01-02,363,1.9,0,7,1,3,3,At risk,Churned
C04975,Delhi,North,2,19993.7,-2029.5,2025-07-12,2025-12-23,8,4.2,1,5,5,2,3,New / promising,Active
C11741,West Bengal,East,4,20012.37,2886.59,2024-10-13,2025-07-28,156,4.4,0,5,2,3,3,At risk,Churned
C05574,Karnataka,South,4,20026.07,2043.44,2024-11-22,2024-12-22,374,1.8,1,5,1,3,3,At risk,Churned
C01162,West Bengal,East,6,20045.52,5424.82,2025-06-01,2025-12-29,2,5.7,0,10,5,3,3,Loyal,Active
C10632,Delhi,North,5,20063.01,3430.69,2024-06-05,2025-12-21,10,2.5,2,6,5,3,3,Loyal,Active
C05686,Maharashtra,West,2,20074.88,4750.67,2024-11-27,2025-12-25,6,2.6,2,5,5,2,3,New / promising,Active
C03450,Maharashtra,West,2,20077.39,-10874.02,2025-10-31,2025-11-29,32,1.5,0,2,4,2,3,New / promising,Active
C01418,Tamil Nadu,South,3,20105.82,1006.59,2024-12-05,2025-07-02,182,3.3,0,3,2,2,3,Low value / lost,Churned
C00559,Delhi,North,5,20115.45,-3346.16,2024-08-21,2025-10-15,77,2.2,1,5,3,3,3,Loyal,Active
C06696,Telangana,South,2,20123.81,-2985.17,2025-04-22,2025-08-13,140,3.0,1,2,2,2,3,Low value / lost,Churned
C00137,Maharashtra,West,1,20131.1,3175.84,2025-05-12,2025-05-12,233,1.0,0,2,2,1,3,Low value / lost,Churned
C02694,West Bengal,East,1,20165.02,1575.5,2025-09-26,2025-09-26,96,4.0,0,3,3,1,3,Low value / lost,Churned
C05512,Tamil Nadu,South,4,20171.45,1971.72,2025-05-09,2025-10-09,83,3.3,0,6,3,3,3,Loyal,Active
C04518,Tamil Nadu,South,4,20178.71,7287.67,2024-12-17,2025-12-16,15,3.0,0,6,5,3,3,Loyal,Active
C07414,Gujarat,West,2,20184.69,3505.55,2025-04-29,2025-10-04,88,4.0,0,3,3,2,3,Low value / lost,Active
C11786,West Bengal,East,2,20200.29,-12744.87,2024-06-24,2025-07-23,161,5.0,0,3,2,2,3,Low value / lost,Churned
C00872,Bihar,East,9,20200.34,3943.24,2025-02-01,2025-12-30,1,7.2,1,15,5,4,3,Champions,Active
C11168,Karnataka,South,3,20227.12,1547.66,2025-03-04,2025-12-09,22,1.8,2,5,4,2,3,New / promising,Active
C00303,Rajasthan,North,4,20228.99,1451.23,2024-12-01,2025-09-05,117,3.3,0,6,2,3,3,At risk,Churned
C00945,Delhi,North,2,20234.86,-1286.76,2025-03-14,2025-12-17,14,2.2,1,5,5,2,3,New / promising,Active
C03512,Rajasthan,North,4,20257.42,7190.81,2025-01-27,2025-08-27,126,3.7,2,6,2,3,3,At risk,Churned
C05692,West Bengal,East,3,20267.3,-1432.93,2024-01-27,2024-11-01,425,4.5,1,4,1,2,3,Low value / lost,Churned
C00861,Telangana,South,6,20309.58,2814.52,2025-03-05,2025-12-11,20,3.4,0,7,4,3,3,Loyal,Active
C01430,Uttar Pradesh,North,3,20310.48,2299.62,2024-04-06,2024-07-01,548,2.0,1,3,1,2,3,Low value / lost,Churned
C06546,Gujarat,West,1,20322.64,3779.87,2025-11-24,2025-11-24,37,2.0,0,2,4,1,3,New / promising,Active
C09603,Maharashtra,West,3,20323.42,3742.6,2025-03-10,2025-11-27,34,2.3,0,3,4,2,3,New / promising,Active
C00948,Tamil Nadu,South,1,20330.01,1087.21,2024-10-13,2024-10-13,444,2.0,0,1,1,1,3,Low value / lost,Churned
C07481,Rajasthan,North,1,20345.56,6341.19,2025-03-09,2025-03-09,297,4.0,1,3,1,1,3,Low value / lost,Churned
C05020,Karnataka,South,4,20367.04,2624.19,2025-03-20,2025-12-28,3,2.4,0,5,5,3,3,Loyal,Active
C00263,Delhi,North,3,20369.89,2145.33,2024-07-20,2024-11-21,405,1.3,0,4,1,2,3,Low value / lost,Churned
C00280,Maharashtra,West,4,20372.32,1998.77,2025-07-17,2025-10-28,64,2.0,0,5,3,3,3,Loyal,Active
C03632,West Bengal,East,3,20372.81,2378.67,2024-04-30,2024-10-23,434,4.2,2,5,1,2,3,Low value / lost,Churned
C04747,Kerala,South,4,20376.83,1802.69,2024-12-16,2025-11-13,48,3.3,0,4,3,3,3,Loyal,Active
C01278,Kerala,South,1,20377.44,119.18,2025-09-28,2025-09-28,94,5.0,0,3,3,1,3,Low value / lost,Churned
C04037,Maharashtra,West,1,20380.16,2609.28,2025-05-20,2025-05-20,225,2.0,0,3,2,1,3,Low value / lost,Churned
C09363,Telangana,South,2,20396.65,3461.76,2024-10-14,2025-05-28,217,4.3,1,4,2,2,3,Low value / lost,Churned
C01995,Tamil Nadu,South,2,20402.25,-4481.71,2025-05-01,2025-07-06,178,5.0,1,2,2,2,3,Low value / lost,Churned
C00751,Kerala,South,5,20403.65,2387.53,2024-11-02,2025-11-18,43,3.8,0,6,4,3,3,Loyal,Active
C06356,Maharashtra,West,4,20412.44,2685.01,2024-10-02,2025-05-21,224,1.3,1,4,2,3,3,At risk,Churned
C05067,Delhi,North,7,20437.38,4108.8,2025-05-14,2025-12-30,1,2.0,1,9,5,4,3,Champions,Active
C02296,Uttar Pradesh,North,4,20448.98,2056.66,2024-07-24,2025-10-07,85,3.8,0,4,3,3,3,Loyal,Active
C03073,Maharashtra,West,7,20464.75,1229.67,2024-03-06,2025-03-13,293,3.1,1,10,1,4,3,At risk,Churned
C05396,West Bengal,East,3,20465.42,-12864.06,2024-12-13,2025-08-23,130,5.0,0,3,2,2,3,Low value / lost,Churned
C05825,Uttar Pradesh,North,4,20481.06,7230.59,2025-02-28,2025-04-08,267,3.8,0,4,2,3,3,At risk,Churned
C06721,Gujarat,West,4,20532.37,482.57,2024-10-26,2025-04-08,267,3.0,1,8,2,3,3,At risk,Churned
C07807,Tamil Nadu,South,2,20560.87,2858.62,2025-08-23,2025-11-24,37,4.0,0,2,4,2,3,New / promising,Active
C07443,Telangana,South,1,20563.54,1122.33,2025-08-19,2025-08-19,134,3.0,0,1,2,1,3,Low value / lost,Churned
C00764,Delhi,North,5,20569.87,790.67,2025-03-10,2025-12-25,6,2.0,0,6,5,3,3,Loyal,Active
C04562,Telangana,South,4,20572.62,3076.39,2024-04-19,2025-12-19,12,2.0,0,4,5,3,3,Loyal,Active
C08139,West Bengal,East,3,20575.95,8262.07,2025-03-10,2025-11-21,40,5.7,0,6,4,2,3,New / promising,Active
C02152,Tamil Nadu,South,1,20591.49,-336.88,2025-02-25,2025-02-25,309,1.0,0,3,1,1,3,Low value / lost,Churned
C03419,Telangana,South,3,20623.83,1219.84,2025-05-02,2025-10-14,78,3.0,0,3,3,2,3,Low value / lost,Active
C01680,Maharashtra,West,2,20655.9,3192.27,2025-09-24,2025-12-12,19,3.8,0,4,4,2,3,New / promising,Active
C11762,Delhi,North,6,20691.07,1356.25,2025-02-11,2025-12-16,15,1.6,2,7,5,3,3,Loyal,Active
C10174,Bihar,East,3,20694.27,8194.99,2025-04-29,2025-10-09,83,6.3,1,3,3,2,3,Low value / lost,Active
C03569,Tamil Nadu,South,3,20694.85,5656.88,2025-08-08,2025-12-14,17,2.3,1,7,5,2,3,New / promising,Active
C00647,Bihar,East,1,20702.88,3364.84,2024-09-30,2024-09-30,457,6.0,0,1,1,1,3,Low value / lost,Churned
C06595,Odisha,East,1,20775.75,4029.23,2024-07-09,2024-07-09,540,8.0,1,3,1,1,3,Low value / lost,Churned
C00454,Rajasthan,North,9,20786.34,4636.51,2024-06-29,2025-11-15,46,4.9,1,13,4,4,3,Champions,Active
C03253,Karnataka,South,8,20789.85,3753.76,2024-06-26,2025-02-12,322,2.5,1,12,1,4,3,At risk,Churned
C08709,Tamil Nadu,South,2,20818.86,1251.96,2025-04-07,2025-11-25,36,3.3,0,4,4,2,3,New / promising,Active
C03882,Odisha,East,6,20836.64,2999.08,2024-03-04,2025-09-17,105,5.8,0,9,3,3,3,Loyal,Churned
C11483,Rajasthan,North,2,20860.9,3059.3,2025-08-15,2025-10-21,71,5.0,0,2,3,2,3,Low value / lost,Active
C06100,Kerala,South,6,20880.74,3389.09,2024-12-15,2025-12-29,2,4.0,1,7,5,3,3,Loyal,Active
C06626,Rajasthan,North,5,20890.38,3257.72,2024-12-11,2025-03-21,285,4.2,1,6,1,3,3,At risk,Churned
C03185,Telangana,South,4,20900.51,-2160.72,2024-11-14,2025-07-09,175,3.4,1,5,2,3,3,At risk,Churned
C10052,Assam,Northeast,7,20900.98,1277.28,2024-09-24,2025-12-11,20,7.8,0,11,4,4,3,Champions,Active
C11427,Bihar,East,3,20937.92,728.44,2025-07-13,2025-12-30,1,6.0,1,5,5,2,3,New / promising,Active
C03777,Bihar,East,1,20943.17,2143.5,2025-04-16,2025-04-16,259,6.0,1,2,2,1,3,Low value / lost,Churned
C04101,Tamil Nadu,South,4,20961.51,4299.87,2025-05-21,2025-12-05,26,3.2,1,6,4,3,3,Loyal,Active
C09462,Maharashtra,West,5,20964.88,-1648.23,2024-11-11,2025-12-29,2,3.5,1,8,5,3,3,Loyal,Active
C03747,Telangana,South,3,20966.56,9620.49,2024-12-26,2025-12-08,23,1.3,0,3,4,2,3,New / promising,Active
C01022,Tamil Nadu,South,5,20976.89,3804.09,2024-12-20,2025-09-17,105,3.0,0,6,3,3,3,Loyal,Churned
C03618,Gujarat,West,4,20999.83,4508.69,2024-10-25,2025-11-13,48,3.2,1,5,3,3,3,Loyal,Active
C05363,Kerala,South,2,21003.05,2103.88,2025-01-18,2025-08-01,152,5.0,1,2,2,2,3,Low value / lost,Churned
C09201,Karnataka,South,2,21010.61,5248.36,2024-12-04,2025-12-27,4,2.0,0,5,5,2,3,New / promising,Active
C09980,Bihar,East,6,21012.85,7543.92,2024-07-25,2024-11-10,416,6.4,2,8,1,3,3,At risk,Churned
C10279,Maharashtra,West,3,21013.09,-8464.74,2025-07-11,2025-09-21,101,1.8,0,6,3,2,3,Low value / lost,Churned
C04344,Tamil Nadu,South,3,21022.55,1053.78,2025-05-23,2025-11-10,51,3.4,1,7,3,2,3,Low value / lost,Active
C07858,Karnataka,South,6,21024.94,-2512.81,2025-01-29,2025-11-21,40,2.7,1,7,4,3,3,Loyal,Active
C00478,West Bengal,East,6,21031.37,6902.15,2025-04-17,2025-10-25,67,4.4,2,8,3,3,3,Loyal,Active
C02197,Tamil Nadu,South,2,21053.21,2741.06,2025-10-15,2025-11-27,34,3.5,1,4,4,2,3,New / promising,Active
C09895,Bihar,East,2,21068.71,-4328.73,2025-10-10,2025-12-27,4,5.0,0,4,5,2,3,New / promising,Active
C01417,Tamil Nadu,South,10,21081.03,6883.27,2024-03-24,2025-12-16,15,3.3,2,13,5,4,3,Champions,Active
C00933,Uttar Pradesh,North,4,21085.45,-1675.82,2025-09-02,2025-12-29,2,2.3,1,4,5,3,3,Loyal,Active
C04019,West Bengal,East,4,21103.44,2935.95,2024-03-12,2024-05-28,582,5.0,1,5,1,3,3,At risk,Churned
C02057,Maharashtra,West,3,21109.38,3211.45,2025-06-18,2025-12-01,30,3.7,1,6,4,2,3,New / promising,Active
C04203,Maharashtra,West,5,21136.81,7132.16,2025-03-05,2025-10-20,72,1.9,1,7,3,3,3,Loyal,Active
C05704,Uttar Pradesh,North,2,21141.55,3395.09,2024-05-21,2025-10-26,66,5.3,0,3,3,2,3,Low value / lost,Active
C03874,West Bengal,East,8,21149.28,3200.7,2024-11-16,2025-12-31,0,5.3,1,9,5,4,3,Champions,Active
C03503,Uttar Pradesh,North,10,21180.66,2832.96,2024-09-22,2025-11-18,43,4.0,1,11,4,4,3,Champions,Active
C05255,Telangana,South,4,21203.05,1424.68,2024-04-09,2025-08-15,138,1.5,0,4,2,3,3,At risk,Churned
C10640,Maharashtra,West,3,21214.93,209.84,2025-03-30,2025-12-19,12,2.6,1,5,5,2,3,New / promising,Active
C06048,Maharashtra,West,3,21218.44,6741.54,2024-09-21,2025-08-07,146,1.8,0,4,2,2,3,Low value / lost,Churned
C05826,Maharashtra,West,5,21221.1,-2882.19,2024-04-06,2025-06-30,184,2.1,0,7,2,3,3,At risk,Churned
C02474,Delhi,North,7,21222.87,7061.15,2025-06-29,2025-12-15,16,1.4,3,8,5,4,3,Champions,Active
C01280,Rajasthan,North,1,21260.9,-7927.17,2025-01-22,2025-01-22,343,3.0,0,3,1,1,3,Low value / lost,Churned
C07663,Tamil Nadu,South,4,21267.28,641.4,2025-07-05,2025-12-18,13,3.8,1,5,5,3,3,Loyal,Active
C09704,Maharashtra,West,8,21272.01,6061.79,2024-12-01,2025-11-21,40,2.6,4,9,4,4,3,Champions,Active
C06683,Delhi,North,4,21273.03,9174.05,2024-08-10,2025-09-14,108,1.8,0,4,3,3,3,Loyal,Churned
C11658,Odisha,East,3,21282.17,1196.67,2024-07-04,2025-12-16,15,6.6,0,5,5,2,3,New / promising,Active
C09478,Maharashtra,West,6,21290.48,617.84,2024-12-14,2025-06-12,202,2.0,0,9,2,3,3,At risk,Churned
C09021,Gujarat,West,4,21316.2,4656.09,2025-07-15,2025-10-10,82,1.2,0,5,3,3,3,Loyal,Active
C11023,Bihar,East,5,21354.93,1961.36,2025-01-12,2025-12-14,17,7.2,0,5,5,3,3,Loyal,Active
C08213,Tamil Nadu,South,2,21372.5,953.89,2025-05-29,2025-10-26,66,4.0,0,3,3,2,3,Low value / lost,Active
C03035,Bihar,East,1,21373.62,3048.96,2025-08-28,2025-08-28,125,7.0,0,2,2,1,3,Low value / lost,Churned
C11855,Uttar Pradesh,North,3,21389.12,1708.05,2025-01-02,2025-11-04,57,4.0,0,3,3,2,3,Low value / lost,Active
C06684,Maharashtra,West,6,21397.59,-1797.47,2024-07-13,2025-10-04,88,2.6,0,7,3,3,3,Loyal,Active
C08411,Gujarat,West,2,21433.27,-3040.26,2024-12-07,2025-12-19,12,3.5,1,2,5,2,3,New / promising,Active
C06486,Telangana,South,3,21466.87,1551.08,2024-05-01,2025-09-16,106,2.5,0,4,3,2,3,Low value / lost,Churned
C05421,Telangana,South,4,21481.98,647.91,2024-05-08,2025-03-31,275,1.8,0,6,1,3,3,At risk,Churned
C09324,Uttar Pradesh,North,3,21484.37,-26.67,2024-04-07,2024-11-24,402,4.0,0,5,1,2,3,Low value / lost,Churned
C05750,Uttar Pradesh,North,7,21497.52,6030.29,2024-02-03,2025-10-03,89,3.6,1,10,3,4,3,Loyal,Active
C09180,Uttar Pradesh,North,5,21506.75,7073.0,2025-02-01,2025-09-09,113,3.6,0,5,2,3,3,At risk,Churned
C10558,Maharashtra,West,5,21523.74,6484.9,2024-07-24,2025-11-08,53,2.2,1,6,3,3,3,Loyal,Active
C07994,Gujarat,West,1,21533.09,4385.3,2024-08-24,2024-08-24,494,3.0,0,3,1,1,3,Low value / lost,Churned
C09313,Delhi,North,1,21566.11,4546.67,2025-11-30,2025-11-30,31,2.0,0,3,4,1,3,New / promising,Active
C10795,Telangana,South,3,21577.73,1369.81,2025-10-01,2025-11-12,49,1.5,1,4,3,2,3,Low value / lost,Active
C05580,Madhya Pradesh,Central,4,21584.24,-12292.37,2025-01-09,2025-05-31,214,3.8,0,4,2,3,3,At risk,Churned
C07416,Delhi,North,5,21588.83,3296.05,2025-02-23,2025-12-02,29,2.0,1,6,4,3,3,Loyal,Active
C10460,Odisha,East,4,21621.99,1432.92,2024-12-20,2025-12-03,28,6.0,0,4,4,3,3,Loyal,Active
C03431,Uttar Pradesh,North,2,21646.91,-6299.56,2025-03-05,2025-10-30,62,3.0,0,3,3,2,3,Low value / lost,Active
C05525,West Bengal,East,6,21663.09,2102.55,2024-02-20,2025-12-27,4,5.2,0,10,5,3,3,Loyal,Active
C10147,Odisha,East,4,21664.45,678.03,2024-09-24,2025-11-18,43,5.2,0,5,4,3,3,Loyal,Active
C00903,Delhi,North,1,21665.73,2191.8,2025-09-28,2025-09-28,94,2.0,0,2,3,1,3,Low value / lost,Churned
C09616,Gujarat,West,3,21670.58,-4565.2,2024-03-12,2024-06-01,578,4.2,0,5,1,2,3,Low value / lost,Churned
C09064,Uttar Pradesh,North,3,21686.0,4651.01,2024-03-10,2024-05-25,585,2.8,1,5,1,2,3,Low value / lost,Churned
C11295,Maharashtra,West,2,21690.73,3022.73,2025-03-01,2025-05-19,226,3.0,0,4,2,2,3,Low value / lost,Churned
C11747,Telangana,South,9,21693.91,3668.49,2024-04-09,2025-10-01,91,2.1,2,13,3,4,3,Loyal,Churned
C10754,Tamil Nadu,South,6,21707.12,5921.59,2025-03-27,2025-11-05,56,3.6,4,8,3,3,3,Loyal,Active
C00873,Odisha,East,5,21712.6,3384.47,2025-09-20,2025-12-20,11,7.0,0,5,5,3,3,Loyal,Active
C00469,Tamil Nadu,South,2,21750.92,2264.68,2024-09-08,2024-09-27,460,2.3,0,3,1,2,3,Low value / lost,Churned
C07171,Madhya Pradesh,Central,2,21782.33,7917.25,2024-09-04,2024-10-29,428,3.0,0,4,1,2,3,Low value / lost,Churned
C08604,Gujarat,West,1,21792.5,4497.84,2024-09-14,2024-09-14,473,3.0,0,1,1,1,3,Low value / lost,Churned
C00258,Telangana,South,4,21803.32,-6797.45,2025-03-25,2025-11-08,53,2.6,2,5,3,3,3,Loyal,Active
C06148,Karnataka,South,2,21803.52,130.87,2025-04-02,2025-11-07,54,2.0,0,5,3,2,3,Low value / lost,Active
C06637,Karnataka,South,2,21850.31,1550.61,2025-02-28,2025-09-15,107,4.0,1,2,3,2,3,Low value / lost,Churned
C01420,Karnataka,South,1,21861.25,3753.96,2025-01-29,2025-01-29,336,3.0,0,2,1,1,3,Low value / lost,Churned
C07589,Rajasthan,North,6,21918.72,2423.33,2025-01-26,2025-11-13,48,3.3,0,9,3,3,3,Loyal,Active
C06802,Gujarat,West,2,21943.18,1516.32,2024-06-20,2024-07-11,538,2.5,1,2,1,2,3,Low value / lost,Churned
C03786,Maharashtra,West,2,21945.36,1536.43,2024-11-25,2025-03-14,292,3.0,0,3,1,2,3,Low value / lost,Churned
C08776,Rajasthan,North,2,21973.88,3387.72,2024-02-13,2024-03-03,668,3.0,0,2,1,2,3,Low value / lost,Churned
C02162,Maharashtra,West,7,22014.31,6076.89,2024-05-12,2025-11-12,49,3.1,2,7,3,4,3,Loyal,Active
C01034,Delhi,North,6,22093.11,1562.54,2024-12-06,2025-09-09,113,1.0,1,10,2,3,3,At risk,Churned
C09821,Maharashtra,West,3,22093.26,2195.74,2024-11-24,2025-06-08,206,2.4,1,5,2,2,3,Low value / lost,Churned
C01862,Madhya Pradesh,Central,5,22095.07,-843.76,2025-05-08,2025-12-09,22,3.2,0,6,4,3,3,Loyal,Active
C05993,Delhi,North,4,22101.82,3786.98,2025-08-07,2025-10-11,81,2.3,1,4,3,3,3,Loyal,Active
C09498,Gujarat,West,3,22115.02,-3650.21,2024-11-05,2025-12-24,7,2.3,0,3,5,2,3,New / promising,Active
C11122,Maharashtra,West,3,22127.17,3842.23,2024-03-11,2024-03-22,649,2.0,1,4,1,2,3,Low value / lost,Churned
C03219,Telangana,South,2,22134.34,2155.34,2025-05-07,2025-06-20,194,2.8,1,4,2,2,3,Low value / lost,Churned
C07329,Tamil Nadu,South,6,22141.81,4465.8,2024-01-16,2024-04-12,628,3.3,0,9,1,3,3,At risk,Churned
C09229,Karnataka,South,5,22149.35,7179.01,2024-01-27,2025-10-26,66,2.8,0,5,3,3,3,Loyal,Active
C08829,Bihar,East,5,22170.9,-6536.67,2024-11-27,2025-09-25,97,6.3,1,7,3,3,3,Loyal,Churned
C05702,Delhi,North,5,22208.08,-884.74,2024-11-15,2025-12-02,29,2.6,0,10,4,3,3,Loyal,Active
C06844,Rajasthan,North,2,22210.12,-696.19,2024-09-23,2024-12-09,387,4.0,0,2,1,2,3,Low value / lost,Churned
C09051,Maharashtra,West,4,22211.31,1986.41,2024-08-11,2025-11-29,32,2.2,2,6,4,3,3,Loyal,Active
C03797,Maharashtra,West,4,22216.05,-905.67,2024-06-30,2025-01-20,345,2.4,1,5,1,3,3,At risk,Churned
C06257,Maharashtra,West,7,22216.77,5851.59,2025-01-12,2025-10-16,76,2.8,1,12,3,4,3,Loyal,Active
C08026,Telangana,South,5,22248.03,1812.52,2024-11-18,2025-09-03,119,3.2,0,6,2,3,3,At risk,Churned
C08773,Madhya Pradesh,Central,1,22256.94,4618.42,2025-01-29,2025-01-29,336,4.0,1,2,1,1,3,Low value / lost,Churned
C08032,Rajasthan,North,2,22272.14,1518.85,2025-07-02,2025-09-23,99,3.5,0,2,3,2,3,Low value / lost,Churned
C09107,Madhya Pradesh,Central,3,22278.28,7486.02,2025-06-05,2025-08-16,137,1.7,0,7,2,2,3,Low value / lost,Churned
C03649,Kerala,South,4,22284.65,5608.65,2025-04-11,2025-12-21,10,4.1,0,7,5,3,3,Loyal,Active
C03350,Kerala,South,4,22285.88,5569.83,2024-07-02,2025-03-20,286,3.3,0,4,1,3,3,At risk,Churned
C06478,Tamil Nadu,South,2,22286.21,998.28,2025-01-31,2025-02-23,311,1.3,0,3,1,2,3,Low value / lost,Churned
C04744,Gujarat,West,2,22296.19,-2353.11,2025-01-07,2025-04-23,252,3.0,1,4,2,2,3,Low value / lost,Churned
C00777,Rajasthan,North,9,22309.34,7485.77,2024-05-28,2025-12-04,27,3.8,1,10,4,4,3,Champions,Active
C11316,Maharashtra,West,6,22333.55,2622.87,2024-08-14,2025-11-17,44,2.2,2,9,4,3,3,Loyal,Active
C04988,Karnataka,South,6,22341.2,7449.27,2024-07-20,2024-11-26,400,1.9,3,8,1,3,3,At risk,Churned
C05822,Maharashtra,West,6,22351.63,2090.63,2024-10-19,2025-09-24,98,2.7,1,6,3,3,3,Loyal,Churned
C10784,Maharashtra,West,6,22353.12,3808.61,2024-02-19,2025-12-07,24,2.0,1,7,4,3,3,Loyal,Active
C00683,Kerala,South,4,22361.92,3746.04,2024-09-08,2025-06-27,187,4.0,1,6,2,3,3,At risk,Churned
C07144,West Bengal,East,3,22380.86,2919.57,2024-08-07,2025-11-10,51,5.5,0,4,3,2,3,Low value / lost,Active
C07247,West Bengal,East,3,22411.79,2100.13,2025-02-20,2025-10-05,87,5.0,0,3,3,2,3,Low value / lost,Active
C06904,Uttar Pradesh,North,2,22412.01,-2551.29,2025-07-23,2025-10-21,71,2.5,0,2,3,2,3,Low value / lost,Active
C09824,Maharashtra,West,1,22437.88,-1917.57,2024-07-16,2024-07-16,533,1.0,0,1,1,1,3,Low value / lost,Churned
C01297,Maharashtra,West,3,22452.45,4462.25,2024-10-02,2025-02-15,319,2.5,0,4,1,2,3,Low value / lost,Churned
C11521,Bihar,East,7,22460.31,6620.63,2024-01-25,2025-07-15,169,6.0,1,12,2,4,3,At risk,Churned
C01283,Maharashtra,West,3,22465.63,984.61,2024-04-05,2024-09-22,465,1.8,0,4,1,2,3,Low value / lost,Churned
C07309,Uttar Pradesh,North,4,22490.31,8683.14,2024-06-09,2025-12-27,4,3.0,0,6,5,3,3,Loyal,Active
C00684,West Bengal,East,7,22492.06,8063.34,2024-02-23,2025-05-07,238,5.3,0,9,2,4,3,At risk,Churned
C07099,Uttar Pradesh,North,9,22527.95,6646.1,2025-04-14,2025-11-29,32,3.7,0,10,4,4,3,Champions,Active
C02058,Kerala,South,5,22558.47,7334.21,2025-06-22,2025-12-18,13,4.0,0,9,5,3,3,Loyal,Active
C01292,Telangana,South,6,22564.09,3400.47,2024-11-15,2025-04-28,247,2.4,0,10,2,3,3,At risk,Churned
C07799,Gujarat,West,2,22571.42,-6953.39,2025-03-15,2025-05-17,228,3.0,0,2,2,2,3,Low value / lost,Churned
C06733,Odisha,East,6,22574.91,-3119.81,2024-06-10,2025-08-06,147,5.7,0,10,2,3,3,At risk,Churned
C10969,Karnataka,South,1,22591.19,2897.55,2024-08-05,2024-08-05,513,2.0,2,3,1,1,3,Low value / lost,Churned
C09043,Kerala,South,6,22596.89,4010.78,2024-03-20,2025-12-29,2,3.3,1,8,5,3,3,Loyal,Active
C03462,Tamil Nadu,South,6,22621.96,4502.07,2024-09-06,2025-09-27,95,3.2,2,6,3,3,3,Loyal,Churned
C06952,Gujarat,West,6,22649.83,-560.83,2024-05-09,2025-11-22,39,2.7,0,7,4,3,3,Loyal,Active
C09300,Madhya Pradesh,Central,5,22683.89,3063.23,2024-12-13,2025-03-08,298,4.2,0,6,1,3,3,At risk,Churned
C03737,Maharashtra,West,3,22684.47,3370.19,2025-03-04,2025-11-29,32,1.8,0,6,4,2,3,New / promising,Active
C04941,Tamil Nadu,South,1,22692.06,3329.88,2025-05-24,2025-05-24,221,3.0,1,2,2,1,3,Low value / lost,Churned
C08665,Uttar Pradesh,North,5,22719.6,2076.26,2025-05-10,2025-11-24,37,4.7,0,6,4,3,3,Loyal,Active
C08731,Telangana,South,3,22719.94,2653.93,2025-05-18,2025-12-04,27,2.5,2,4,4,2,3,New / promising,Active
C07821,Uttar Pradesh,North,11,22734.76,8069.18,2024-06-26,2025-12-14,17,2.8,6,13,5,4,3,Champions,Active
C11650,Delhi,North,3,22748.87,3559.67,2025-03-29,2025-05-08,237,1.8,1,5,2,2,3,Low value / lost,Churned
C01679,Madhya Pradesh,Central,3,22775.4,3497.72,2025-05-10,2025-06-06,208,4.7,1,3,2,2,3,Low value / lost,Churned
C09753,Madhya Pradesh,Central,6,22806.93,-3130.68,2024-07-31,2025-03-17,289,4.0,0,6,1,3,3,At risk,Churned
C01355,Telangana,South,3,22819.37,2511.01,2024-08-27,2025-12-03,28,3.5,0,4,4,2,3,New / promising,Active
C04606,Rajasthan,North,9,22870.99,3543.14,2024-08-08,2025-10-31,61,3.5,0,11,3,4,3,Loyal,Active
C08406,Telangana,South,3,22872.08,5798.24,2024-08-13,2025-10-17,75,3.0,0,5,3,2,3,Low value / lost,Active
C03558,Telangana,South,3,22881.47,-6703.93,2025-03-12,2025-10-29,63,3.0,1,5,3,2,3,Low value / lost,Active
C08491,Karnataka,South,13,22885.31,7504.0,2024-05-25,2025-12-14,17,2.6,0,17,5,5,3,Champions,Active
C01717,Assam,Northeast,8,22906.69,7677.45,2024-07-11,2025-12-12,19,7.3,0,12,4,4,3,Champions,Active
C10861,Tamil Nadu,South,3,22935.44,3119.47,2025-05-04,2025-10-26,66,4.2,0,5,3,2,3,Low value / lost,Active
C00530,Tamil Nadu,South,3,22940.62,3037.83,2024-08-05,2025-12-14,17,2.4,2,5,5,2,3,New / promising,Active
C02438,Rajasthan,North,5,22949.48,-5397.92,2025-07-02,2025-12-06,25,4.0,2,7,4,3,3,Loyal,Active
C05448,Maharashtra,West,2,22959.99,-638.51,2024-05-29,2025-07-12,172,3.0,1,2,2,2,3,Low value / lost,Churned
C04235,Gujarat,West,6,22961.61,1113.32,2025-01-15,2025-12-14,17,3.4,1,12,5,3,3,Loyal,Active
C02102,Delhi,North,1,23005.16,-3296.07,2025-12-13,2025-12-13,18,3.0,0,2,4,1,3,New / promising,Active
C10224,West Bengal,East,5,23011.18,5724.02,2024-08-05,2025-10-14,78,4.5,0,10,3,3,3,Loyal,Active
C00195,Maharashtra,West,8,23013.12,3805.33,2024-10-28,2025-12-03,28,3.0,1,12,4,4,3,Champions,Active
C10577,Bihar,East,3,23017.5,3324.71,2024-10-03,2025-01-13,352,6.0,0,3,1,2,3,Low value / lost,Churned
C11376,Rajasthan,North,5,23045.9,3596.43,2024-03-13,2024-06-02,577,3.6,1,8,1,3,3,At risk,Churned
C02649,Gujarat,West,8,23058.94,8238.83,2024-11-29,2025-12-11,20,2.2,0,13,4,4,3,Champions,Active
C01552,Tamil Nadu,South,2,23083.93,-2888.25,2025-03-07,2025-04-25,250,4.2,0,5,2,2,3,Low value / lost,Churned
C08476,Madhya Pradesh,Central,8,23093.79,6835.39,2024-12-03,2025-12-11,20,4.6,2,9,4,4,3,Champions,Active
C02320,Bihar,East,1,23112.08,-2990.13,2025-01-27,2025-01-27,338,5.0,0,2,1,1,3,Low value / lost,Churned
C00654,Karnataka,South,4,23118.28,449.86,2025-08-28,2025-12-26,5,1.8,1,6,5,3,3,Loyal,Active
C00617,Karnataka,South,1,23137.75,8129.83,2024-11-22,2024-11-22,404,1.0,1,2,1,1,3,Low value / lost,Churned
C06470,Madhya Pradesh,Central,6,23182.21,4603.29,2024-12-27,2025-10-26,66,3.9,0,7,3,3,3,Loyal,Active
C01388,Karnataka,South,2,23190.44,5698.37,2025-11-22,2025-12-24,7,1.0,0,2,5,2,3,New / promising,Active
C03978,Karnataka,South,8,23199.0,6169.49,2024-10-24,2025-10-15,77,1.9,1,12,3,4,3,Loyal,Active
C00268,Gujarat,West,1,23207.09,-5803.48,2025-02-22,2025-02-22,312,3.0,0,1,1,1,3,Low value / lost,Churned
C06602,Tamil Nadu,South,10,23223.13,1941.21,2024-11-09,2025-03-05,301,3.4,2,11,1,4,3,At risk,Churned
C05523,Assam,Northeast,1,23229.14,-9632.53,2024-05-25,2024-05-25,585,8.0,0,3,1,1,3,Low value / lost,Churned
C07507,Delhi,North,5,23237.97,5732.49,2024-05-27,2025-09-13,109,2.0,0,8,3,3,3,Loyal,Churned
C03435,Maharashtra,West,2,23260.74,3352.11,2025-10-15,2025-10-30,62,3.0,0,2,3,2,3,Low value / lost,Active
C10488,Gujarat,West,5,23265.62,1161.11,2025-05-04,2025-11-30,31,2.8,0,5,4,3,3,Loyal,Active
C09471,Karnataka,South,7,23274.73,3715.36,2024-11-25,2025-07-04,180,3.1,0,7,2,4,3,At risk,Churned
C07192,Karnataka,South,1,23281.69,-125.44,2024-12-06,2024-12-06,390,2.0,0,1,1,1,3,Low value / lost,Churned
C05510,Uttar Pradesh,North,4,23297.9,1585.54,2025-08-01,2025-12-16,15,4.0,2,4,5,3,3,Loyal,Active
C01777,West Bengal,East,6,23300.73,6047.78,2024-10-12,2025-08-25,128,5.7,0,6,2,3,3,At risk,Churned
C06465,Uttar Pradesh,North,5,23313.31,4586.28,2024-05-29,2025-10-14,78,3.8,0,6,3,3,3,Loyal,Active
C03928,Maharashtra,West,3,23331.49,2793.63,2024-11-10,2025-11-05,56,3.0,2,4,3,2,3,Low value / lost,Active
C00138,Odisha,East,4,23336.07,4398.3,2025-07-31,2025-11-03,58,6.2,1,6,3,3,3,Loyal,Active
C08243,Karnataka,South,8,23372.68,6064.0,2024-04-17,2025-11-15,46,2.2,1,10,4,4,3,Champions,Active
C07708,West Bengal,East,6,23373.12,3272.97,2024-10-05,2025-09-16,106,5.4,0,7,3,3,3,Loyal,Churned
C00833,West Bengal,East,3,23442.56,3891.26,2025-09-08,2025-12-25,6,7.0,0,5,5,2,3,New / promising,Active
C08479,Uttar Pradesh,North,4,23465.69,2943.89,2024-02-28,2025-11-05,56,3.4,1,5,3,3,3,Loyal,Active
C05678,Bihar,East,9,23466.9,6651.34,2024-07-22,2025-09-26,96,6.3,1,12,3,4,3,Loyal,Churned
C04128,West Bengal,East,6,23467.16,3529.23,2024-05-05,2025-09-28,94,3.2,2,9,3,3,3,Loyal,Churned
C08066,Uttar Pradesh,North,4,23472.14,738.25,2024-02-07,2024-05-08,602,4.1,2,7,1,3,3,At risk,Churned
C07617,Bihar,East,10,23487.01,7727.61,2024-12-01,2025-11-07,54,6.3,4,14,3,4,3,Loyal,Active
C02168,Delhi,North,3,23492.6,7726.45,2025-06-26,2025-12-04,27,2.4,0,5,4,2,3,New / promising,Active
C04778,Assam,Northeast,2,23493.2,436.64,2024-11-28,2025-01-17,348,7.0,0,4,1,2,3,Low value / lost,Churned
C01974,Bihar,East,6,23498.95,8060.75,2024-08-20,2025-05-25,220,7.0,4,9,2,3,3,At risk,Churned
C08204,Telangana,South,12,23501.71,6303.57,2024-04-12,2025-06-19,195,2.4,0,17,2,4,3,At risk,Churned
C08273,Telangana,South,7,23506.53,7196.22,2025-02-12,2025-12-21,10,2.8,0,9,5,4,3,Champions,Active
C04396,Gujarat,West,10,23540.69,4177.4,2024-04-23,2025-08-04,149,3.0,0,10,2,4,3,At risk,Churned
C04425,Delhi,North,4,23553.21,4105.54,2025-07-01,2025-11-29,32,1.8,1,4,4,3,3,Loyal,Active
C09924,Karnataka,South,5,23560.0,-4947.18,2024-11-11,2025-10-14,78,2.5,3,6,3,3,3,Loyal,Active
C01463,Tamil Nadu,South,13,23569.57,6187.44,2025-03-05,2025-12-19,12,2.9,2,15,5,5,3,Champions,Active
C04482,Gujarat,West,3,23575.36,-1021.53,2025-03-10,2025-10-22,70,2.5,2,6,3,2,3,Low value / lost,Active
C00809,Maharashtra,West,1,23588.46,-9637.28,2025-07-31,2025-07-31,153,3.0,0,2,2,1,3,Low value / lost,Churned
C07181,Uttar Pradesh,North,2,23592.11,-2733.91,2024-11-25,2024-12-25,371,3.5,0,2,1,2,3,Low value / lost,Churned
C07631,Tamil Nadu,South,2,23619.57,974.83,2024-04-27,2024-07-03,546,2.0,0,2,1,2,3,Low value / lost,Churned
C06103,Delhi,North,1,23620.49,-695.81,2025-04-18,2025-04-18,257,1.0,0,3,2,1,3,Low value / lost,Churned
C04933,Tamil Nadu,South,6,23678.97,8156.45,2024-12-29,2025-12-03,28,2.9,1,7,4,3,3,Loyal,Active
C02818,Tamil Nadu,South,5,23681.8,2894.81,2024-12-21,2025-07-01,183,2.3,1,7,2,3,3,At risk,Churned
C11175,Gujarat,West,2,23696.65,-2889.18,2024-12-29,2025-05-17,228,2.0,0,2,2,2,3,Low value / lost,Churned
C10556,Karnataka,South,3,23703.57,-3700.88,2024-03-28,2024-07-31,518,2.6,2,5,1,2,3,Low value / lost,Churned
C09629,Gujarat,West,2,23712.14,1502.32,2025-11-15,2025-12-21,10,3.7,0,3,5,2,3,New / promising,Active
C05466,Tamil Nadu,South,2,23724.65,-1348.75,2024-06-30,2024-09-27,460,4.3,0,3,1,2,3,Low value / lost,Churned
C07195,Kerala,South,6,23734.47,3654.56,2024-06-21,2025-09-27,95,3.6,0,7,3,3,3,Loyal,Churned
C01744,Uttar Pradesh,North,6,23735.05,7339.09,2025-06-19,2025-12-30,1,4.2,0,12,5,3,3,Loyal,Active
C02957,Delhi,North,8,23756.48,831.93,2024-10-13,2025-07-17,167,1.8,1,9,2,4,3,At risk,Churned
C01040,Telangana,South,2,23759.92,4566.77,2024-03-13,2024-07-02,547,3.8,0,4,1,2,3,Low value / lost,Churned
C07125,Maharashtra,West,6,23780.52,-4326.72,2024-05-16,2025-12-20,11,2.3,1,9,5,3,3,Loyal,Active
C05860,Telangana,South,6,23786.51,5442.92,2024-03-26,2025-10-31,61,2.3,1,8,3,3,3,Loyal,Active
C01672,Rajasthan,North,3,23815.63,75.42,2024-10-30,2025-05-19,226,3.7,0,3,2,2,3,Low value / lost,Churned
C06838,Karnataka,South,3,23823.49,2470.89,2024-07-22,2025-06-03,211,2.4,0,5,2,2,3,Low value / lost,Churned
C08464,Rajasthan,North,4,23832.6,-6484.25,2024-09-18,2024-12-07,389,5.3,3,9,1,3,3,At risk,Churned
C00373,Delhi,North,1,23840.25,-521.81,2025-04-13,2025-04-13,262,2.0,0,1,2,1,3,Low value / lost,Churned
C03319,Rajasthan,North,6,23884.36,519.83,2025-03-28,2025-11-27,34,4.3,0,8,4,3,3,Loyal,Active
C03714,Delhi,North,7,23889.26,4039.57,2025-02-27,2025-11-26,35,1.3,1,14,4,4,3,Champions,Active
C01340,Gujarat,West,4,23906.89,638.09,2024-08-23,2024-12-08,388,3.0,0,4,1,3,3,At risk,Churned
C04665,Maharashtra,West,1,23917.66,4667.91,2025-10-19,2025-10-19,73,3.0,0,1,3,1,3,Low value / lost,Active
C03776,Delhi,North,2,23921.13,-529.2,2025-07-04,2025-09-23,99,1.0,1,3,3,2,3,Low value / lost,Churned
C01633,Delhi,North,2,23932.89,-1343.38,2025-03-06,2025-12-25,6,2.8,0,4,5,2,3,New / promising,Active
C05725,Maharashtra,West,2,24006.79,-4098.91,2025-11-05,2025-11-23,38,3.0,0,4,4,2,3,New / promising,Active
C02691,Rajasthan,North,7,24009.5,4285.16,2024-05-31,2025-11-05,56,4.6,1,8,3,4,3,Loyal,Active
C10186,Tamil Nadu,South,9,24025.56,9195.62,2024-10-13,2025-12-07,24,3.1,1,12,4,4,3,Champions,Active
C11671,Uttar Pradesh,North,4,24045.53,-10251.94,2024-07-06,2025-09-25,97,3.8,1,4,3,3,3,Loyal,Churned
C04824,West Bengal,East,3,24055.64,6503.44,2025-01-01,2025-12-05,26,5.0,1,5,4,2,3,New / promising,Active
C04413,Rajasthan,North,2,24078.16,-8733.62,2025-10-10,2025-11-06,55,3.5,0,2,3,2,3,Low value / lost,Active
C06186,Delhi,North,4,24105.49,2775.48,2024-11-15,2025-01-15,350,1.8,0,5,1,3,3,At risk,Churned
C04989,Maharashtra,West,6,24105.77,7954.38,2024-03-14,2025-03-04,302,2.5,2,10,1,3,3,At risk,Churned
C06028,Madhya Pradesh,Central,8,24109.85,6745.27,2024-05-09,2025-12-25,6,3.0,2,13,5,4,3,Champions,Active
C07579,Tamil Nadu,South,5,24120.66,4635.43,2025-03-10,2025-12-26,5,3.5,1,6,5,3,3,Loyal,Active
C11981,Maharashtra,West,1,24128.14,1198.29,2025-06-28,2025-06-28,186,3.0,0,1,2,1,3,Low value / lost,Churned
C11984,Gujarat,West,2,24128.16,5351.45,2024-09-26,2025-03-27,279,3.0,0,4,1,2,3,Low value / lost,Churned
C07190,Maharashtra,West,5,24141.53,-2318.52,2024-09-28,2025-12-01,30,2.8,1,5,4,3,3,Loyal,Active
C02794,Gujarat,West,2,24142.46,5784.24,2025-04-13,2025-09-03,119,2.5,0,2,2,2,3,Low value / lost,Churned
C05367,West Bengal,East,4,24145.15,6956.85,2024-01-06,2025-06-29,185,4.6,0,5,2,3,3,At risk,Churned
C07131,Uttar Pradesh,North,7,24167.94,5569.81,2025-05-24,2025-12-06,25,2.4,1,9,4,4,3,Champions,Active
C05059,Karnataka,South,10,24207.68,6795.84,2024-03-04,2025-12-16,15,2.2,0,12,5,4,3,Champions,Active
C08730,Uttar Pradesh,North,4,24217.46,3216.95,2024-11-28,2025-09-23,99,3.0,2,6,3,3,3,Loyal,Churned
C04730,Delhi,North,7,24235.71,4763.54,2025-07-31,2025-12-15,16,1.3,1,8,5,4,3,Champions,Active
C02936,Delhi,North,5,24239.44,2723.39,2024-10-28,2025-10-10,82,2.5,0,6,3,3,3,Loyal,Active
C11497,Telangana,South,1,24240.52,-1515.75,2024-11-10,2024-11-10,416,3.0,0,1,1,1,3,Low value / lost,Churned
C00851,Rajasthan,North,10,24259.25,5849.42,2024-05-01,2025-11-30,31,4.6,3,19,4,4,3,Champions,Active
C02344,Maharashtra,West,6,24285.41,-121.83,2024-06-15,2025-01-01,364,2.3,0,7,1,3,3,At risk,Churned
C06959,Uttar Pradesh,North,6,24288.13,8454.64,2025-04-01,2025-09-20,102,3.3,1,9,3,3,3,Loyal,Churned
C02745,Maharashtra,West,3,24316.13,5675.74,2024-05-31,2025-03-05,301,3.0,0,5,1,2,3,Low value / lost,Churned
C10109,Uttar Pradesh,North,2,24329.46,2836.77,2024-06-29,2025-11-17,44,4.0,0,3,4,2,3,New / promising,Active
C11388,Tamil Nadu,South,4,24343.05,6451.67,2025-07-07,2025-11-16,45,3.1,2,9,4,3,3,Loyal,Active
C10771,West Bengal,East,6,24352.64,-48.45,2024-08-03,2025-12-21,10,5.1,1,7,5,3,3,Loyal,Active
C06961,Rajasthan,North,3,24357.57,529.98,2025-03-08,2025-12-28,3,4.3,1,3,5,2,3,New / promising,Active
C10553,Gujarat,West,8,24397.28,6464.21,2024-02-24,2025-08-14,139,3.0,1,11,2,4,3,At risk,Churned
C10601,Maharashtra,West,3,24399.48,41.65,2024-08-08,2025-12-10,21,2.2,0,5,4,2,3,New / promising,Active
C04749,Delhi,North,5,24406.69,2218.07,2025-07-23,2025-11-25,36,2.0,0,5,4,3,3,Loyal,Active
C00428,Karnataka,South,2,24407.12,3639.81,2025-09-07,2025-10-05,87,3.0,0,3,3,2,3,Low value / lost,Active
C10161,Uttar Pradesh,North,4,24416.75,3041.18,2024-08-18,2025-07-24,160,4.8,2,4,2,3,3,At risk,Churned
C03788,Karnataka,South,10,24431.24,2537.2,2024-04-30,2025-09-17,105,2.8,0,12,3,4,3,Loyal,Churned
C03616,Maharashtra,West,8,24466.72,2116.65,2024-05-30,2025-10-27,65,2.7,1,11,3,4,3,Loyal,Active
C10682,Karnataka,South,4,24482.68,2419.28,2024-09-04,2025-12-20,11,3.0,1,6,5,3,3,Loyal,Active
C03639,Uttar Pradesh,North,6,24483.21,4086.68,2025-07-16,2025-12-16,15,3.4,1,7,5,3,3,Loyal,Active
C11825,Karnataka,South,4,24485.97,1282.54,2024-11-06,2025-11-03,58,2.7,3,6,3,3,3,Loyal,Active
C04208,West Bengal,East,9,24503.85,4560.02,2025-03-22,2025-12-27,4,5.4,2,12,5,4,3,Champions,Active
C07499,Tamil Nadu,South,2,24505.11,1552.84,2025-04-13,2025-11-10,51,5.5,1,4,3,2,3,Low value / lost,Active
C04005,Gujarat,West,12,24518.13,-454.37,2024-10-11,2025-12-20,11,2.5,2,13,5,4,3,Champions,Active
C07176,Uttar Pradesh,North,6,24552.41,5909.25,2024-09-04,2025-10-29,63,3.5,0,8,3,3,3,Loyal,Active
C07981,Maharashtra,West,5,24601.81,6447.33,2025-07-26,2025-12-22,9,4.0,3,7,5,3,3,Loyal,Active
C09915,Assam,Northeast,3,24601.95,3671.98,2024-10-24,2025-04-02,273,6.0,1,3,2,3,3,At risk,Churned
C09664,Maharashtra,West,2,24621.26,3280.07,2025-06-24,2025-11-21,40,2.5,1,2,4,2,3,New / promising,Active
C00233,Delhi,North,8,24627.05,1500.08,2024-04-06,2025-11-27,34,2.0,1,10,4,4,3,Champions,Active
C00738,Gujarat,West,2,24627.83,6001.5,2024-09-15,2024-12-31,365,3.3,1,4,1,2,3,Low value / lost,Churned
C07223,Karnataka,South,13,24633.75,4989.63,2025-01-26,2025-12-05,26,2.1,0,14,4,5,3,Champions,Active
C08903,Kerala,South,3,24641.05,-4747.32,2025-06-18,2025-11-01,60,4.2,1,5,3,3,3,Loyal,Active
C00482,Rajasthan,North,4,24646.39,3727.41,2024-05-07,2025-06-24,190,4.2,0,5,2,3,3,At risk,Churned
C02428,Uttar Pradesh,North,5,24658.17,6127.75,2025-03-25,2025-12-12,19,2.3,1,6,4,3,3,Loyal,Active
C01272,Delhi,North,4,24661.08,5054.44,2025-11-06,2025-12-29,2,2.7,1,7,5,3,3,Loyal,Active
C01013,Maharashtra,West,1,24674.48,-19625.28,2024-11-09,2024-11-09,417,2.0,0,2,1,1,3,Low value / lost,Churned
C01376,Delhi,North,2,24702.54,5481.21,2024-12-09,2025-09-06,116,2.5,0,2,2,2,3,Low value / lost,Churned
C03785,Madhya Pradesh,Central,8,24709.76,8262.4,2024-05-15,2025-12-07,24,4.0,3,10,4,4,3,Champions,Active
C04420,Delhi,North,1,24721.41,-8522.01,2025-06-23,2025-06-23,191,4.0,1,3,2,1,3,Low value / lost,Churned
C00484,Tamil Nadu,South,4,24721.46,2903.02,2024-10-11,2025-02-21,313,1.5,3,6,1,3,3,At risk,Churned
C09600,Maharashtra,West,10,24729.47,4529.36,2024-12-13,2025-11-15,46,2.8,1,14,4,4,3,Champions,Active
C07652,Maharashtra,West,5,24760.1,1397.44,2025-04-19,2025-11-11,50,2.8,0,6,3,3,3,Loyal,Active
C03652,Uttar Pradesh,North,2,24797.81,343.21,2025-08-22,2025-08-31,122,2.5,0,2,2,2,3,Low value / lost,Churned
C05560,West Bengal,East,4,24798.24,4143.8,2024-04-10,2024-11-19,407,5.4,1,5,1,3,3,At risk,Churned
C11740,Gujarat,West,3,24810.4,7921.32,2024-12-17,2025-11-16,45,3.3,0,4,4,3,3,Loyal,Active
C08252,Gujarat,West,3,24812.93,5251.84,2025-01-21,2025-06-25,189,3.0,0,5,2,3,3,At risk,Churned
C00452,Uttar Pradesh,North,3,24845.83,-4105.3,2024-12-09,2025-04-21,254,4.3,0,6,2,3,3,At risk,Churned
C02147,Uttar Pradesh,North,5,24848.83,1622.66,2024-09-02,2025-08-19,134,3.4,1,7,2,3,3,At risk,Churned
C06676,Maharashtra,West,1,24868.78,-175.68,2025-08-19,2025-08-19,134,3.0,0,1,2,1,3,Low value / lost,Churned
C11050,Karnataka,South,5,24888.75,2419.94,2024-08-28,2025-11-14,47,2.0,0,6,3,3,3,Loyal,Active
C11313,Karnataka,South,8,24921.41,7367.82,2025-03-11,2025-12-08,23,2.8,1,10,4,4,3,Champions,Active
C10614,Karnataka,South,3,24923.3,4191.67,2024-12-03,2025-09-17,105,2.0,1,3,3,3,3,Loyal,Churned
C09944,Tamil Nadu,South,6,24934.42,9780.38,2024-04-05,2024-06-10,569,2.5,0,6,1,3,3,At risk,Churned
C08954,Uttar Pradesh,North,2,24936.93,-952.26,2024-11-19,2025-09-15,107,3.0,0,3,3,2,3,Low value / lost,Churned
C01964,Tamil Nadu,South,4,24942.08,6328.11,2025-04-08,2025-11-02,59,4.0,0,4,3,3,3,Loyal,Active
C08899,Telangana,South,2,24943.34,-3105.28,2025-08-05,2025-08-07,146,2.8,1,4,2,2,3,Low value / lost,Churned
C07974,Gujarat,West,3,24961.31,-11266.12,2024-07-22,2025-07-11,173,3.8,0,4,2,3,3,At risk,Churned
C05486,Telangana,South,3,24978.72,4836.13,2025-10-04,2025-11-23,38,2.8,1,4,4,3,3,Loyal,Active
C10321,Telangana,South,5,24986.05,4947.46,2024-10-11,2024-12-17,379,2.7,0,6,1,3,3,At risk,Churned
C09234,Delhi,North,9,24987.72,7931.29,2024-11-06,2025-11-01,60,1.9,3,14,3,4,3,Loyal,Active
C03527,Maharashtra,West,6,25022.13,1853.51,2024-07-30,2025-12-21,10,2.0,0,11,5,3,3,Loyal,Active
C03026,Gujarat,West,5,25044.71,3774.61,2024-09-13,2025-09-25,97,2.8,0,10,3,3,3,Loyal,Churned
C08120,Kerala,South,7,25046.12,4517.8,2025-04-08,2025-11-26,35,3.0,0,10,4,4,3,Champions,Active
C10201,West Bengal,East,1,25061.97,2297.43,2025-11-23,2025-11-23,38,7.0,0,1,4,1,3,New / promising,Active
C11587,Rajasthan,North,1,25124.35,-130.76,2025-12-11,2025-12-11,20,2.0,0,2,4,1,3,New / promising,Active
C04471,Telangana,South,4,25127.9,-4081.94,2024-10-23,2025-10-12,80,3.2,0,5,3,3,3,Loyal,Active
C11495,Rajasthan,North,4,25158.14,7270.7,2024-09-09,2025-06-11,203,4.5,3,8,2,3,3,At risk,Churned
C00864,Gujarat,West,9,25165.12,3145.92,2025-03-10,2025-09-11,111,2.6,0,11,2,4,3,At risk,Churned
C05981,Gujarat,West,1,25167.82,-653.87,2025-02-08,2025-02-08,326,4.0,0,3,1,1,3,Low value / lost,Churned
C00201,Delhi,North,6,25171.55,3148.3,2025-02-06,2025-10-28,64,2.5,0,8,3,3,3,Loyal,Active
C05606,Maharashtra,West,5,25179.02,7238.46,2025-04-05,2025-11-29,32,1.5,2,10,4,3,3,Loyal,Active
C07664,Gujarat,West,1,25181.32,-18511.18,2025-12-04,2025-12-04,27,3.0,0,3,4,1,3,New / promising,Active
C09062,Maharashtra,West,4,25196.25,9375.83,2024-08-09,2025-05-17,228,1.6,0,5,2,3,3,At risk,Churned
C04886,Maharashtra,West,5,25204.54,7424.41,2024-06-03,2025-06-11,203,3.4,0,9,2,3,3,At risk,Churned
C02644,Maharashtra,West,2,25253.35,-2944.3,2025-01-14,2025-10-23,69,3.0,0,2,3,2,3,Low value / lost,Active
C05732,Gujarat,West,5,25293.41,7317.03,2025-06-02,2025-12-20,11,3.6,2,7,5,3,3,Loyal,Active
C06298,Tamil Nadu,South,5,25307.97,-3588.56,2024-07-08,2025-01-29,336,2.8,0,5,1,3,3,At risk,Churned
C09227,Odisha,East,7,25314.15,4156.74,2024-04-21,2025-11-29,32,7.0,1,8,4,4,3,Champions,Active
C02423,Tamil Nadu,South,2,25323.36,4581.89,2025-06-21,2025-08-30,123,2.0,1,5,2,2,3,Low value / lost,Churned
C01943,Madhya Pradesh,Central,2,25325.91,1205.98,2025-03-19,2025-04-24,251,4.2,1,5,2,2,3,Low value / lost,Churned
C01386,Delhi,North,3,25329.57,-1992.1,2025-05-01,2025-12-31,0,2.3,2,3,5,3,3,Loyal,Active
C04191,Odisha,East,4,25330.95,5908.11,2025-01-29,2025-06-24,190,6.5,1,6,2,3,3,At risk,Churned
C06759,Delhi,North,9,25389.06,7522.93,2024-02-05,2025-06-07,207,2.6,1,12,2,4,3,At risk,Churned
C01029,Odisha,East,4,25442.32,-8372.75,2024-09-07,2025-08-08,145,5.8,0,4,2,3,3,At risk,Churned
C06104,Karnataka,South,9,25451.25,-1222.23,2024-06-29,2025-11-27,34,2.5,3,13,4,4,3,Champions,Active
C07956,Kerala,South,3,25466.98,5034.47,2024-09-14,2025-03-11,295,4.1,2,7,1,3,3,At risk,Churned
C11188,Delhi,North,8,25482.51,4501.31,2025-03-04,2025-12-30,1,1.9,1,9,5,4,3,Champions,Active
C02171,Telangana,South,8,25505.14,1969.27,2024-11-26,2025-11-01,60,2.5,0,11,3,4,3,Loyal,Active
C04977,Tamil Nadu,South,1,25530.18,-595.0,2025-12-13,2025-12-13,18,2.0,0,1,4,1,3,New / promising,Active
C06136,Karnataka,South,1,25530.18,-591.69,2025-06-29,2025-06-29,185,2.0,0,1,2,1,3,Low value / lost,Churned
C00857,West Bengal,East,8,25536.14,3026.92,2025-01-24,2025-08-31,122,4.7,3,12,2,4,3,At risk,Churned
C06283,Maharashtra,West,3,25545.0,-19652.35,2024-12-20,2025-03-14,292,2.0,0,3,1,3,3,At risk,Churned
C11482,Maharashtra,West,7,25554.25,3452.55,2025-03-09,2025-12-06,25,2.8,0,10,4,4,3,Champions,Active
C10958,Rajasthan,North,4,25573.97,5014.49,2024-09-03,2025-08-10,143,4.1,1,7,2,3,3,At risk,Churned
C10568,Karnataka,South,3,25579.73,2451.52,2024-06-14,2025-12-14,17,2.0,0,4,5,3,3,Loyal,Active
C01005,Madhya Pradesh,Central,4,25597.06,4749.56,2024-08-07,2025-09-12,110,3.8,1,4,2,3,3,At risk,Churned
C10247,Kerala,South,6,25618.83,2882.96,2025-02-04,2025-11-21,40,3.7,2,9,4,3,3,Loyal,Active
C11636,Odisha,East,10,25663.27,6676.21,2024-02-25,2024-09-23,464,5.6,3,18,1,4,3,At risk,Churned
C01712,Kerala,South,4,25688.69,3605.01,2024-06-04,2025-12-14,17,4.1,0,7,5,3,3,Loyal,Active
C04269,Tamil Nadu,South,3,25703.27,-3143.42,2024-12-21,2025-10-05,87,3.8,1,5,3,3,3,Loyal,Active
C07342,Rajasthan,North,5,25712.19,3035.74,2024-01-31,2025-03-20,286,4.5,0,8,1,3,3,At risk,Churned
C00144,Delhi,North,6,25723.78,6955.27,2025-03-07,2025-12-11,20,2.0,1,7,4,3,3,Loyal,Active
C07350,Karnataka,South,4,25759.94,-1372.54,2025-02-09,2025-11-30,31,3.0,1,4,4,3,3,Loyal,Active
C09830,Uttar Pradesh,North,4,25761.71,-3852.41,2024-08-13,2025-09-04,118,3.7,2,6,2,3,3,At risk,Churned
C10414,Gujarat,West,1,25765.79,-739.84,2025-07-21,2025-07-21,163,4.0,0,1,2,1,3,Low value / lost,Churned
C00949,Delhi,North,5,25768.51,4903.92,2025-07-04,2025-11-27,34,2.8,1,5,4,3,3,Loyal,Active
C11477,Rajasthan,North,3,25777.59,-2378.99,2025-09-02,2025-10-29,63,2.8,1,5,3,3,3,Loyal,Active
C00271,Telangana,South,7,25784.73,5590.9,2025-09-11,2025-12-31,0,2.5,1,12,5,4,3,Champions,Active
C07929,Delhi,North,4,25803.75,2866.47,2025-03-11,2025-12-22,9,2.1,1,7,5,3,3,Loyal,Active
C00092,Uttar Pradesh,North,2,25804.86,-2542.01,2024-12-29,2025-10-18,74,4.0,0,2,3,2,3,Low value / lost,Active
C08337,Karnataka,South,3,25838.96,-7238.62,2024-06-03,2025-11-16,45,4.7,0,6,4,3,3,Loyal,Active
C10573,Maharashtra,West,10,25843.98,8194.03,2024-02-24,2025-12-31,0,3.2,2,13,5,4,3,Champions,Active
C11363,Uttar Pradesh,North,4,25884.29,5404.32,2024-02-04,2024-08-30,488,2.9,0,7,1,3,3,At risk,Churned
C03065,Rajasthan,North,5,25916.23,2318.77,2024-05-09,2025-12-12,19,3.4,2,7,4,3,3,Loyal,Active
C09804,Uttar Pradesh,North,1,25921.33,-5907.09,2025-11-19,2025-11-19,42,3.0,0,1,4,1,3,New / promising,Active
C08893,Telangana,South,7,25924.41,-1103.73,2024-12-02,2025-12-15,16,3.2,2,10,5,4,3,Champions,Active
C04382,Karnataka,South,7,25926.35,6615.77,2024-11-19,2025-11-22,39,3.0,1,7,4,4,3,Champions,Active
C11279,Maharashtra,West,2,25941.01,1351.21,2024-11-28,2025-05-03,242,4.3,0,4,2,2,3,Low value / lost,Churned
C00667,Madhya Pradesh,Central,5,25991.99,2270.8,2024-10-04,2025-12-06,25,3.7,2,6,4,3,3,Loyal,Active
C10084,West Bengal,East,7,26005.37,-382.12,2024-07-26,2025-12-29,2,4.9,1,7,5,4,3,Champions,Active
C00404,Tamil Nadu,South,2,26013.12,1753.19,2025-06-09,2025-08-01,152,2.5,0,2,2,2,3,Low value / lost,Churned
C06903,Uttar Pradesh,North,2,26114.9,2006.88,2025-09-14,2025-11-02,59,2.5,0,2,3,2,3,Low value / lost,Active
C10672,Karnataka,South,1,26123.48,2784.87,2025-11-26,2025-11-26,35,3.0,0,2,4,1,3,New / promising,Active
C09480,Karnataka,South,6,26125.11,2607.69,2025-06-21,2025-11-18,43,2.6,2,9,4,3,3,Loyal,Active
C01144,Assam,Northeast,6,26148.73,5071.47,2024-12-09,2025-09-15,107,7.8,0,6,3,3,3,Loyal,Churned
C09157,Maharashtra,West,2,26177.32,-16886.82,2025-06-21,2025-10-05,87,3.0,0,2,3,2,3,Low value / lost,Active
C03913,Delhi,North,8,26204.19,2927.74,2025-04-18,2025-12-11,20,1.8,3,8,4,4,3,Champions,Active
C08147,Gujarat,West,4,26254.81,5729.0,2024-01-31,2024-02-29,671,2.5,1,6,1,3,3,At risk,Churned
C10464,Uttar Pradesh,North,3,26261.74,2862.63,2024-08-28,2025-01-07,358,3.8,1,4,1,3,3,At risk,Churned
C03952,Maharashtra,West,8,26266.17,8405.29,2025-03-15,2025-12-30,1,2.1,0,9,5,4,3,Champions,Active
C11761,Delhi,North,2,26289.5,1460.44,2024-05-04,2024-06-14,565,1.8,1,4,1,2,3,Low value / lost,Churned
C08910,Maharashtra,West,3,26296.81,1226.64,2025-05-14,2025-09-20,102,2.7,1,6,3,3,3,Loyal,Churned
C09817,Odisha,East,5,26298.03,5220.82,2024-12-28,2025-11-24,37,7.0,1,7,4,3,3,Loyal,Active
C04650,Tamil Nadu,South,1,26314.42,-5741.63,2025-09-21,2025-09-21,101,2.0,0,2,3,1,3,Low value / lost,Churned
C03455,Bihar,East,2,26344.91,2094.08,2024-07-24,2024-12-03,393,6.5,0,2,1,2,3,Low value / lost,Churned
C04185,Tamil Nadu,South,5,26362.93,5288.24,2025-06-08,2025-11-06,55,3.2,4,6,3,3,3,Loyal,Active
C09855,West Bengal,East,5,26372.67,9508.42,2024-03-20,2024-11-29,397,4.8,1,9,1,3,3,At risk,Churned
C04938,Delhi,North,5,26397.99,1502.92,2024-06-18,2025-08-27,126,2.0,0,5,2,3,3,At risk,Churned
C00579,Tamil Nadu,South,4,26411.24,-5329.97,2024-06-20,2025-07-08,176,2.2,2,6,2,3,3,At risk,Churned
C08346,West Bengal,East,2,26429.48,2308.13,2025-04-30,2025-12-02,29,5.0,0,2,4,2,3,New / promising,Active
C01467,Karnataka,South,4,26455.43,256.97,2024-05-18,2025-09-21,101,2.4,2,7,3,3,3,Loyal,Churned
C07791,Gujarat,West,4,26503.81,5718.74,2024-09-01,2025-09-30,92,2.7,2,6,3,3,3,Loyal,Churned
C07811,Gujarat,West,3,26513.82,5513.97,2025-06-13,2025-12-24,7,2.3,0,3,5,3,3,Loyal,Active
C08205,Gujarat,West,3,26527.98,-3619.43,2025-06-09,2025-08-18,135,3.4,1,5,2,3,3,At risk,Churned
C04177,Bihar,East,6,26531.93,-99.14,2024-09-29,2025-12-20,11,5.5,0,8,5,3,3,Loyal,Active
C00131,Tamil Nadu,South,4,26534.81,6185.13,2024-06-20,2024-10-02,455,3.8,0,6,1,3,3,At risk,Churned
C04630,Rajasthan,North,4,26543.85,4723.69,2024-05-27,2025-02-21,313,4.0,0,6,1,3,3,At risk,Churned
C07687,Maharashtra,West,7,26562.87,6270.0,2024-07-22,2025-10-24,68,2.4,2,10,3,4,3,Loyal,Active
C02844,Gujarat,West,4,26571.33,-709.39,2024-07-27,2025-07-17,167,3.0,0,5,2,3,3,At risk,Churned
C06789,Karnataka,South,3,26573.88,3583.15,2024-11-27,2025-02-07,327,2.8,0,4,1,3,3,At risk,Churned
C03591,Telangana,South,4,26601.17,6517.01,2025-03-01,2025-10-23,69,4.0,1,4,3,3,3,Loyal,Active
C01671,Maharashtra,West,4,26612.87,-5853.3,2025-04-04,2025-12-13,18,2.4,1,5,4,3,3,Loyal,Active
C10741,Rajasthan,North,4,26631.46,-6582.65,2024-11-29,2025-10-29,63,4.3,0,6,3,3,3,Loyal,Active
C01753,Bihar,East,6,26636.86,-481.21,2024-11-14,2025-08-26,127,6.4,0,7,2,3,3,At risk,Churned
C04248,Delhi,North,2,26668.39,4428.97,2025-03-07,2025-10-27,65,4.3,0,3,3,2,3,Low value / lost,Active
C10199,Rajasthan,North,1,26674.0,-3192.0,2025-08-05,2025-08-05,148,4.0,0,1,2,1,3,Low value / lost,Churned
C05831,Telangana,South,4,26679.92,-3830.0,2024-12-15,2025-12-14,17,2.4,0,5,5,3,3,Loyal,Active
C03115,Telangana,South,7,26682.99,8721.7,2025-01-16,2025-05-27,218,2.9,1,11,2,4,3,At risk,Churned
C11685,Uttar Pradesh,North,8,26689.16,2225.82,2025-02-17,2025-12-15,16,3.3,0,9,5,4,3,Champions,Active
C06706,Gujarat,West,2,26690.59,2013.26,2025-06-08,2025-12-12,19,2.3,0,4,4,2,3,New / promising,Active
C05479,Uttar Pradesh,North,5,26709.5,5338.07,2024-10-26,2024-12-29,367,2.4,2,7,1,3,3,At risk,Churned
C06248,Telangana,South,1,26732.77,-3487.33,2024-04-10,2024-04-10,630,2.0,0,1,1,1,3,Low value / lost,Churned
C02093,Madhya Pradesh,Central,8,26739.45,6702.96,2024-09-22,2024-12-17,379,3.7,2,12,1,4,3,At risk,Churned
C06230,Gujarat,West,4,26741.34,1623.21,2024-11-23,2025-12-19,12,3.7,2,7,5,3,3,Loyal,Active
C10072,Telangana,South,7,26748.63,3931.96,2025-04-04,2025-12-19,12,3.0,1,7,5,4,3,Champions,Active
C10447,Delhi,North,1,26760.57,-6861.05,2025-11-05,2025-11-05,56,3.0,0,2,3,1,3,Low value / lost,Active
C02065,Odisha,East,2,26764.8,694.93,2024-08-06,2024-09-09,478,4.0,0,4,1,2,3,Low value / lost,Churned
C03957,Gujarat,West,3,26768.62,4698.38,2024-03-31,2025-11-30,31,2.8,4,6,4,3,3,Loyal,Active
C00815,Odisha,East,4,26770.55,1459.78,2024-10-08,2025-11-12,49,6.6,0,5,3,3,3,Loyal,Active
C04453,Madhya Pradesh,Central,1,26778.4,3775.43,2024-07-04,2024-07-04,545,6.0,0,2,1,1,3,Low value / lost,Churned
C10604,Gujarat,West,5,26792.01,-6917.91,2024-12-24,2025-10-24,68,2.5,2,8,3,3,3,Loyal,Active
C07969,Uttar Pradesh,North,2,26798.11,1068.28,2024-04-07,2025-06-01,213,3.0,0,2,2,2,3,Low value / lost,Churned
C06934,Assam,Northeast,3,26804.54,3874.03,2025-01-01,2025-04-30,245,8.7,1,3,2,3,3,At risk,Churned
C06614,Maharashtra,West,6,26829.6,4916.22,2024-06-03,2025-11-01,60,2.7,0,7,3,3,3,Loyal,Active
C05419,Delhi,North,9,26847.23,-943.06,2025-01-24,2025-12-25,6,2.5,0,13,5,4,3,Champions,Active
C03320,Rajasthan,North,8,26861.3,4259.2,2025-05-01,2025-12-10,21,3.4,1,15,4,4,3,Champions,Active
C03806,Maharashtra,West,2,26908.49,6542.6,2024-11-25,2024-11-28,398,2.8,1,4,1,2,3,Low value / lost,Churned
C05121,Telangana,South,3,26949.23,-5394.87,2025-02-28,2025-09-29,93,3.3,0,3,3,3,3,Loyal,Churned
C11565,Karnataka,South,5,26951.77,-2983.88,2024-10-14,2025-10-23,69,2.7,1,6,3,3,3,Loyal,Active
C01950,Gujarat,West,8,26952.09,-3281.91,2024-04-25,2025-11-03,58,3.9,2,12,3,4,3,Loyal,Active
C04867,Karnataka,South,10,26955.17,3161.88,2024-10-29,2025-12-22,9,2.7,1,17,5,4,3,Champions,Active
C05447,Tamil Nadu,South,4,26987.3,-671.1,2024-08-21,2025-11-24,37,3.3,1,4,4,3,3,Loyal,Active
C04307,Delhi,North,1,26991.49,396.55,2025-04-17,2025-04-17,258,1.0,0,3,2,1,3,Low value / lost,Churned
C06042,Rajasthan,North,1,26991.8,-1962.84,2024-08-31,2024-08-31,487,5.0,0,3,1,1,3,Low value / lost,Churned
C07517,Karnataka,South,2,27007.38,7145.11,2024-05-11,2024-10-14,443,3.0,1,3,1,2,3,Low value / lost,Churned
C11503,West Bengal,East,2,27048.55,2644.79,2025-04-04,2025-04-23,252,4.5,0,4,2,2,3,Low value / lost,Churned
C10860,Uttar Pradesh,North,3,27057.62,4594.62,2025-06-27,2025-08-25,128,3.4,0,5,2,3,3,At risk,Churned
C09945,West Bengal,East,3,27072.45,3907.01,2025-05-20,2025-11-14,47,5.7,0,3,3,3,3,Loyal,Active
C02598,Maharashtra,West,1,27083.8,3532.97,2025-01-18,2025-01-18,347,3.0,0,2,1,1,3,Low value / lost,Churned
C06507,West Bengal,East,2,27134.25,-7494.87,2024-10-07,2024-10-27,430,6.0,0,2,1,2,3,Low value / lost,Churned
C02666,Maharashtra,West,6,27150.94,5222.13,2024-05-06,2025-09-17,105,2.4,0,8,3,3,3,Loyal,Churned
C01637,Uttar Pradesh,North,5,27155.78,1672.83,2024-05-25,2025-11-23,38,3.1,4,10,4,3,3,Loyal,Active
C10166,Delhi,North,3,27169.93,6203.15,2024-11-27,2025-05-27,218,2.0,1,7,2,3,3,At risk,Churned
C07884,Maharashtra,West,4,27178.14,-1739.65,2024-10-14,2025-09-10,112,2.3,0,7,2,3,3,At risk,Churned
C02520,Delhi,North,2,27181.73,3036.62,2025-02-02,2025-03-04,302,1.0,1,2,1,2,3,Low value / lost,Churned
C02389,Maharashtra,West,5,27235.9,7427.95,2025-02-18,2025-11-08,53,2.8,2,8,3,3,3,Loyal,Active
C04962,West Bengal,East,4,27236.87,1378.89,2024-09-14,2025-12-27,4,5.3,0,6,5,3,3,Loyal,Active
C09467,Delhi,North,1,27248.15,-5651.07,2025-04-21,2025-04-21,254,2.0,0,1,2,1,3,Low value / lost,Churned
C09908,Tamil Nadu,South,4,27251.26,1056.49,2024-10-09,2025-10-03,89,2.2,1,5,3,3,3,Loyal,Active
C04508,Tamil Nadu,South,2,27253.37,1714.13,2024-03-26,2024-05-06,604,2.5,0,2,1,2,3,Low value / lost,Churned
C11950,Uttar Pradesh,North,12,27267.79,7237.45,2024-04-08,2025-10-06,86,4.2,3,18,3,4,3,Loyal,Active
C02990,Maharashtra,West,8,27274.55,10905.63,2024-09-18,2025-12-16,15,2.4,2,9,5,4,3,Champions,Active
C00390,West Bengal,East,3,27275.53,-635.32,2024-12-06,2025-02-24,310,4.8,0,4,1,3,3,At risk,Churned
C05275,West Bengal,East,3,27278.83,1247.47,2025-02-26,2025-11-28,33,5.7,0,3,4,3,3,Loyal,Active
C03782,Telangana,South,2,27296.57,947.88,2025-06-11,2025-07-30,154,3.5,0,2,2,2,3,Low value / lost,Churned
C10855,Tamil Nadu,South,6,27300.75,-1327.46,2025-05-12,2025-11-27,34,3.3,0,9,4,3,3,Loyal,Active
C11969,Maharashtra,West,1,27305.0,10212.34,2025-07-05,2025-07-05,179,4.0,0,1,2,1,3,Low value / lost,Churned
C09920,Maharashtra,West,10,27305.49,9113.82,2025-02-19,2025-11-23,38,2.6,2,14,4,4,3,Champions,Active
C11576,Karnataka,South,2,27315.78,6226.41,2025-06-27,2025-10-25,67,1.4,0,5,3,2,3,Low value / lost,Active
C01764,Bihar,East,2,27316.23,3455.95,2024-10-15,2025-09-17,105,6.7,0,3,3,2,3,Low value / lost,Churned
C10008,Karnataka,South,7,27345.21,8719.54,2025-06-16,2025-11-11,50,2.5,1,11,3,4,3,Loyal,Active
C06355,Karnataka,South,4,27356.8,-6208.89,2024-10-31,2025-02-18,316,2.4,0,7,1,3,3,At risk,Churned
C00686,Maharashtra,West,5,27366.56,11744.77,2024-04-12,2025-05-05,240,1.8,2,9,2,3,3,At risk,Churned
C05738,Maharashtra,West,9,27374.52,4863.49,2024-11-17,2025-12-23,8,2.5,1,11,5,4,3,Champions,Active
C01857,Gujarat,West,1,27376.15,886.34,2024-10-14,2024-10-14,443,3.0,1,1,1,1,3,Low value / lost,Churned
C01762,Karnataka,South,1,27376.15,894.48,2025-03-04,2025-03-04,302,2.0,0,1,1,1,3,Low value / lost,Churned
C03698,Gujarat,West,3,27410.19,-2623.61,2024-12-31,2025-12-09,22,1.3,0,3,4,3,3,Loyal,Active
C00898,Karnataka,South,6,27411.15,-10643.92,2024-06-21,2025-11-12,49,2.0,2,8,3,3,3,Loyal,Active
C02385,Bihar,East,8,27413.3,1627.94,2024-07-05,2024-11-11,415,7.2,0,14,1,4,3,At risk,Churned
C11869,Tamil Nadu,South,7,27476.93,7721.02,2024-04-10,2024-10-19,438,2.5,0,8,1,4,3,At risk,Churned
C04001,Delhi,North,9,27523.68,8510.73,2024-01-30,2024-08-05,513,1.7,3,11,1,4,3,At risk,Churned
C07832,Delhi,North,6,27526.54,6293.28,2024-08-31,2025-12-27,4,1.8,1,6,5,3,3,Loyal,Active
C09667,Uttar Pradesh,North,3,27529.32,-225.95,2025-06-05,2025-11-19,42,3.8,0,5,4,3,3,Loyal,Active
C10805,Gujarat,West,6,27540.35,4203.22,2025-04-14,2025-11-18,43,2.8,3,8,4,3,3,Loyal,Active
C01837,Telangana,South,4,27556.15,8221.76,2024-07-10,2025-11-25,36,3.6,0,7,4,3,3,Loyal,Active
C06997,Tamil Nadu,South,2,27741.92,3021.12,2025-08-19,2025-08-24,129,3.0,0,4,2,2,3,Low value / lost,Churned
C06686,Uttar Pradesh,North,3,27750.29,2731.1,2025-02-20,2025-04-04,271,4.2,1,5,2,3,3,At risk,Churned
C08094,Karnataka,South,1,27781.64,36.76,2024-03-30,2024-03-30,641,2.0,0,3,1,1,3,Low value / lost,Churned
C09779,Maharashtra,West,3,27788.74,3870.89,2024-02-07,2025-01-23,342,2.7,0,3,1,3,3,At risk,Churned
C10479,Kerala,South,2,27790.04,-4815.07,2024-06-11,2024-10-15,442,3.5,0,2,1,2,3,Low value / lost,Churned
C00696,Karnataka,South,3,27799.12,-9042.09,2024-05-01,2025-01-25,340,3.8,0,4,1,3,3,At risk,Churned
C05161,Maharashtra,West,5,27808.18,9326.0,2024-12-10,2025-10-17,75,2.3,1,9,3,3,3,Loyal,Active
C00231,Odisha,East,8,27826.84,7628.77,2025-02-18,2025-12-29,2,5.1,2,9,5,4,3,Champions,Active
C03511,Madhya Pradesh,Central,1,27834.26,1344.86,2025-12-21,2025-12-21,10,1.0,0,2,5,1,3,New / promising,Active
C01050,Madhya Pradesh,Central,4,27856.87,7990.63,2025-03-12,2025-11-22,39,4.3,0,11,4,3,3,Loyal,Active
C00250,Telangana,South,2,27859.5,-1856.54,2024-03-18,2024-07-28,521,2.8,1,4,1,2,3,Low value / lost,Churned
C06723,West Bengal,East,4,27862.68,488.87,2024-04-17,2025-05-28,217,4.7,2,7,2,3,3,At risk,Churned
C00998,Madhya Pradesh,Central,7,27924.58,-517.5,2024-10-04,2025-12-31,0,3.4,2,9,5,4,3,Champions,Active
C06312,Gujarat,West,7,27968.86,3699.51,2024-11-24,2025-12-07,24,2.9,2,11,4,4,3,Champions,Active
C10374,Rajasthan,North,8,27976.88,3125.86,2024-02-23,2025-02-28,306,3.9,0,10,1,4,3,At risk,Churned
C10023,Telangana,South,3,27992.1,5770.88,2024-06-21,2025-07-13,171,1.3,1,6,2,3,3,At risk,Churned
C06442,Gujarat,West,5,27992.17,-6044.26,2025-07-05,2025-10-19,73,3.7,1,7,3,3,3,Loyal,Active
C03796,Tamil Nadu,South,1,28047.35,3676.15,2025-07-24,2025-07-24,160,2.0,0,1,2,1,3,Low value / lost,Churned
C03454,Karnataka,South,5,28049.69,2444.75,2024-07-30,2025-08-16,137,2.6,0,7,2,3,3,At risk,Churned
C07713,Karnataka,South,7,28104.31,3311.44,2025-02-28,2025-06-25,189,2.8,3,8,2,4,3,At risk,Churned
C01451,Tamil Nadu,South,8,28129.05,4105.13,2024-07-13,2025-08-22,131,3.3,2,12,2,4,3,At risk,Churned
C07529,Kerala,South,4,28129.6,375.46,2024-03-07,2024-11-08,418,3.8,0,5,1,3,3,At risk,Churned
C01252,Gujarat,West,1,28131.42,2127.1,2025-03-20,2025-03-20,286,4.0,1,3,1,1,3,Low value / lost,Churned
C10865,Karnataka,South,5,28137.07,3482.86,2025-05-19,2025-12-21,10,2.5,1,10,5,3,3,Loyal,Active
C01642,Maharashtra,West,1,28138.01,-2519.43,2025-09-04,2025-09-04,118,3.0,0,2,2,1,3,Low value / lost,Churned
C10999,Telangana,South,3,28159.87,3144.17,2025-09-05,2025-11-07,54,2.0,1,3,3,3,3,Loyal,Active
C04057,Tamil Nadu,South,9,28166.7,3323.76,2024-10-28,2025-10-01,91,3.4,4,11,3,4,3,Loyal,Churned
C05598,Maharashtra,West,4,28171.68,4943.71,2024-07-26,2024-11-29,397,2.4,1,7,1,3,3,At risk,Churned
C03477,Kerala,South,9,28202.22,2739.82,2024-01-21,2024-08-27,491,3.8,7,12,1,4,3,At risk,Churned
C04902,Uttar Pradesh,North,3,28236.1,3744.09,2025-08-06,2025-12-30,1,2.3,1,3,5,3,3,Loyal,Active
C07642,Maharashtra,West,6,28262.86,6033.23,2025-07-06,2025-09-22,100,2.1,0,7,3,3,3,Loyal,Churned
C09443,Telangana,South,9,28273.55,4243.55,2024-10-21,2025-11-28,33,2.2,1,12,4,4,3,Champions,Active
C04826,Karnataka,South,5,28300.51,-1079.32,2024-06-06,2024-11-21,405,2.0,0,5,1,3,3,At risk,Churned
C09376,Kerala,South,7,28323.25,4918.56,2024-04-23,2024-12-11,385,3.4,3,14,1,4,3,At risk,Churned
C06980,Rajasthan,North,3,28326.88,989.47,2024-04-21,2025-09-01,121,4.4,0,5,2,3,3,At risk,Churned
C01980,Rajasthan,North,6,28340.77,4348.7,2025-04-07,2025-08-10,143,5.4,0,8,2,3,3,At risk,Churned
C10576,Maharashtra,West,3,28367.86,-4692.41,2024-11-30,2025-12-09,22,1.8,0,5,4,3,3,Loyal,Active
C04189,Delhi,North,3,28370.01,5943.19,2024-09-13,2025-01-07,358,1.7,0,9,1,3,3,At risk,Churned
C06215,Tamil Nadu,South,6,28384.22,5791.67,2024-09-14,2025-11-21,40,2.9,2,9,4,3,3,Loyal,Active
C09135,Delhi,North,7,28394.21,2660.87,2025-03-30,2025-12-28,3,2.0,1,9,5,4,3,Champions,Active
C08353,Bihar,East,4,28408.15,5113.03,2024-08-11,2025-10-12,80,7.5,0,6,3,3,3,Loyal,Active
C05877,Telangana,South,4,28419.12,5465.24,2024-12-10,2025-05-26,219,2.4,1,5,2,3,3,At risk,Churned
C02658,Karnataka,South,4,28427.64,1944.63,2024-06-01,2025-12-02,29,2.8,0,6,4,3,3,Loyal,Active
C09252,Karnataka,South,7,28432.22,3525.03,2024-08-24,2025-12-26,5,1.6,1,9,5,4,3,Champions,Active
C00443,Maharashtra,West,2,28450.13,-4610.18,2025-08-15,2025-08-20,133,3.5,1,2,2,2,3,Low value / lost,Churned
C02795,Maharashtra,West,2,28465.35,2858.57,2024-02-29,2025-08-30,123,2.0,0,2,2,2,3,Low value / lost,Churned
C07136,Gujarat,West,2,28491.94,611.78,2025-08-08,2025-11-08,53,2.5,0,2,3,2,3,Low value / lost,Active
C05660,Delhi,North,6,28548.93,-2960.1,2024-10-20,2025-10-29,63,1.8,1,6,3,3,3,Loyal,Active
C08545,Uttar Pradesh,North,7,28560.61,6004.15,2024-09-11,2025-03-15,291,2.9,0,9,1,4,3,At risk,Churned
C09649,Telangana,South,4,28561.56,1148.07,2024-12-03,2025-05-14,231,1.5,0,6,2,3,3,At risk,Churned
C02749,Kerala,South,15,28610.26,10152.33,2024-12-14,2025-12-24,7,3.0,3,20,5,5,3,Champions,Active
C01010,Gujarat,West,3,28613.95,2751.78,2025-03-23,2025-08-21,132,2.2,0,6,2,3,3,At risk,Churned
C09421,Maharashtra,West,10,28634.57,-2305.72,2024-05-19,2025-12-08,23,2.5,0,11,4,4,3,Champions,Active
C05244,Tamil Nadu,South,7,28638.54,-11464.46,2025-05-07,2025-11-12,49,2.7,1,7,3,4,3,Loyal,Active
C00508,Telangana,South,9,28694.42,478.03,2024-09-06,2025-12-18,13,1.7,2,9,5,4,3,Champions,Active
C01682,Maharashtra,West,8,28695.75,2956.15,2024-01-15,2025-05-21,224,1.7,1,9,2,4,3,At risk,Churned
C08470,Telangana,South,1,28721.46,2569.16,2025-07-12,2025-07-12,172,4.0,0,1,2,1,3,Low value / lost,Churned
C10207,Kerala,South,5,28722.06,-1222.91,2024-09-14,2025-10-06,86,3.0,1,5,3,3,3,Loyal,Active
C02087,West Bengal,East,8,28738.74,5893.68,2024-02-13,2024-11-13,413,4.7,0,11,1,4,3,At risk,Churned
C08745,West Bengal,East,8,28750.07,4033.21,2024-06-10,2025-12-02,29,5.3,1,10,4,4,3,Champions,Active
C09677,Uttar Pradesh,North,3,28757.27,-5401.03,2025-10-28,2025-12-05,26,3.0,1,4,4,3,3,Loyal,Active
C05551,Telangana,South,7,28837.54,6181.13,2025-02-05,2025-10-06,86,2.3,1,9,3,4,3,Loyal,Active
C11938,Odisha,East,3,28863.48,262.08,2025-08-21,2025-11-14,47,6.4,0,5,3,3,3,Loyal,Active
C07710,Bihar,East,9,28902.45,7410.25,2024-03-18,2025-12-14,17,6.5,0,14,5,4,3,Champions,Active
C03013,Rajasthan,North,5,28915.82,3504.93,2024-10-18,2024-11-26,400,5.0,0,7,1,3,3,At risk,Churned
C06134,Madhya Pradesh,Central,2,28920.39,2137.05,2025-01-23,2025-08-11,142,4.0,0,4,2,2,3,Low value / lost,Churned
C11893,Uttar Pradesh,North,5,28956.32,5722.81,2025-05-16,2025-11-12,49,3.5,0,8,3,3,3,Loyal,Active
C05379,Telangana,South,3,28956.7,2687.39,2024-07-19,2025-09-19,103,2.3,0,6,3,3,3,Loyal,Churned
C09414,Delhi,North,4,28959.81,-1416.87,2025-01-25,2025-05-06,239,1.8,0,4,2,3,3,At risk,Churned
C07370,Delhi,North,3,28972.16,2814.81,2024-12-23,2025-09-21,101,2.3,0,4,3,3,3,Loyal,Churned
C05268,Delhi,North,3,28987.71,-556.23,2024-09-08,2024-12-06,390,2.3,0,3,1,3,3,At risk,Churned
C11851,Gujarat,West,3,28998.95,-5412.71,2024-10-08,2024-11-03,423,4.8,0,5,1,3,3,At risk,Churned
C11305,Odisha,East,6,29017.59,7226.22,2024-10-06,2025-08-31,122,5.6,2,8,2,3,3,At risk,Churned
C00502,Tamil Nadu,South,3,29030.18,-7854.32,2024-05-10,2025-11-16,45,3.3,0,3,4,3,3,Loyal,Active
C06246,Rajasthan,North,11,29039.79,6361.44,2024-07-15,2025-12-08,23,4.4,1,13,4,4,3,Champions,Active
C00913,Delhi,North,9,29058.91,3366.0,2024-09-10,2025-11-25,36,2.7,1,10,4,4,3,Champions,Active
C00575,Tamil Nadu,South,1,29064.52,-15687.82,2024-10-20,2024-10-20,437,4.0,0,1,1,1,3,Low value / lost,Churned
C10918,Karnataka,South,6,29081.41,3882.67,2025-03-23,2025-11-10,51,2.5,1,10,3,3,3,Loyal,Active
C11896,Maharashtra,West,4,29093.68,-856.46,2025-04-27,2025-09-12,110,2.3,0,7,2,3,3,At risk,Churned
C08407,Tamil Nadu,South,3,29097.39,6897.85,2024-01-20,2024-02-24,676,2.7,3,6,1,3,3,At risk,Churned
C04384,Uttar Pradesh,North,10,29123.0,-3027.46,2024-05-29,2025-07-30,154,4.0,0,12,2,4,3,At risk,Churned
C00834,Delhi,North,4,29186.57,6639.54,2025-06-30,2025-11-25,36,1.6,2,8,4,3,3,Loyal,Active
C09723,Maharashtra,West,8,29199.61,4221.7,2025-04-10,2025-11-23,38,2.3,1,15,4,4,3,Champions,Active
C09284,Karnataka,South,5,29252.31,-1300.01,2025-02-28,2025-10-28,64,2.6,0,8,3,3,3,Loyal,Active
C06233,Uttar Pradesh,North,3,29269.56,-2874.1,2024-12-21,2025-11-01,60,4.8,0,4,3,3,3,Loyal,Active
C02490,Maharashtra,West,8,29302.09,7808.48,2025-04-09,2025-11-13,48,2.3,2,10,3,4,3,Loyal,Active
C10190,Uttar Pradesh,North,1,29306.23,3529.38,2025-07-14,2025-07-14,170,2.0,1,2,2,1,3,Low value / lost,Churned
C09003,West Bengal,East,3,29318.73,302.37,2024-09-29,2025-11-17,44,4.0,0,5,4,3,3,Loyal,Active
C00095,Odisha,East,12,29352.29,3877.48,2024-09-21,2025-11-03,58,5.2,1,16,3,4,3,Loyal,Active
C04781,Tamil Nadu,South,9,29355.68,5555.05,2024-07-26,2025-06-15,199,3.2,1,13,2,4,3,At risk,Churned
C07007,Karnataka,South,7,29358.9,9075.8,2024-02-04,2025-11-09,52,2.4,4,10,3,4,3,Loyal,Active
C10397,Bihar,East,10,29378.39,5712.05,2024-11-10,2024-12-11,385,6.8,6,17,1,4,3,At risk,Churned
C05212,Karnataka,South,5,29385.55,4874.71,2024-07-18,2025-09-30,92,1.9,0,7,3,3,3,Loyal,Churned
C08690,Bihar,East,3,29425.69,2834.77,2024-08-04,2024-08-31,487,7.0,1,4,1,3,3,At risk,Churned
C05976,West Bengal,East,2,29448.72,-2433.35,2024-12-27,2025-06-22,192,5.5,0,4,2,2,3,Low value / lost,Churned
C03437,Telangana,South,6,29502.98,-1824.38,2024-11-11,2025-10-07,85,2.1,0,9,3,3,3,Loyal,Active
C03708,Uttar Pradesh,North,4,29506.13,-4124.58,2024-07-01,2024-10-20,437,3.2,0,6,1,3,3,At risk,Churned
C01827,Kerala,South,8,29512.93,4793.31,2025-06-21,2025-11-14,47,2.9,0,10,3,4,3,Loyal,Active
C02466,Madhya Pradesh,Central,6,29515.17,8688.2,2024-10-13,2025-12-12,19,4.6,2,10,4,3,3,Loyal,Active
C09863,Gujarat,West,5,29536.35,-4398.65,2024-03-22,2024-11-21,405,3.0,1,5,1,3,3,At risk,Churned
C01692,Gujarat,West,6,29547.68,6914.47,2025-02-12,2025-12-16,15,2.0,2,8,5,3,3,Loyal,Active
C01823,Gujarat,West,3,29565.45,-4274.1,2024-11-28,2025-01-27,338,1.8,0,4,1,3,3,At risk,Churned
C01037,Uttar Pradesh,North,2,29581.17,3884.5,2025-05-29,2025-08-01,152,6.0,1,4,2,2,3,Low value / lost,Churned
C02479,Uttar Pradesh,North,3,29588.63,2029.73,2024-08-27,2025-09-28,94,3.0,1,5,3,3,3,Loyal,Churned
C11913,Uttar Pradesh,North,1,29594.59,-13542.0,2025-05-22,2025-05-22,223,4.0,0,1,2,1,3,Low value / lost,Churned
C07270,Kerala,South,2,29602.81,2594.53,2024-09-05,2025-01-01,364,2.3,0,3,1,2,3,Low value / lost,Churned
C09208,Karnataka,South,6,29621.76,-3900.79,2024-11-03,2025-07-27,157,3.2,1,6,2,3,3,At risk,Churned
C06116,Maharashtra,West,4,29645.54,4575.11,2024-11-09,2025-11-25,36,2.8,1,6,4,3,3,Loyal,Active
C04212,Tamil Nadu,South,15,29656.16,8704.24,2024-10-20,2025-12-22,9,3.2,2,23,5,5,3,Champions,Active
C05292,West Bengal,East,7,29659.45,4653.93,2024-11-11,2025-11-17,44,4.9,1,11,4,4,3,Champions,Active
C07046,Bihar,East,4,29660.51,-1322.83,2025-07-18,2025-10-22,70,7.3,0,6,3,3,3,Loyal,Active
C03916,Assam,Northeast,4,29666.66,-12805.12,2024-12-13,2025-08-19,134,6.9,3,8,2,3,3,At risk,Churned
C03339,Delhi,North,9,29667.56,5188.24,2024-11-16,2025-12-25,6,1.8,4,10,5,4,3,Champions,Active
C08290,Tamil Nadu,South,6,29695.1,8450.55,2024-01-12,2024-10-25,432,2.6,0,7,1,3,3,At risk,Churned
C01026,Delhi,North,8,29729.9,3769.96,2024-11-12,2025-12-11,20,1.8,1,10,4,4,3,Champions,Active
C07590,Karnataka,South,3,29733.6,416.64,2024-10-25,2025-11-02,59,2.0,1,4,3,3,3,Loyal,Active
C03658,Maharashtra,West,4,29742.31,5050.12,2025-03-12,2025-12-04,27,3.0,0,6,4,3,3,Loyal,Active
C06797,Telangana,South,1,29746.28,-13564.25,2024-10-17,2024-10-17,440,2.0,0,2,1,1,3,Low value / lost,Churned
C04868,Maharashtra,West,12,29760.28,5153.58,2025-03-21,2025-12-31,0,3.1,5,15,5,4,3,Champions,Active
C01833,Telangana,South,3,29812.15,8705.45,2024-04-21,2025-09-21,101,1.6,0,5,3,3,3,Loyal,Churned
C11667,Delhi,North,5,29813.23,7513.93,2025-09-13,2025-11-16,45,1.6,1,8,4,3,3,Loyal,Active
C08087,Gujarat,West,10,29828.42,1265.01,2024-01-06,2024-10-02,455,3.1,2,11,1,4,3,At risk,Churned
C03361,Assam,Northeast,1,29848.89,5871.25,2025-06-29,2025-06-29,185,9.0,0,1,2,1,3,Low value / lost,Churned
C11121,Delhi,North,3,29904.85,-16248.33,2024-08-26,2025-11-28,33,1.3,1,6,4,3,3,Loyal,Active
C00595,Uttar Pradesh,North,5,29921.97,10597.64,2025-06-18,2025-12-31,0,4.6,1,7,5,3,3,Loyal,Active
C02628,Karnataka,South,6,29941.36,-620.61,2024-06-29,2025-11-15,46,3.2,1,9,4,3,3,Loyal,Active
C06881,Gujarat,West,2,29945.12,647.87,2025-06-29,2025-11-13,48,2.5,0,2,3,2,3,Low value / lost,Active
C00566,Gujarat,West,6,29949.21,7528.06,2024-06-18,2025-08-12,141,3.1,1,10,2,3,3,At risk,Churned
C09862,Kerala,South,5,29954.99,-15958.71,2024-05-04,2025-11-03,58,2.4,0,8,3,3,3,Loyal,Active
C02472,Telangana,South,3,29959.32,3336.65,2024-10-01,2024-12-15,381,2.8,0,5,1,3,3,At risk,Churned
C00780,Tamil Nadu,South,8,30041.63,2160.0,2024-03-10,2025-09-11,111,3.3,2,11,2,4,3,At risk,Churned
C00699,Madhya Pradesh,Central,7,30047.86,6504.25,2025-01-04,2025-12-10,21,3.8,1,8,4,4,3,Champions,Active
C03423,Uttar Pradesh,North,5,30087.53,889.02,2024-02-05,2025-10-30,62,5.4,1,7,3,3,3,Loyal,Active
C09825,Karnataka,South,6,30090.85,-9751.53,2025-02-25,2025-11-27,34,2.5,1,6,4,3,3,Loyal,Active
C00323,Gujarat,West,2,30136.5,-4376.38,2025-01-31,2025-10-29,63,3.0,0,3,3,2,3,Low value / lost,Active
C11082,Delhi,North,5,30150.09,4975.76,2025-05-05,2025-12-24,7,1.8,0,6,5,3,3,Loyal,Active
C05700,Delhi,North,2,30168.22,3965.04,2025-06-19,2025-12-13,18,3.0,0,3,4,2,3,New / promising,Active
C10517,Maharashtra,West,7,30177.32,2543.7,2024-11-07,2025-06-19,195,2.2,0,11,2,4,3,At risk,Churned
C08313,Karnataka,South,3,30231.23,4774.48,2024-10-24,2025-12-24,7,2.0,1,4,5,3,3,Loyal,Active
C06717,Uttar Pradesh,North,1,30242.84,3180.69,2024-06-17,2024-06-17,562,4.0,0,2,1,1,3,Low value / lost,Churned
C06561,Assam,Northeast,1,30276.54,-290.34,2025-12-13,2025-12-13,18,8.0,0,2,4,1,3,New / promising,Active
C02411,Karnataka,South,7,30302.08,-7344.07,2025-08-30,2025-11-22,39,2.6,1,9,4,4,3,Champions,Active
C03123,Telangana,South,8,30310.42,6573.05,2024-05-05,2025-07-14,170,1.9,0,10,2,4,3,At risk,Churned
C11282,Rajasthan,North,15,30354.28,3487.37,2024-08-25,2025-11-21,40,4.0,0,18,4,5,3,Champions,Active
C02310,Maharashtra,West,10,30366.62,6501.45,2025-06-12,2025-12-20,11,2.1,1,14,5,4,3,Champions,Active
C09016,Karnataka,South,9,30379.3,944.18,2024-12-04,2025-12-13,18,2.4,3,11,4,4,3,Champions,Active
C08591,Rajasthan,North,5,30388.5,-2384.35,2024-04-28,2024-12-26,370,4.3,1,7,1,3,3,At risk,Churned
C04530,Maharashtra,West,4,30404.3,-8563.06,2024-08-01,2025-06-12,202,2.4,1,5,2,3,3,At risk,Churned
C07082,Delhi,North,7,30415.02,8403.87,2024-11-13,2025-12-21,10,2.2,2,9,5,4,3,Champions,Active
C07724,Maharashtra,West,6,30416.14,2650.03,2025-04-15,2025-10-27,65,2.3,3,13,3,3,3,Loyal,Active
C07973,Maharashtra,West,4,30418.53,2680.75,2025-04-20,2025-12-19,12,2.3,1,4,5,3,3,Loyal,Active
C04895,Odisha,East,3,30440.32,699.92,2024-12-28,2025-06-29,185,4.7,0,3,2,3,3,At risk,Churned
C00606,Maharashtra,West,2,30445.26,-5646.05,2024-12-29,2025-09-15,107,2.5,0,2,3,2,3,Low value / lost,Churned
C05375,Gujarat,West,8,30475.12,2179.68,2024-05-28,2025-10-27,65,3.8,8,12,3,4,3,Loyal,Active
C01786,Kerala,South,2,30511.29,4862.43,2025-05-26,2025-11-12,49,3.3,1,4,3,2,3,Low value / lost,Active
C11963,Karnataka,South,1,30542.43,-735.95,2025-06-22,2025-06-22,192,1.0,0,3,2,1,3,Low value / lost,Churned
C03919,Bihar,East,6,30588.82,6116.03,2025-05-12,2025-12-13,18,6.9,1,8,4,3,3,Loyal,Active
C04864,Maharashtra,West,8,30592.13,7763.06,2024-05-20,2025-10-09,83,2.3,2,10,3,4,3,Loyal,Active
C00029,Delhi,North,1,30596.88,4117.94,2025-07-16,2025-07-16,168,3.0,0,1,2,1,3,Low value / lost,Churned
C10435,Uttar Pradesh,North,5,30622.23,8394.5,2024-02-15,2024-07-12,537,4.6,2,7,1,3,3,At risk,Churned
C09542,Kerala,South,7,30644.61,9778.45,2024-05-11,2025-11-26,35,4.3,2,9,4,4,3,Champions,Active
C03285,Maharashtra,West,2,30682.03,-2594.55,2025-01-07,2025-11-04,57,2.0,0,4,3,2,3,Low value / lost,Active
C05369,Rajasthan,North,11,30692.77,10702.56,2024-08-02,2025-12-29,2,3.3,6,14,5,4,3,Champions,Active
C10927,Telangana,South,4,30701.02,2773.29,2024-01-29,2024-12-09,387,1.7,0,7,1,3,3,At risk,Churned
C08567,Gujarat,West,5,30702.27,5203.02,2024-11-03,2025-12-22,9,2.7,1,6,5,3,3,Loyal,Active
C05796,Bihar,East,5,30706.31,6384.27,2025-04-25,2025-09-28,94,6.4,0,7,3,3,3,Loyal,Churned
C04491,Uttar Pradesh,North,2,30709.83,1562.91,2025-10-10,2025-10-22,70,4.4,2,5,3,2,3,Low value / lost,Active
C09590,Tamil Nadu,South,1,30791.52,1646.22,2025-12-14,2025-12-14,17,3.0,1,2,5,1,3,New / promising,Active
C08666,Madhya Pradesh,Central,7,30797.95,2198.11,2024-10-23,2025-09-14,108,4.4,0,11,3,4,3,Loyal,Churned
C01448,Bihar,East,7,30856.48,5323.64,2025-01-19,2025-12-26,5,6.3,0,9,5,4,3,Champions,Active
C09630,Kerala,South,5,30859.24,3514.87,2024-11-09,2025-10-04,88,3.9,2,7,3,3,3,Loyal,Active
C11379,Rajasthan,North,2,30863.29,3091.36,2025-04-08,2025-10-10,82,6.3,0,3,3,2,3,Low value / lost,Active
C02357,Karnataka,South,6,30898.54,-1436.28,2024-09-15,2025-11-17,44,2.4,2,9,4,3,3,Loyal,Active
C09720,Uttar Pradesh,North,5,30901.42,7547.91,2025-04-23,2025-12-07,24,3.7,1,6,4,3,3,Loyal,Active
C00429,Tamil Nadu,South,3,30934.9,-1187.13,2024-09-16,2025-12-17,14,1.8,2,4,5,3,3,Loyal,Active
C05114,West Bengal,East,2,30947.72,-15038.05,2025-05-31,2025-11-17,44,5.0,0,2,4,2,3,New / promising,Active
C00116,Rajasthan,North,3,30964.65,-8831.23,2024-06-28,2025-09-06,116,4.7,0,3,2,3,3,At risk,Churned
C00470,Karnataka,South,2,31004.95,-10295.29,2024-06-13,2025-03-20,286,3.8,0,5,1,2,3,Low value / lost,Churned
C01841,Karnataka,South,4,31005.41,8138.55,2025-02-09,2025-11-02,59,2.2,1,6,3,3,3,Loyal,Active
C08487,Telangana,South,11,31033.5,3371.24,2024-09-30,2025-09-30,92,2.6,3,16,3,4,3,Loyal,Churned
C11909,Gujarat,West,5,31074.52,6730.87,2024-09-21,2025-08-24,129,4.4,3,9,2,3,3,At risk,Churned
C06591,Assam,Northeast,7,31076.65,5873.22,2024-01-28,2024-07-25,524,7.0,0,9,1,4,3,At risk,Churned
C08796,Delhi,North,2,31099.34,-1692.05,2024-04-18,2024-10-05,452,2.5,1,4,1,2,3,Low value / lost,Churned
C04351,Gujarat,West,5,31100.77,7117.98,2025-02-25,2025-12-14,17,2.7,2,7,5,3,3,Loyal,Active
C04732,Maharashtra,West,6,31108.43,7687.09,2024-07-26,2025-09-06,116,2.7,0,7,2,3,3,At risk,Churned
C07017,Bihar,East,6,31110.48,6470.76,2024-04-01,2025-06-18,196,6.1,2,7,2,3,3,At risk,Churned
C04353,Delhi,North,5,31117.46,8405.36,2025-07-27,2025-12-18,13,2.7,2,9,5,3,3,Loyal,Active
C06804,Gujarat,West,3,31131.1,-3228.27,2025-10-12,2025-12-25,6,4.0,0,3,5,3,3,Loyal,Active
C01168,West Bengal,East,1,31147.6,-7587.75,2025-03-02,2025-03-02,304,7.0,0,2,1,1,3,Low value / lost,Churned
C00816,Uttar Pradesh,North,6,31193.39,3425.91,2025-06-14,2025-11-15,46,3.3,0,8,4,3,3,Loyal,Active
C07833,Delhi,North,2,31209.99,3749.15,2025-06-02,2025-07-12,172,3.6,0,5,2,2,3,Low value / lost,Churned
C11858,Delhi,North,7,31215.4,6617.32,2024-12-12,2025-06-15,199,2.6,1,9,2,4,3,At risk,Churned
C08480,Gujarat,West,5,31222.94,7190.95,2025-04-01,2025-11-07,54,2.7,1,7,3,3,3,Loyal,Active
C01012,West Bengal,East,4,31236.77,2918.64,2025-07-20,2025-12-24,7,5.5,1,4,5,3,3,Loyal,Active
C03049,Delhi,North,2,31243.89,6534.98,2024-02-27,2024-05-07,603,2.3,0,3,1,2,3,Low value / lost,Churned
C07096,Telangana,South,3,31247.1,3012.06,2025-08-07,2025-12-20,11,2.0,0,4,5,3,3,Loyal,Active
C01905,Telangana,South,2,31258.4,538.98,2025-03-16,2025-06-01,213,2.5,1,4,2,2,3,Low value / lost,Churned
C07304,Uttar Pradesh,North,2,31261.36,4481.82,2024-02-24,2024-11-04,422,3.2,0,5,1,2,3,Low value / lost,Churned
C07908,Rajasthan,North,5,31350.78,1817.48,2025-04-02,2025-11-19,42,5.0,0,6,4,3,3,Loyal,Active
C00827,Maharashtra,West,3,31356.78,452.42,2025-10-21,2025-12-09,22,2.7,0,3,4,3,3,Loyal,Active
C10611,Rajasthan,North,8,31371.61,4137.49,2024-11-23,2025-05-04,241,4.5,1,8,2,4,3,At risk,Churned
C01139,Karnataka,South,3,31419.2,1078.85,2024-12-23,2025-02-02,332,2.3,0,3,1,3,3,At risk,Churned
C04143,Delhi,North,6,31426.98,4232.93,2025-03-11,2025-09-23,99,2.2,0,13,3,3,3,Loyal,Churned
C10705,West Bengal,East,20,31427.63,7438.01,2024-03-18,2025-09-23,99,5.2,1,26,3,5,3,Loyal,Churned
C02774,Uttar Pradesh,North,1,31437.59,-3857.61,2024-12-19,2024-12-19,377,3.0,0,1,1,1,3,Low value / lost,Churned
C01350,Telangana,South,1,31437.59,-3836.57,2025-10-25,2025-10-25,67,1.0,0,1,3,1,3,Low value / lost,Active
C06746,Gujarat,West,5,31474.52,791.23,2024-07-01,2025-12-23,8,3.5,0,6,5,3,3,Loyal,Active
C01963,Gujarat,West,2,31482.72,8.91,2025-07-25,2025-08-30,123,3.0,1,5,2,2,3,Low value / lost,Churned
C09347,West Bengal,East,5,31482.85,-14212.23,2024-04-22,2024-12-28,368,5.1,0,9,1,3,3,At risk,Churned
C08772,Uttar Pradesh,North,3,31491.56,-1895.7,2024-11-08,2025-11-20,41,2.4,0,5,4,3,3,Loyal,Active
C04145,West Bengal,East,10,31492.59,5556.24,2024-12-06,2025-12-26,5,5.8,3,12,5,4,3,Champions,Active
C08083,Odisha,East,1,31495.34,2440.54,2024-12-01,2024-12-01,395,7.0,0,1,1,1,3,Low value / lost,Churned
C06472,Karnataka,South,2,31521.06,283.22,2025-05-19,2025-11-15,46,1.0,1,2,4,2,3,New / promising,Active
C07157,Uttar Pradesh,North,5,31531.04,6521.74,2025-04-10,2025-12-16,15,4.1,0,7,5,3,3,Loyal,Active
C01560,Telangana,South,1,31537.55,425.16,2025-07-09,2025-07-09,175,4.0,0,1,2,1,3,Low value / lost,Churned
C10561,Maharashtra,West,3,31551.01,4612.08,2024-09-30,2025-11-10,51,2.3,0,4,3,3,3,Loyal,Active
C06690,Karnataka,South,4,31570.46,1464.57,2024-08-30,2025-11-16,45,4.3,1,6,4,3,3,Loyal,Active
C11110,Delhi,North,13,31571.75,2918.29,2025-01-21,2025-12-25,6,2.0,2,17,5,5,3,Champions,Active
C03809,Tamil Nadu,South,1,31601.67,-15952.64,2025-08-01,2025-08-01,152,4.0,0,3,2,1,3,Low value / lost,Churned
C05420,Maharashtra,West,7,31613.19,5217.35,2024-07-30,2025-11-28,33,2.8,3,9,4,4,3,Champions,Active
C07936,Karnataka,South,9,31641.77,4873.05,2024-08-20,2025-12-02,29,2.8,4,15,4,4,3,Champions,Active
C09266,Karnataka,South,6,31650.53,5229.04,2024-12-28,2025-11-29,32,2.0,1,9,4,3,3,Loyal,Active
C10715,Rajasthan,North,4,31660.61,3242.42,2024-01-06,2025-08-08,145,4.5,0,4,2,3,3,At risk,Churned
C00516,Rajasthan,North,5,31661.38,-1384.35,2024-05-27,2025-03-09,297,3.9,1,8,1,3,3,At risk,Churned
C06174,Rajasthan,North,12,31700.2,5479.88,2024-08-17,2025-11-20,41,3.8,3,16,4,4,3,Champions,Active
C01021,Maharashtra,West,6,31729.5,4849.6,2024-07-17,2025-12-08,23,2.0,1,7,4,3,3,Loyal,Active
C07554,Maharashtra,West,7,31736.43,1090.04,2024-11-17,2025-12-07,24,2.4,0,10,4,4,3,Champions,Active
C11205,Kerala,South,3,31742.15,355.24,2024-09-03,2025-05-19,226,4.8,2,6,2,3,3,At risk,Churned
C10341,Karnataka,South,4,31748.6,1871.44,2025-03-24,2025-05-19,226,2.7,1,6,2,3,3,At risk,Churned
C08121,Delhi,North,4,31753.09,5618.83,2025-04-16,2025-11-29,32,1.8,0,6,4,3,3,Loyal,Active
C08107,Kerala,South,10,31756.15,3991.1,2024-05-08,2024-10-03,454,3.4,2,13,1,4,3,At risk,Churned
C08430,Rajasthan,North,4,31761.22,-6676.42,2025-01-13,2025-12-25,6,4.0,2,5,5,3,3,Loyal,Active
C10139,Uttar Pradesh,North,2,31761.59,-5123.0,2025-04-05,2025-10-16,76,4.0,0,2,3,2,3,Low value / lost,Active
C07965,Madhya Pradesh,Central,8,31766.49,6567.22,2024-09-05,2025-03-14,292,4.6,0,13,1,4,3,At risk,Churned
C07679,Madhya Pradesh,Central,2,31772.42,-11058.0,2025-07-08,2025-11-26,35,3.0,0,2,4,2,3,New / promising,Active
C04419,Tamil Nadu,South,1,31794.77,7426.2,2025-09-02,2025-09-02,120,3.0,0,2,2,1,3,Low value / lost,Churned
C02041,Telangana,South,4,31801.29,2806.62,2024-06-09,2025-01-31,334,2.4,0,7,1,3,3,At risk,Churned
C06403,Kerala,South,5,31804.22,6209.69,2024-09-16,2025-12-16,15,3.5,1,8,5,3,3,Loyal,Active
C01763,Tamil Nadu,South,1,31822.32,-1270.41,2025-05-20,2025-05-20,225,2.0,0,2,2,1,3,Low value / lost,Churned
C02732,Gujarat,West,2,31836.81,2452.78,2025-10-20,2025-11-26,35,2.0,0,2,4,2,3,New / promising,Active
C02914,Karnataka,South,6,31860.26,-3378.1,2024-11-01,2025-05-29,216,2.4,1,9,2,3,3,At risk,Churned
C04930,Uttar Pradesh,North,12,31863.91,4581.72,2024-02-27,2025-12-22,9,2.9,1,17,5,4,3,Champions,Active
C09031,Gujarat,West,4,31866.43,4689.32,2024-07-29,2025-11-16,45,2.6,0,5,4,3,3,Loyal,Active
C06280,Maharashtra,West,1,31884.13,-1417.88,2025-09-16,2025-09-16,106,2.0,0,1,3,1,3,Low value / lost,Churned
C01863,Maharashtra,West,5,31889.43,2852.73,2025-07-12,2025-12-29,2,3.3,1,8,5,3,3,Loyal,Active
C10289,Karnataka,South,4,31947.91,-4295.71,2025-06-28,2025-12-28,3,2.0,1,6,5,3,3,Loyal,Active
C09011,West Bengal,East,1,31970.9,-1353.4,2025-10-31,2025-10-31,61,4.0,1,1,3,1,3,Low value / lost,Active
C01264,Madhya Pradesh,Central,8,31970.91,11314.39,2024-11-09,2025-10-26,66,4.2,1,9,3,4,3,Loyal,Active
C06296,Telangana,South,4,31980.39,4667.05,2024-11-03,2025-11-05,56,2.8,1,4,3,3,3,Loyal,Active
C11555,Tamil Nadu,South,2,31992.29,2102.43,2024-09-10,2024-11-14,412,3.5,0,4,1,2,3,Low value / lost,Churned
C09986,Delhi,North,5,32000.2,-13426.12,2024-12-07,2025-04-19,256,1.6,2,8,2,3,3,At risk,Churned
C06411,Delhi,North,9,32007.48,12587.96,2024-02-02,2025-09-02,120,2.8,0,11,2,4,3,At risk,Churned
C02364,Madhya Pradesh,Central,2,32085.62,-282.52,2025-03-03,2025-03-28,278,4.4,0,5,1,2,3,Low value / lost,Churned
C09611,Madhya Pradesh,Central,2,32110.72,-2585.11,2024-04-04,2024-10-05,452,4.0,0,4,1,2,3,Low value / lost,Churned
C08023,Delhi,North,7,32175.73,6822.54,2024-12-20,2025-09-26,96,2.4,0,8,3,4,3,Loyal,Churned
C05208,Gujarat,West,7,32188.15,3819.05,2024-04-20,2025-11-02,59,3.1,2,11,3,4,3,Loyal,Active
C11396,Gujarat,West,2,32197.13,-2018.97,2025-04-26,2025-11-08,53,3.5,0,2,3,2,3,Low value / lost,Active
C10495,Rajasthan,North,1,32207.24,5673.5,2025-07-25,2025-07-25,159,6.0,0,1,2,1,3,Low value / lost,Churned
C00267,Karnataka,South,3,32230.97,4477.3,2025-02-26,2025-06-02,212,2.8,1,5,2,3,3,At risk,Churned
C11694,West Bengal,East,7,32248.98,3336.27,2024-09-02,2025-12-26,5,4.6,1,10,5,4,3,Champions,Active
C04173,Maharashtra,West,10,32261.87,2534.9,2024-02-27,2025-11-19,42,3.2,2,13,4,4,3,Champions,Active
C03590,Gujarat,West,2,32265.45,-27239.11,2025-09-15,2025-11-22,39,2.0,0,2,4,2,3,New / promising,Active
C07088,Uttar Pradesh,North,1,32273.63,-3445.83,2025-04-09,2025-04-09,266,1.0,0,2,2,1,3,Low value / lost,Churned
C08012,Maharashtra,West,5,32299.0,2743.35,2025-02-19,2025-11-16,45,3.1,0,7,4,3,3,Loyal,Active
C05000,West Bengal,East,2,32304.61,-11858.65,2024-08-02,2024-12-05,391,5.5,0,4,1,2,3,Low value / lost,Churned
C10939,Gujarat,West,6,32337.1,5780.81,2025-04-28,2025-08-16,137,2.7,1,9,2,3,3,At risk,Churned
C05408,Uttar Pradesh,North,2,32355.62,-3844.04,2024-06-21,2024-10-30,427,3.5,0,4,1,2,3,Low value / lost,Churned
C05073,Madhya Pradesh,Central,9,32371.96,8952.26,2024-01-24,2025-03-04,302,4.1,1,15,1,4,3,At risk,Churned
C03941,Karnataka,South,5,32377.62,1870.32,2025-05-25,2025-10-31,61,3.0,0,6,3,3,3,Loyal,Active
C11646,Gujarat,West,1,32380.55,-4652.29,2024-12-01,2024-12-01,395,5.0,0,3,1,1,3,Low value / lost,Churned
C06603,Tamil Nadu,South,8,32391.59,6677.8,2024-09-04,2025-05-20,225,3.0,0,10,2,4,3,At risk,Churned
C06284,Delhi,North,6,32415.49,6081.77,2024-09-26,2025-08-03,150,1.5,1,6,2,3,3,At risk,Churned
C01726,Karnataka,South,6,32421.76,1523.0,2024-02-01,2024-06-15,564,3.1,1,8,1,3,3,At risk,Churned
C05570,Rajasthan,North,6,32449.61,11686.45,2024-05-06,2024-11-04,422,3.9,4,8,1,3,3,At risk,Churned
C07654,Assam,Northeast,10,32453.8,7685.19,2024-02-13,2025-12-13,18,7.2,2,13,4,4,3,Champions,Active
C03626,Telangana,South,15,32463.05,10290.11,2024-07-12,2025-08-04,149,2.6,3,20,2,5,3,At risk,Churned
C04659,Tamil Nadu,South,4,32519.14,-176.41,2025-03-20,2025-09-22,100,3.6,2,7,3,3,3,Loyal,Churned
C03456,Tamil Nadu,South,7,32535.03,-1038.8,2025-06-06,2025-12-13,18,3.0,0,9,4,4,3,Champions,Active
C02390,Tamil Nadu,South,5,32535.25,7232.82,2024-01-24,2025-02-12,322,2.9,1,7,1,3,3,At risk,Churned
C08177,Telangana,South,7,32563.33,5311.27,2024-07-18,2025-11-10,51,2.3,1,11,3,4,3,Loyal,Active
C08240,Uttar Pradesh,North,9,32563.34,3884.71,2024-01-10,2025-06-20,194,2.8,1,13,2,4,3,At risk,Churned
C01533,Karnataka,South,4,32591.77,4237.72,2024-08-31,2025-12-12,19,3.2,0,5,4,3,3,Loyal,Active
C11154,Madhya Pradesh,Central,10,32617.25,4632.31,2024-04-28,2025-12-15,16,3.7,3,15,5,4,3,Champions,Active
C01253,Gujarat,West,4,32622.14,333.75,2024-03-04,2025-10-21,71,3.2,1,5,3,3,3,Loyal,Active
C05455,Karnataka,South,4,32654.19,2493.21,2024-06-08,2024-11-14,412,2.8,1,4,1,3,3,At risk,Churned
C09655,Delhi,North,1,32747.7,-23911.05,2025-11-28,2025-11-28,33,3.0,1,2,4,1,3,New / promising,Active
C08002,Karnataka,South,9,32775.03,5399.61,2024-02-12,2025-09-22,100,3.1,1,13,3,4,3,Loyal,Churned
C00061,Maharashtra,West,4,32779.36,7657.29,2025-03-21,2025-10-16,76,2.8,1,4,3,3,3,Loyal,Active
C02447,Delhi,North,7,32787.52,6809.56,2024-05-23,2025-07-12,172,2.6,1,8,2,4,3,At risk,Churned
C02484,Maharashtra,West,2,32795.61,-5180.18,2024-08-01,2024-11-28,398,3.5,0,2,1,2,3,Low value / lost,Churned
C05771,Delhi,North,7,32830.25,-8009.82,2024-03-26,2025-08-18,135,2.2,1,9,2,4,3,At risk,Churned
C03610,West Bengal,East,4,32840.2,1214.09,2024-03-06,2025-01-10,355,6.3,1,6,1,3,3,At risk,Churned
C07143,Gujarat,West,2,32868.24,4885.46,2024-09-07,2024-11-09,417,2.0,0,2,1,2,3,Low value / lost,Churned
C06927,Maharashtra,West,6,32875.08,5703.53,2024-10-02,2025-12-09,22,2.9,0,7,4,3,3,Loyal,Active
C11593,Maharashtra,West,9,32897.55,9536.76,2024-09-16,2025-11-11,50,3.3,3,12,3,4,3,Loyal,Active
C05066,Telangana,South,2,32905.88,-17978.66,2024-06-24,2024-11-06,420,3.5,0,4,1,2,3,Low value / lost,Churned
C07511,Tamil Nadu,South,3,32925.01,-1398.41,2025-06-24,2025-12-22,9,3.4,1,5,5,3,3,Loyal,Active
C00213,Maharashtra,West,7,32935.98,-9070.16,2024-11-06,2025-10-11,81,2.6,2,7,3,4,3,Loyal,Active
C01220,Uttar Pradesh,North,2,32955.88,4795.59,2024-05-28,2024-06-18,561,4.5,0,2,1,2,3,Low value / lost,Churned
C04108,Maharashtra,West,2,32965.06,-5663.35,2025-09-26,2025-11-10,51,1.7,0,3,3,2,3,Low value / lost,Active
C08578,Maharashtra,West,8,32968.84,-8114.0,2025-06-10,2025-12-05,26,3.5,0,10,4,4,3,Champions,Active
C09633,Uttar Pradesh,North,9,33047.64,7262.49,2024-05-03,2025-05-26,219,3.2,1,10,2,4,3,At risk,Churned
C04280,Delhi,North,3,33056.57,3933.67,2024-11-09,2024-12-23,373,2.3,0,3,1,3,3,At risk,Churned
C05887,Madhya Pradesh,Central,5,33066.04,985.57,2024-03-23,2025-11-15,46,3.0,0,8,4,3,3,Loyal,Active
C10453,Delhi,North,4,33068.33,6704.1,2024-02-17,2024-05-29,581,2.3,2,7,1,3,3,At risk,Churned
C02394,Delhi,North,11,33072.11,8320.67,2024-04-08,2025-12-04,27,2.3,5,16,4,4,3,Champions,Active
C02413,Maharashtra,West,7,33080.54,6073.43,2024-12-21,2025-12-01,30,2.1,1,7,4,4,3,Champions,Active
C09402,Karnataka,South,1,33087.04,191.24,2024-09-23,2024-09-23,464,2.0,0,1,1,1,3,Low value / lost,Churned
C07953,Karnataka,South,5,33137.94,1636.56,2024-09-13,2025-03-26,280,3.0,0,6,1,3,3,At risk,Churned
C08418,Kerala,South,3,33138.54,4019.47,2024-03-12,2024-07-21,528,3.5,0,4,1,3,3,At risk,Churned
C02753,Tamil Nadu,South,3,33146.74,3654.36,2024-06-12,2024-11-27,399,3.2,0,5,1,3,3,At risk,Churned
C03716,Delhi,North,1,33152.99,4156.3,2024-12-18,2024-12-18,378,2.0,0,1,1,1,3,Low value / lost,Churned
C06874,West Bengal,East,5,33155.83,1696.48,2024-11-27,2025-11-07,54,5.4,1,8,3,3,3,Loyal,Active
C02247,Telangana,South,7,33184.16,6119.86,2024-11-07,2025-12-01,30,2.3,2,10,4,4,3,Champions,Active
C04168,Gujarat,West,1,33197.42,2116.63,2024-12-12,2024-12-12,384,2.0,0,1,1,1,3,Low value / lost,Churned
C08489,Gujarat,West,3,33261.9,3242.07,2025-05-19,2025-11-17,44,3.4,0,5,4,3,3,Loyal,Active
C08669,Madhya Pradesh,Central,10,33264.71,105.05,2024-02-17,2025-12-11,20,3.6,3,11,4,4,3,Champions,Active
C05899,Bihar,East,1,33286.86,-2050.64,2025-05-29,2025-05-29,216,6.0,0,1,2,1,3,Low value / lost,Churned
C03362,Delhi,North,2,33289.3,1022.96,2025-09-14,2025-12-19,12,1.0,0,4,5,2,3,New / promising,Active
C01367,Tamil Nadu,South,11,33289.46,9526.46,2024-01-05,2025-04-28,247,3.3,0,16,2,4,3,At risk,Churned
C03196,Telangana,South,2,33316.45,5645.12,2024-12-28,2025-11-02,59,3.0,1,4,3,2,3,Low value / lost,Active
C02768,Tamil Nadu,South,1,33327.42,1505.5,2024-12-25,2024-12-25,371,3.0,0,1,1,1,3,Low value / lost,Churned
C00912,Maharashtra,West,5,33332.48,4958.86,2025-05-27,2025-11-10,51,2.7,2,9,3,3,3,Loyal,Active
C00591,Uttar Pradesh,North,4,33416.19,3229.76,2024-05-29,2024-11-21,405,4.2,1,5,1,3,3,At risk,Churned
C06168,Telangana,South,11,33492.78,8892.48,2024-01-07,2025-10-13,79,3.1,2,17,3,4,3,Loyal,Active
C08053,Gujarat,West,1,33558.92,2101.5,2025-07-31,2025-07-31,153,1.0,0,2,2,1,3,Low value / lost,Churned
C08277,Gujarat,West,5,33563.96,3976.6,2025-11-01,2025-12-25,6,2.9,0,7,5,3,3,Loyal,Active
C02703,Rajasthan,North,3,33580.37,7687.4,2024-08-09,2024-11-25,401,4.0,0,9,1,3,3,At risk,Churned
C05061,Karnataka,South,10,33590.6,6636.66,2025-07-11,2025-12-29,2,2.4,0,12,5,4,3,Champions,Active
C01610,Uttar Pradesh,North,13,33603.66,7684.43,2024-04-18,2025-12-06,25,2.9,2,16,4,5,3,Champions,Active
C00650,Tamil Nadu,South,8,33620.43,12532.64,2024-03-03,2025-10-03,89,2.9,0,11,3,4,3,Loyal,Active
C11557,Uttar Pradesh,North,9,33622.42,2843.72,2024-06-02,2025-09-12,110,4.1,1,13,2,4,3,At risk,Churned
C03322,Assam,Northeast,4,33634.09,-1239.99,2025-07-04,2025-11-27,34,8.1,0,7,4,3,3,Loyal,Active
C00078,Karnataka,South,6,33659.51,4470.59,2024-10-18,2025-10-07,85,2.5,1,8,3,3,3,Loyal,Active
C09594,Gujarat,West,2,33661.44,-285.12,2025-07-05,2025-08-16,137,2.3,2,3,2,2,3,Low value / lost,Churned
C00173,Tamil Nadu,South,6,33666.46,7247.0,2025-05-08,2025-11-10,51,2.3,0,8,3,3,3,Loyal,Active
C09336,Rajasthan,North,7,33688.67,4406.9,2025-05-27,2025-12-12,19,3.2,3,10,4,4,3,Champions,Active
C07325,Gujarat,West,5,33699.84,1999.15,2024-08-06,2025-06-01,213,3.5,0,6,2,3,3,At risk,Churned
C06882,Tamil Nadu,South,5,33760.47,4800.18,2025-01-05,2025-11-20,41,3.1,4,10,4,3,3,Loyal,Active
C09451,Karnataka,South,8,33784.29,3774.62,2025-04-06,2025-12-11,20,2.5,1,13,4,4,3,Champions,Active
C04107,Tamil Nadu,South,2,33801.3,-73.32,2025-09-01,2025-09-01,121,2.5,0,4,2,2,3,Low value / lost,Churned
C03229,Karnataka,South,1,33803.72,-3960.72,2025-04-19,2025-04-19,256,2.0,0,3,2,1,3,Low value / lost,Churned
C03600,Karnataka,South,7,33818.08,5204.17,2024-11-20,2025-08-05,148,2.6,0,9,2,4,3,At risk,Churned
C03142,Karnataka,South,4,33834.02,3118.67,2024-09-22,2025-12-07,24,2.3,0,7,4,3,3,Loyal,Active
C04892,Telangana,South,4,33844.64,6418.07,2024-04-20,2025-12-30,1,2.8,1,6,5,3,3,Loyal,Active
C06677,Maharashtra,West,9,33865.09,4803.72,2025-05-15,2025-11-16,45,2.7,1,12,4,4,3,Champions,Active
C02834,Gujarat,West,4,33901.52,-1937.25,2024-03-18,2024-12-20,376,3.0,2,4,1,3,3,At risk,Churned
C05151,Gujarat,West,6,33936.68,2311.76,2024-02-17,2025-07-17,167,2.4,2,8,2,3,3,At risk,Churned
C06541,West Bengal,East,6,33944.36,5618.99,2024-07-02,2025-12-05,26,4.8,1,6,4,3,3,Loyal,Active
C06035,Maharashtra,West,3,33947.44,-4080.25,2025-07-13,2025-10-09,83,2.2,1,5,3,3,3,Loyal,Active
C06063,Karnataka,South,5,33968.76,-492.93,2024-08-18,2025-10-02,90,1.8,1,9,3,3,3,Loyal,Active
C04603,Tamil Nadu,South,3,33982.5,1836.11,2024-04-26,2025-12-01,30,3.7,0,3,4,3,3,Loyal,Active
C03753,Tamil Nadu,South,4,33984.26,-3732.22,2025-02-28,2025-09-06,116,3.0,1,5,2,3,3,At risk,Churned
C10925,Delhi,North,3,34018.12,-6194.15,2024-10-21,2025-10-13,79,2.8,0,4,3,3,3,Loyal,Active
C10091,Kerala,South,6,34025.19,3141.48,2024-09-08,2025-12-15,16,3.8,1,9,5,3,3,Loyal,Active
C04616,Maharashtra,West,7,34066.71,5420.93,2024-06-11,2025-10-20,72,1.9,0,9,3,4,3,Loyal,Active
C09077,Telangana,South,2,34082.73,-2807.69,2025-05-27,2025-07-02,182,3.0,0,5,2,2,3,Low value / lost,Churned
C03699,Kerala,South,6,34118.55,1921.72,2025-05-04,2025-09-19,103,3.3,1,8,3,3,3,Loyal,Churned
C06201,Madhya Pradesh,Central,4,34141.38,-11203.33,2024-11-07,2025-11-23,38,3.9,1,9,4,3,3,Loyal,Active
C02853,Uttar Pradesh,North,8,34142.53,5474.15,2024-08-08,2025-11-28,33,3.3,1,12,4,4,3,Champions,Active
C11105,Kerala,South,9,34143.6,5791.53,2024-06-21,2025-06-08,206,4.0,0,13,2,4,3,At risk,Churned
C02706,Maharashtra,West,4,34156.78,-156.82,2024-05-13,2025-06-04,210,2.7,1,6,2,3,3,At risk,Churned
C01207,Maharashtra,West,8,34176.87,11885.19,2024-10-12,2025-09-23,99,2.6,1,13,3,4,3,Loyal,Churned
C06225,Gujarat,West,4,34238.15,1132.93,2025-03-28,2025-10-29,63,2.2,1,6,3,3,3,Loyal,Active
C07442,Maharashtra,West,4,34257.27,7.9,2024-12-01,2025-09-30,92,1.8,1,6,3,3,3,Loyal,Churned
C04891,Gujarat,West,14,34258.73,8730.95,2024-02-05,2025-03-24,282,2.8,3,19,1,5,3,At risk,Churned
C00860,Maharashtra,West,5,34267.81,9585.15,2024-12-18,2025-12-31,0,3.0,0,7,5,3,3,Loyal,Active
C00319,Kerala,South,3,34275.91,579.63,2024-11-18,2025-03-03,303,4.4,2,5,1,3,3,At risk,Churned
C11051,Karnataka,South,4,34287.56,7930.56,2025-04-20,2025-10-27,65,1.9,2,7,3,3,3,Loyal,Active
C11677,Gujarat,West,8,34300.15,7409.46,2024-08-04,2025-11-28,33,2.9,0,11,4,4,3,Champions,Active
C04846,Delhi,North,2,34318.63,-609.7,2025-07-27,2025-12-17,14,1.5,0,2,5,2,3,New / promising,Active
C00006,Assam,Northeast,2,34320.88,-1336.45,2024-06-08,2025-07-05,179,7.0,0,2,2,2,3,Low value / lost,Churned
C11652,Madhya Pradesh,Central,1,34349.56,-10015.71,2025-06-06,2025-06-06,208,4.0,1,2,2,1,3,Low value / lost,Churned
C04754,Maharashtra,West,6,34387.73,6525.4,2024-12-17,2025-10-26,66,2.3,4,9,3,3,3,Loyal,Active
C09426,West Bengal,East,5,34410.12,1036.56,2025-04-28,2025-12-07,24,4.7,1,6,4,3,3,Loyal,Active
C03518,Bihar,East,4,34431.64,3098.7,2025-05-31,2025-12-20,11,5.8,0,5,5,3,3,Loyal,Active
C11998,West Bengal,East,9,34463.72,3649.39,2024-04-05,2024-10-21,436,5.6,1,10,1,4,3,At risk,Churned
C03959,West Bengal,East,2,34516.74,-4190.7,2025-05-26,2025-07-01,183,5.5,0,2,2,2,3,Low value / lost,Churned
C01254,Tamil Nadu,South,2,34528.92,-14382.99,2025-04-29,2025-12-17,14,4.0,0,5,5,2,3,New / promising,Active
C06928,Maharashtra,West,10,34533.25,8777.8,2024-10-10,2025-10-09,83,3.2,0,14,3,4,3,Loyal,Active
C04687,Tamil Nadu,South,5,34545.58,6968.73,2024-05-03,2025-10-18,74,3.3,1,9,3,3,3,Loyal,Active
C09758,Bihar,East,5,34550.15,3277.25,2024-08-04,2025-12-25,6,7.3,0,8,5,3,3,Loyal,Active
C08985,Uttar Pradesh,North,8,34567.58,70.82,2024-12-23,2025-11-27,34,3.3,2,9,4,4,3,Champions,Active
C03426,Telangana,South,7,34572.05,6336.46,2024-08-17,2024-12-31,365,2.5,2,8,1,4,3,At risk,Churned
C09377,Rajasthan,North,4,34573.67,6955.23,2024-10-18,2025-11-28,33,3.8,2,8,4,3,3,Loyal,Active
C07947,Karnataka,South,5,34574.74,10274.51,2024-10-28,2025-10-08,84,3.5,1,11,3,3,3,Loyal,Active
C10163,Tamil Nadu,South,3,34589.58,3868.53,2024-09-19,2025-10-01,91,4.6,0,7,3,3,3,Loyal,Churned
C09868,Rajasthan,North,2,34629.09,926.08,2025-04-18,2025-06-17,197,2.5,0,4,2,2,3,Low value / lost,Churned
C03304,Delhi,North,6,34630.87,2917.23,2024-12-23,2025-10-10,82,2.0,0,7,3,3,3,Loyal,Active
C01364,Tamil Nadu,South,2,34632.16,1822.5,2024-05-24,2024-05-31,579,4.3,1,4,1,2,3,Low value / lost,Churned
C01880,Delhi,North,5,34640.55,2715.55,2024-09-27,2025-08-18,135,3.0,0,6,2,3,3,At risk,Churned
C07230,Delhi,North,8,34646.99,5673.67,2024-05-27,2024-11-20,406,1.4,4,9,1,4,3,At risk,Churned
C04947,Karnataka,South,3,34665.0,498.83,2024-04-16,2024-06-13,566,2.2,1,5,1,3,3,At risk,Churned
C04716,Maharashtra,West,3,34682.12,-3253.23,2024-06-14,2024-09-21,466,2.2,0,5,1,3,3,At risk,Churned
C09613,West Bengal,East,9,34698.08,6681.45,2024-05-16,2025-01-26,339,5.1,1,14,1,4,3,At risk,Churned
C11705,Assam,Northeast,6,34701.28,8549.16,2024-11-17,2025-12-12,19,6.7,0,9,4,3,3,Loyal,Active
C10694,Gujarat,West,5,34711.81,6855.84,2025-03-26,2025-08-25,128,4.0,1,7,2,3,3,At risk,Churned
C09352,Madhya Pradesh,Central,3,34729.6,2919.44,2025-04-09,2025-06-15,199,3.4,1,7,2,3,3,At risk,Churned
C08813,Assam,Northeast,8,34749.9,-4793.18,2024-11-07,2025-08-28,125,7.0,2,8,2,4,3,At risk,Churned
C02562,Maharashtra,West,5,34758.61,-1390.45,2024-03-04,2025-11-08,53,2.4,0,5,3,3,3,Loyal,Active
C11358,Tamil Nadu,South,7,34778.98,3319.08,2024-01-16,2025-08-27,126,4.0,2,8,2,4,3,At risk,Churned
C10419,Karnataka,South,2,34781.06,2512.75,2024-10-22,2025-06-29,185,3.7,0,3,2,2,3,Low value / lost,Churned
C04011,Telangana,South,7,34794.43,493.69,2025-01-29,2025-11-27,34,2.1,0,9,4,4,3,Champions,Active
C07424,Assam,Northeast,4,34813.02,-5774.85,2025-11-06,2025-11-29,32,8.3,0,6,4,3,3,Loyal,Active
C09095,Rajasthan,North,2,34821.94,4807.53,2024-03-15,2024-04-19,621,5.0,0,2,1,2,3,Low value / lost,Churned
C05013,Uttar Pradesh,North,3,34824.12,6309.72,2025-05-31,2025-10-30,62,3.0,0,3,3,3,3,Loyal,Active
C04115,Rajasthan,North,10,34838.19,8518.06,2025-04-29,2025-12-03,28,3.6,0,14,4,4,3,Champions,Active
C01136,Kerala,South,5,34853.47,-12820.08,2025-06-11,2025-11-16,45,4.0,0,6,4,3,3,Loyal,Active
C06281,Maharashtra,West,3,34860.53,1140.98,2024-12-30,2025-07-10,174,3.0,1,3,2,3,3,At risk,Churned
C01333,Karnataka,South,7,34886.21,4285.57,2024-07-28,2025-11-17,44,2.1,1,10,4,4,3,Champions,Active
C11047,Rajasthan,North,3,34904.75,5308.67,2025-02-08,2025-11-27,34,3.5,0,4,4,3,3,Loyal,Active
C05090,Assam,Northeast,8,34918.41,7826.64,2024-08-05,2025-11-04,57,7.7,4,12,3,4,3,Loyal,Active
C09091,Maharashtra,West,2,34926.0,5271.45,2024-12-02,2025-07-27,157,2.7,0,3,2,2,3,Low value / lost,Churned
C03545,Delhi,North,9,34945.13,6609.23,2024-11-09,2025-11-07,54,2.0,2,10,3,4,3,Loyal,Active
C04059,Rajasthan,North,3,34956.15,5528.58,2024-08-12,2024-10-08,449,4.6,1,5,1,3,3,At risk,Churned
C05133,Karnataka,South,6,34956.36,-6079.75,2024-10-21,2025-09-24,98,1.6,1,9,3,3,3,Loyal,Churned
C11606,Telangana,South,10,34962.84,5670.76,2024-11-24,2025-11-30,31,2.7,0,12,4,4,3,Champions,Active
C09276,Gujarat,West,5,34974.86,2887.5,2024-06-04,2024-11-17,409,3.0,1,6,1,3,3,At risk,Churned
C09941,Karnataka,South,3,34976.77,3099.32,2024-11-13,2025-08-03,150,3.0,0,5,2,3,3,At risk,Churned
C08628,West Bengal,East,4,35023.73,2343.37,2025-04-26,2025-12-18,13,6.2,0,6,5,3,3,Loyal,Active
C07616,Kerala,South,3,35062.9,3353.17,2025-07-25,2025-10-22,70,4.6,1,5,3,3,3,Loyal,Active
C03018,West Bengal,East,3,35071.1,3211.32,2024-12-27,2025-04-29,246,5.0,0,3,2,3,3,At risk,Churned
C09286,Maharashtra,West,8,35082.87,8161.67,2024-03-02,2025-12-13,18,2.8,2,10,4,4,3,Champions,Active
C10697,Gujarat,West,8,35104.46,12044.76,2024-04-06,2025-10-21,71,3.3,2,12,3,4,3,Loyal,Active
C05624,Kerala,South,8,35111.07,641.65,2024-04-21,2025-11-02,59,3.9,5,14,3,4,3,Loyal,Active
C10630,Telangana,South,6,35112.83,10461.08,2024-06-15,2025-01-31,334,2.9,2,11,1,3,3,At risk,Churned
C09696,Gujarat,West,6,35120.49,3541.24,2024-08-24,2025-10-31,61,2.9,2,9,3,3,3,Loyal,Active
C06539,Odisha,East,1,35136.13,-181.96,2025-11-22,2025-11-22,39,5.0,0,1,4,1,3,New / promising,Active
C06015,Tamil Nadu,South,3,35173.32,-2715.31,2024-02-07,2024-11-11,415,3.7,0,3,1,3,3,At risk,Churned
C05285,Madhya Pradesh,Central,4,35186.77,-1733.53,2024-04-05,2025-09-28,94,4.2,0,6,3,3,3,Loyal,Churned
C02375,Rajasthan,North,2,35193.53,6842.05,2025-05-02,2025-05-17,228,4.3,2,3,2,2,3,Low value / lost,Churned
C02968,Odisha,East,7,35261.93,5969.27,2024-07-17,2025-11-11,50,6.2,0,10,3,4,3,Loyal,Active
C03168,Tamil Nadu,South,4,35272.55,6884.05,2025-06-11,2025-12-07,24,3.5,0,4,4,3,3,Loyal,Active
C07053,Karnataka,South,1,35307.66,-177.46,2025-01-26,2025-01-26,339,1.0,0,2,1,1,3,Low value / lost,Churned
C07564,Maharashtra,West,5,35310.72,-6912.12,2025-04-23,2025-11-02,59,3.1,4,7,3,3,3,Loyal,Active
C09425,Telangana,South,9,35323.01,12455.23,2024-06-25,2025-08-21,132,2.5,0,11,2,4,3,At risk,Churned
C01830,Karnataka,South,3,35325.43,8542.32,2024-10-14,2025-10-29,63,3.0,1,4,3,3,3,Loyal,Active
C04148,Kerala,South,3,35329.22,6895.29,2024-09-06,2025-01-22,343,3.7,0,3,1,3,3,At risk,Churned
C08856,Rajasthan,North,3,35337.97,6040.03,2025-02-16,2025-05-28,217,3.0,0,4,2,3,3,At risk,Churned
C09366,West Bengal,East,4,35392.86,4952.0,2024-11-04,2025-12-25,6,5.2,0,6,5,3,3,Loyal,Active
C11769,Rajasthan,North,8,35410.4,8626.2,2024-11-24,2025-10-11,81,4.5,4,16,3,4,3,Loyal,Active
C08444,Karnataka,South,4,35418.32,10537.61,2025-06-12,2025-10-28,64,3.7,0,7,3,3,3,Loyal,Active
C00796,Tamil Nadu,South,7,35423.37,-1180.82,2025-04-05,2025-12-26,5,3.6,3,8,5,4,3,Champions,Active
C01033,Delhi,North,2,35428.74,-3542.13,2024-08-12,2024-11-12,414,2.5,0,4,1,2,3,Low value / lost,Churned
C07647,Telangana,South,3,35435.14,327.79,2024-07-24,2024-11-06,420,2.4,0,5,1,3,3,At risk,Churned
C10343,Maharashtra,West,9,35447.89,-1053.04,2024-11-30,2025-12-30,1,2.4,0,11,5,4,3,Champions,Active
C05329,Assam,Northeast,2,35468.05,875.95,2024-04-14,2024-04-27,613,8.3,0,3,1,2,3,Low value / lost,Churned
C05729,Telangana,South,1,35480.33,-1742.42,2025-10-09,2025-10-09,83,2.0,0,1,3,1,3,Low value / lost,Active
C09897,Tamil Nadu,South,4,35495.76,-9324.96,2025-06-19,2025-11-12,49,3.8,2,6,3,3,3,Loyal,Active
C10552,Karnataka,South,6,35506.85,2734.84,2024-04-03,2024-05-15,595,2.3,1,8,1,3,3,At risk,Churned
C01664,Karnataka,South,2,35532.79,-2127.46,2025-01-25,2025-04-17,258,2.5,1,4,2,2,3,Low value / lost,Churned
C09701,Rajasthan,North,14,35543.17,5838.75,2024-11-28,2025-12-22,9,3.9,2,16,5,5,3,Champions,Active
C00135,Telangana,South,12,35558.44,1304.2,2024-04-03,2025-12-16,15,2.4,2,13,5,4,3,Champions,Active
C02030,Telangana,South,1,35572.71,-28634.14,2025-05-04,2025-05-04,241,1.0,0,1,2,1,3,Low value / lost,Churned
C08335,Karnataka,South,4,35624.95,3251.09,2024-10-03,2025-12-18,13,2.7,0,6,5,3,3,Loyal,Active
C03749,Maharashtra,West,4,35625.65,8248.75,2025-01-14,2025-08-11,142,2.1,0,7,2,3,3,At risk,Churned
C03905,Rajasthan,North,3,35634.97,952.09,2025-03-09,2025-08-04,149,3.7,0,3,2,3,3,At risk,Churned
C08133,Delhi,North,1,35677.03,-2645.76,2024-08-12,2024-08-12,506,1.0,0,3,1,1,3,Low value / lost,Churned
C03391,Rajasthan,North,6,35745.75,4733.72,2024-11-08,2025-07-07,177,4.3,1,6,2,3,3,At risk,Churned
C02471,Maharashtra,West,3,35771.26,-1842.36,2025-08-19,2025-10-20,72,2.6,0,7,3,3,3,Loyal,Active
C00586,Karnataka,South,3,35781.14,7439.22,2024-07-01,2024-08-05,513,3.2,1,5,1,3,3,At risk,Churned
C03969,Maharashtra,West,12,35803.09,11255.78,2025-04-12,2025-12-29,2,2.9,0,13,5,4,3,Champions,Active
C04418,Maharashtra,West,4,35819.76,4743.76,2024-11-01,2025-10-11,81,1.8,0,8,3,3,3,Loyal,Active
C00531,Delhi,North,2,35820.69,5303.87,2025-01-13,2025-09-02,120,2.3,0,4,2,2,3,Low value / lost,Churned
C05492,Madhya Pradesh,Central,4,35822.7,5502.85,2024-05-31,2025-02-07,327,4.2,1,6,1,3,3,At risk,Churned
C10659,Delhi,North,2,35823.81,-1643.74,2024-10-16,2024-12-03,393,2.5,0,2,1,2,3,Low value / lost,Churned
C09161,Delhi,North,2,35832.56,2207.23,2024-11-15,2025-01-04,361,2.0,0,2,1,2,3,Low value / lost,Churned
C08622,Gujarat,West,12,35839.79,335.01,2024-12-01,2025-12-08,23,3.6,4,14,4,4,3,Champions,Active
C11802,Rajasthan,North,8,35845.88,82.73,2024-05-06,2025-08-03,150,3.9,3,10,2,4,3,At risk,Churned
C07977,Delhi,North,2,35923.67,-7225.01,2025-09-10,2025-09-18,104,3.0,0,3,3,2,3,Low value / lost,Churned
C01741,Gujarat,West,2,35941.24,2190.41,2025-08-22,2025-12-04,27,3.5,0,2,4,2,3,New / promising,Active
C08529,Karnataka,South,10,35945.79,190.01,2025-05-19,2025-12-30,1,1.8,0,11,5,4,3,Champions,Active
C02392,Delhi,North,3,35965.93,1082.0,2025-07-29,2025-12-20,11,2.4,1,5,5,3,3,Loyal,Active
C05751,Telangana,South,2,36002.76,4924.35,2024-07-07,2024-07-20,529,2.5,0,2,1,2,3,Low value / lost,Churned
C00381,Telangana,South,5,36027.49,9149.13,2025-05-15,2025-11-29,32,2.0,0,7,4,3,3,Loyal,Active
C04748,Telangana,South,4,36043.48,8388.13,2025-04-13,2025-11-23,38,3.3,0,7,4,3,3,Loyal,Active
C00169,Tamil Nadu,South,7,36052.63,298.05,2024-04-06,2025-01-24,341,3.3,0,12,1,4,3,At risk,Churned
C09732,Tamil Nadu,South,19,36104.38,10390.72,2025-01-30,2025-12-25,6,2.9,5,20,5,5,3,Champions,Active
C10643,Maharashtra,West,4,36115.91,916.43,2025-07-13,2025-11-09,52,3.8,0,8,3,3,3,Loyal,Active
C05511,Delhi,North,3,36127.51,-1959.54,2025-03-18,2025-11-02,59,1.6,1,5,3,3,3,Loyal,Active
C10476,Bihar,East,5,36131.92,-7055.28,2025-02-18,2025-10-10,82,6.5,1,6,3,3,3,Loyal,Active
C07271,Assam,Northeast,5,36147.41,4400.9,2025-05-02,2025-11-19,42,6.9,2,9,4,3,3,Loyal,Active
C00237,Tamil Nadu,South,11,36147.63,-381.92,2024-05-26,2025-12-28,3,3.5,0,13,5,4,3,Champions,Active
C02414,Karnataka,South,4,36155.2,8082.0,2025-03-01,2025-05-16,229,2.8,1,8,2,3,3,At risk,Churned
C10093,Maharashtra,West,14,36157.74,2610.83,2024-05-25,2025-12-12,19,2.6,0,16,4,5,3,Champions,Active
C03635,Gujarat,West,6,36165.13,4088.18,2024-08-17,2024-10-05,452,3.3,1,7,1,3,3,At risk,Churned
C03634,Maharashtra,West,3,36190.16,-9977.29,2024-03-17,2024-05-10,600,3.4,0,5,1,3,3,At risk,Churned
C02409,Maharashtra,West,5,36210.3,7881.34,2024-12-07,2025-12-08,23,3.0,0,8,4,3,3,Loyal,Active
C00552,Madhya Pradesh,Central,3,36226.68,-4843.82,2025-07-08,2025-10-11,81,3.8,1,6,3,3,3,Loyal,Active
C08404,Karnataka,South,4,36235.87,3968.23,2024-11-29,2025-10-12,80,2.4,2,7,3,3,3,Loyal,Active
C11374,Bihar,East,4,36241.38,923.61,2025-03-23,2025-09-07,115,6.6,3,5,2,3,3,At risk,Churned
C10102,Kerala,South,9,36279.82,-11200.41,2024-12-09,2025-11-27,34,2.1,2,14,4,4,3,Champions,Active
C02762,Madhya Pradesh,Central,6,36282.97,1238.4,2025-03-13,2025-12-28,3,4.0,1,9,5,3,3,Loyal,Active
C08317,Uttar Pradesh,North,4,36286.81,5422.56,2024-11-30,2025-08-29,124,3.8,0,4,2,3,3,At risk,Churned
C08291,Madhya Pradesh,Central,2,36295.73,-1317.86,2024-06-15,2025-02-08,326,4.7,0,3,1,2,3,Low value / lost,Churned
C06189,Kerala,South,7,36310.22,4333.9,2024-04-18,2025-03-11,295,3.6,1,11,1,4,3,At risk,Churned
C10903,Maharashtra,West,3,36334.32,435.25,2025-07-05,2025-11-15,46,1.5,2,4,4,3,3,Loyal,Active
C03967,Rajasthan,North,3,36412.18,-1629.94,2024-09-16,2024-12-29,367,5.3,1,3,1,3,3,At risk,Churned
C06554,West Bengal,East,9,36449.12,-9854.66,2024-04-20,2025-10-07,85,4.9,0,10,3,4,3,Loyal,Active
C03059,Telangana,South,1,36499.11,1576.69,2024-10-12,2024-10-12,445,4.0,0,1,1,1,3,Low value / lost,Churned
C01983,Kerala,South,8,36523.84,-2795.0,2025-05-07,2025-12-02,29,2.9,1,9,4,4,3,Champions,Active
C04458,Uttar Pradesh,North,12,36530.54,-1484.57,2024-01-27,2025-10-20,72,3.1,4,14,3,4,3,Loyal,Active
C00538,Delhi,North,3,36569.43,-1809.97,2025-06-13,2025-11-30,31,2.8,1,4,4,3,3,Loyal,Active
C02281,Maharashtra,West,11,36571.35,2032.88,2024-11-02,2025-10-19,73,2.2,0,13,3,4,3,Loyal,Active
C03762,Delhi,North,7,36598.77,-375.05,2024-09-27,2025-07-26,158,2.3,4,12,2,4,3,At risk,Churned
C04412,Telangana,South,2,36630.17,-11.44,2025-06-12,2025-07-04,180,2.8,0,5,2,2,3,Low value / lost,Churned
C08767,Karnataka,South,4,36633.2,3036.13,2024-12-25,2025-07-08,176,2.9,2,7,2,3,3,At risk,Churned
C03402,Telangana,South,9,36645.88,5033.08,2024-11-02,2025-10-04,88,2.7,0,10,3,4,3,Loyal,Active
C06350,Maharashtra,West,2,36666.43,-3706.53,2025-01-13,2025-07-26,158,2.3,1,4,2,2,3,Low value / lost,Churned
C07107,Gujarat,West,5,36666.61,-3156.98,2025-06-04,2025-12-13,18,2.8,1,5,4,3,3,Loyal,Active
C06552,Maharashtra,West,7,36732.68,5656.38,2025-05-08,2025-12-26,5,3.1,1,10,5,4,3,Champions,Active
C07492,Delhi,North,4,36746.47,-20966.74,2025-05-07,2025-11-15,46,3.0,3,7,4,3,3,Loyal,Active
C03867,Bihar,East,4,36785.3,5368.56,2024-10-18,2025-08-03,150,6.6,1,7,2,3,3,At risk,Churned
C05534,Delhi,North,2,36796.37,2876.39,2025-10-01,2025-10-15,77,2.0,0,3,3,2,3,Low value / lost,Active
C06632,Assam,Northeast,9,36827.76,9280.91,2024-10-11,2025-10-13,79,8.2,1,11,3,4,3,Loyal,Active
C01803,Tamil Nadu,South,2,36846.42,-9377.03,2025-06-28,2025-11-02,59,3.3,1,3,3,2,3,Low value / lost,Active
C08712,Madhya Pradesh,Central,6,36849.39,3216.37,2025-02-10,2025-10-16,76,4.4,0,8,3,3,3,Loyal,Active
C05992,Gujarat,West,9,36880.17,6032.05,2024-02-05,2025-11-29,32,3.1,1,11,4,4,3,Champions,Active
C10548,Maharashtra,West,4,36902.84,-6614.02,2024-03-03,2024-11-09,417,3.5,0,6,1,3,3,At risk,Churned
C04164,Delhi,North,5,36910.79,2039.6,2024-04-22,2025-06-23,191,1.7,0,7,2,3,3,At risk,Churned
C07204,Maharashtra,West,10,36941.5,10844.38,2024-12-26,2025-12-25,6,2.4,2,17,5,4,3,Champions,Active
C08071,Bihar,East,3,36959.05,-3287.78,2025-05-12,2025-10-03,89,6.7,1,3,3,3,3,Loyal,Active
C11502,Maharashtra,West,1,36985.4,1704.29,2024-06-09,2024-06-09,570,2.0,0,1,1,1,3,Low value / lost,Churned
C02941,Delhi,North,2,36991.96,-9906.58,2025-07-16,2025-08-22,131,2.5,0,6,2,2,3,Low value / lost,Churned
C07117,Madhya Pradesh,Central,2,37041.69,4394.55,2025-08-15,2025-09-01,121,4.3,1,4,2,2,3,Low value / lost,Churned
C01075,Delhi,North,8,37068.24,2869.58,2025-04-16,2025-12-26,5,2.6,3,9,5,4,3,Champions,Active
C00441,Telangana,South,10,37082.51,5077.05,2024-08-18,2025-12-12,19,2.5,1,14,4,4,3,Champions,Active
C07206,Bihar,East,3,37089.25,1028.67,2025-05-02,2025-06-26,188,5.5,1,6,2,3,3,At risk,Churned
C08659,Uttar Pradesh,North,7,37102.72,-448.89,2024-09-30,2025-11-13,48,3.3,1,11,3,4,3,Loyal,Active
C04485,Maharashtra,West,13,37140.86,5046.82,2024-04-19,2025-12-30,1,2.4,2,19,5,5,3,Champions,Active
C09800,Maharashtra,West,8,37141.82,7187.46,2024-08-14,2025-11-12,49,2.9,0,11,3,4,3,Loyal,Active
C08198,Delhi,North,3,37164.78,11451.75,2025-07-11,2025-10-13,79,1.8,1,6,3,3,3,Loyal,Active
C09076,Delhi,North,3,37181.17,-7322.58,2024-11-14,2024-12-26,370,4.2,0,5,1,3,3,At risk,Churned
C03262,Maharashtra,West,6,37184.03,11355.56,2024-10-11,2025-11-13,48,2.0,0,6,3,3,3,Loyal,Active
C02235,West Bengal,East,9,37189.85,-4943.22,2025-02-03,2025-11-24,37,5.2,1,10,4,4,3,Champions,Active
C11680,Gujarat,West,4,37251.98,-1988.69,2024-10-22,2025-06-01,213,4.0,0,5,2,3,3,At risk,Churned
C09955,Madhya Pradesh,Central,9,37255.87,9171.93,2025-03-10,2025-12-23,8,4.8,1,12,5,4,3,Champions,Active
C06644,Maharashtra,West,1,37260.09,1668.66,2025-02-08,2025-02-08,326,2.0,0,2,1,1,3,Low value / lost,Churned
C11945,Maharashtra,West,4,37265.82,1173.59,2024-04-18,2024-12-22,374,2.3,0,7,1,3,3,At risk,Churned
C04414,Karnataka,South,8,37266.22,4283.51,2024-10-04,2025-12-17,14,2.4,1,10,5,4,3,Champions,Active
C03344,Rajasthan,North,5,37293.89,6005.18,2024-05-07,2025-08-12,141,3.5,2,6,2,3,3,At risk,Churned
C05128,Maharashtra,West,15,37329.91,12830.99,2025-01-22,2025-12-17,14,2.5,9,22,5,5,3,Champions,Active
C10149,Rajasthan,North,4,37369.14,-2357.89,2024-03-18,2025-09-25,97,4.7,0,7,3,3,3,Loyal,Churned
C03642,West Bengal,East,7,37373.91,59.54,2025-05-13,2025-12-18,13,4.9,0,10,5,4,3,Champions,Active
C05424,Rajasthan,North,8,37374.15,-510.63,2024-12-11,2025-10-11,81,4.0,1,13,3,4,3,Loyal,Active
C05304,Uttar Pradesh,North,7,37435.0,1156.53,2024-08-19,2025-12-07,24,4.0,1,12,4,4,3,Champions,Active
C11748,Bihar,East,4,37507.17,-1786.43,2025-03-23,2025-12-27,4,7.0,1,7,5,3,3,Loyal,Active
C03192,Delhi,North,2,37507.61,3131.26,2024-11-26,2025-01-30,335,2.5,0,4,1,2,3,Low value / lost,Churned
C00411,Karnataka,South,2,37534.36,5674.05,2025-03-12,2025-06-17,197,2.5,0,2,2,2,3,Low value / lost,Churned
C05950,Kerala,South,5,37543.26,2326.92,2024-11-03,2025-03-12,294,2.8,1,6,1,3,3,At risk,Churned
C03169,Maharashtra,West,1,37567.41,353.37,2024-12-18,2024-12-18,378,1.0,0,1,1,1,3,Low value / lost,Churned
C04583,Karnataka,South,3,37579.7,-1498.69,2025-01-05,2025-08-17,136,2.3,0,3,2,3,3,At risk,Churned
C05409,Tamil Nadu,South,7,37583.73,6618.32,2024-05-31,2025-11-12,49,2.5,3,16,3,4,3,Loyal,Active
C01625,West Bengal,East,5,37613.96,4045.65,2025-01-20,2025-09-14,108,5.3,1,6,3,3,3,Loyal,Churned
C04035,Uttar Pradesh,North,5,37618.19,3644.2,2024-08-09,2024-11-03,423,3.4,2,5,1,3,3,At risk,Churned
C05033,Uttar Pradesh,North,4,37658.46,1149.9,2025-01-22,2025-05-12,233,3.6,0,8,2,3,3,At risk,Churned
C11020,Rajasthan,North,3,37724.84,7861.62,2025-03-08,2025-04-02,273,4.2,0,5,2,3,3,At risk,Churned
C08172,Telangana,South,4,37738.06,653.76,2024-11-02,2025-12-29,2,1.5,0,4,5,3,3,Loyal,Active
C09367,Delhi,North,2,37739.55,3023.58,2025-08-06,2025-12-11,20,2.0,0,3,4,2,3,New / promising,Active
C03289,Maharashtra,West,2,37759.17,2571.29,2024-08-26,2024-10-23,434,3.5,0,4,1,2,3,Low value / lost,Churned
C00675,Telangana,South,3,37803.23,-9484.75,2024-10-05,2025-04-30,245,2.5,0,6,2,3,3,At risk,Churned
C09698,Delhi,North,2,37825.82,3441.15,2025-06-13,2025-11-09,52,2.3,1,3,3,2,3,Low value / lost,Active
C07324,Karnataka,South,6,37830.39,5569.33,2024-10-25,2025-12-28,3,2.4,1,10,5,3,3,Loyal,Active
C00649,Telangana,South,7,37859.93,7035.13,2024-10-24,2025-11-03,58,2.8,0,9,3,4,3,Loyal,Active
C04326,Telangana,South,4,37894.92,6320.65,2024-10-15,2025-05-04,241,2.3,0,4,2,3,3,At risk,Churned
C11257,Delhi,North,3,37911.77,-1571.87,2024-11-29,2025-11-26,35,1.2,1,5,4,3,3,Loyal,Active
C09805,Maharashtra,West,4,37920.01,-2925.78,2024-10-20,2025-08-30,123,2.2,1,5,2,3,3,At risk,Churned
C08943,Bihar,East,1,37926.89,2455.82,2025-12-24,2025-12-24,7,7.0,0,3,5,1,3,New / promising,Active
C09504,Tamil Nadu,South,16,37930.85,7455.71,2025-01-30,2025-11-23,38,3.8,0,22,4,5,3,Champions,Active
C09707,Karnataka,South,3,37945.59,2251.35,2024-12-25,2025-05-17,228,4.0,1,6,2,3,3,At risk,Churned
C01401,Karnataka,South,6,37947.86,2620.66,2024-03-03,2024-07-28,521,2.6,0,11,1,3,3,At risk,Churned
C05723,Tamil Nadu,South,4,38002.92,139.54,2024-09-17,2025-07-16,168,2.9,1,8,2,3,3,At risk,Churned
C07653,Delhi,North,11,38013.62,1269.48,2024-04-28,2025-12-16,15,2.2,1,15,5,4,3,Champions,Active
C06974,Rajasthan,North,3,38028.05,-120.81,2025-06-05,2025-09-28,94,5.2,0,5,3,3,3,Loyal,Churned
C09305,Maharashtra,West,9,38048.43,3651.36,2025-03-17,2025-09-13,109,2.1,2,12,3,4,3,Loyal,Churned
C05072,Maharashtra,West,8,38065.16,-2459.2,2025-05-23,2025-12-11,20,2.5,1,12,4,4,3,Champions,Active
C10935,Tamil Nadu,South,1,38079.92,465.06,2024-08-25,2024-08-25,493,3.0,0,2,1,1,3,Low value / lost,Churned
C09298,Maharashtra,West,4,38091.73,-5438.73,2024-04-05,2025-12-15,16,2.8,1,4,5,3,3,Loyal,Active
C08584,Bihar,East,9,38098.95,-389.13,2024-05-18,2025-10-18,74,6.1,4,12,3,4,3,Loyal,Active
C10938,Delhi,North,17,38101.25,8451.22,2025-02-05,2025-12-07,24,2.0,1,21,4,5,3,Champions,Active
C00356,Rajasthan,North,1,38113.13,-967.27,2025-05-26,2025-05-26,219,5.0,1,2,2,1,3,Low value / lost,Churned
C11435,Bihar,East,4,38113.34,346.62,2024-10-17,2024-12-05,391,7.0,0,7,1,3,3,At risk,Churned
C01323,Maharashtra,West,1,38116.42,389.14,2025-08-01,2025-08-01,152,1.0,0,3,2,1,3,Low value / lost,Churned
C04339,Delhi,North,7,38156.11,2089.11,2025-08-21,2025-12-10,21,2.1,1,9,4,4,3,Champions,Active
C03528,Delhi,North,4,38192.44,919.34,2025-03-29,2025-12-23,8,2.7,0,7,5,3,3,Loyal,Active
C02104,Bihar,East,13,38247.43,-764.2,2024-07-18,2025-12-19,12,6.8,0,15,5,5,3,Champions,Active
C06509,Rajasthan,North,2,38269.9,-5375.37,2024-03-10,2024-03-22,649,4.0,0,3,1,2,3,Low value / lost,Churned
C11129,Telangana,South,4,38274.42,9405.65,2024-12-04,2025-08-30,123,3.3,0,8,2,3,3,At risk,Churned
C11531,Madhya Pradesh,Central,10,38281.53,4730.02,2025-03-10,2025-12-04,27,4.0,1,12,4,4,3,Champions,Active
C02097,Maharashtra,West,16,38284.71,13672.93,2024-01-31,2025-09-06,116,3.0,3,22,2,5,3,At risk,Churned
C03573,Maharashtra,West,9,38358.41,7884.02,2024-11-17,2025-12-22,9,3.0,1,11,5,4,3,Champions,Active
C04441,Odisha,East,4,38399.63,2783.62,2025-05-24,2025-08-17,136,6.3,1,8,2,3,3,At risk,Churned
C03346,Tamil Nadu,South,4,38417.45,-12971.23,2025-06-17,2025-10-15,77,3.3,0,6,3,3,3,Loyal,Active
C03731,Karnataka,South,1,38420.12,3512.46,2025-10-05,2025-10-05,87,2.0,0,1,3,1,3,Low value / lost,Active
C11015,Gujarat,West,13,38521.66,14897.23,2024-05-10,2025-06-21,193,2.4,2,18,2,5,3,At risk,Churned
C04677,Delhi,North,3,38526.24,-2451.46,2025-05-21,2025-11-20,41,1.5,1,6,4,3,3,Loyal,Active
C11344,Maharashtra,West,5,38550.67,7090.26,2024-04-21,2025-01-31,334,2.3,1,6,1,3,3,At risk,Churned
C09334,Telangana,South,4,38609.89,7486.18,2025-04-23,2025-09-06,116,3.3,2,4,2,3,3,At risk,Churned
C11019,Tamil Nadu,South,2,38613.83,3376.94,2025-07-29,2025-10-29,63,2.5,1,4,3,2,3,Low value / lost,Active
C02737,Odisha,East,10,38691.41,9145.78,2024-03-01,2025-03-31,275,5.5,3,15,1,4,3,At risk,Churned
C11807,Telangana,South,1,38706.74,-6649.36,2025-10-11,2025-10-11,81,2.0,0,1,3,1,3,Low value / lost,Active
C09697,Delhi,North,6,38744.39,-4721.66,2024-12-18,2025-09-20,102,2.0,0,8,3,4,3,Loyal,Churned
C02421,Rajasthan,North,11,38830.12,3460.9,2024-06-11,2025-12-06,25,4.4,8,22,4,4,3,Champions,Active
C01836,Delhi,North,6,38835.16,1328.78,2025-05-19,2025-11-19,42,1.5,3,10,4,4,3,Champions,Active
C09665,Maharashtra,West,10,38856.66,-22639.12,2024-11-12,2025-08-07,146,2.7,0,11,2,4,3,At risk,Churned
C11239,Maharashtra,West,5,38872.45,6740.55,2025-06-21,2025-12-08,23,2.3,2,9,4,3,3,Loyal,Active
C03017,West Bengal,East,14,38874.32,7226.19,2024-06-24,2025-11-28,33,4.9,2,16,4,5,3,Champions,Active
C09937,Rajasthan,North,5,38877.03,-3522.46,2024-08-20,2025-10-19,73,2.0,0,9,3,3,3,Loyal,Active
C00645,Karnataka,South,2,38905.89,5123.97,2024-04-22,2024-06-23,556,3.4,1,5,1,2,3,Low value / lost,Churned
C04656,Assam,Northeast,5,38925.88,1777.91,2024-06-10,2025-12-17,14,8.4,0,8,5,3,3,Loyal,Active
C02049,Bihar,East,1,38925.93,5975.92,2025-07-22,2025-07-22,162,6.0,0,1,2,1,3,Low value / lost,Churned
C09638,West Bengal,East,12,38927.28,8309.77,2025-04-26,2025-12-30,1,5.4,1,19,5,4,3,Champions,Active
C01501,Maharashtra,West,5,38956.83,6440.98,2025-03-11,2025-12-28,3,2.5,1,10,5,3,3,Loyal,Active
C07979,Uttar Pradesh,North,9,39047.76,5159.94,2024-02-28,2025-09-08,114,3.5,1,15,2,4,3,At risk,Churned
C09715,Tamil Nadu,South,12,39049.06,8881.63,2024-02-07,2025-07-27,157,2.6,4,17,2,4,3,At risk,Churned
C08416,Karnataka,South,7,39049.95,5143.01,2025-01-07,2025-12-29,2,2.4,0,8,5,4,3,Champions,Active
C06400,Gujarat,West,5,39104.31,-13838.54,2024-05-11,2025-11-24,37,2.7,2,7,4,3,3,Loyal,Active
C10930,Uttar Pradesh,North,3,39155.53,8568.9,2025-05-10,2025-10-18,74,3.4,1,5,3,3,3,Loyal,Active
C06074,Tamil Nadu,South,7,39200.36,-6883.88,2024-04-27,2025-08-13,140,2.7,0,9,2,4,3,At risk,Churned
C04433,Gujarat,West,8,39201.11,7362.13,2024-10-28,2025-12-22,9,3.2,1,10,5,4,3,Champions,Active
C00982,Tamil Nadu,South,4,39223.38,-2985.77,2024-09-21,2025-11-30,31,3.8,1,6,4,3,3,Loyal,Active
C04570,Uttar Pradesh,North,8,39239.75,6809.48,2025-03-05,2025-12-17,14,3.9,2,10,5,4,3,Champions,Active
C06865,Maharashtra,West,3,39245.42,3700.04,2024-06-25,2025-09-07,115,3.4,1,5,2,3,3,At risk,Churned
C09343,Maharashtra,West,9,39260.61,13571.95,2024-07-11,2024-11-05,421,2.5,1,13,1,4,3,At risk,Churned
C08656,Telangana,South,15,39283.24,5456.91,2024-06-20,2025-10-07,85,2.5,3,21,3,5,3,Loyal,Active
C09360,Madhya Pradesh,Central,7,39311.19,7877.16,2024-01-24,2024-03-11,660,4.2,1,11,1,4,3,At risk,Churned
C08727,Uttar Pradesh,North,4,39316.27,4011.31,2024-10-06,2025-10-15,77,4.4,2,5,3,3,3,Loyal,Active
C07446,Odisha,East,8,39348.9,5000.71,2024-07-04,2024-11-29,397,6.8,3,13,1,4,3,At risk,Churned
C02194,Kerala,South,5,39396.07,3413.19,2024-04-28,2025-08-12,141,4.2,0,5,2,3,3,At risk,Churned
C09621,Karnataka,South,1,39410.82,3627.46,2025-09-13,2025-09-13,109,3.0,0,2,3,1,3,Low value / lost,Churned
C05343,Tamil Nadu,South,10,39458.89,14568.02,2024-03-05,2025-12-17,14,2.5,3,16,5,4,3,Champions,Active
C02179,Maharashtra,West,5,39595.29,5914.94,2024-12-31,2025-12-13,18,2.6,0,8,4,3,3,Loyal,Active
C09574,West Bengal,East,5,39656.77,4007.75,2025-01-01,2025-09-26,96,4.2,2,9,3,3,3,Loyal,Churned
C08770,Uttar Pradesh,North,11,39665.16,6709.03,2024-11-21,2025-12-26,5,3.0,1,13,5,4,3,Champions,Active
C04322,Maharashtra,West,1,39676.52,3418.79,2024-12-27,2024-12-27,369,6.0,0,2,1,1,3,Low value / lost,Churned
C02221,Karnataka,South,2,39698.34,5801.98,2024-04-08,2024-04-12,628,2.8,0,5,1,2,3,Low value / lost,Churned
C02660,Rajasthan,North,1,39742.92,6363.21,2024-07-03,2024-07-03,546,4.0,0,2,1,1,3,Low value / lost,Churned
C02333,Tamil Nadu,South,4,39766.0,444.03,2024-09-18,2025-11-22,39,3.0,1,7,4,3,3,Loyal,Active
C11439,Tamil Nadu,South,9,39794.26,10222.3,2025-05-27,2025-11-22,39,2.8,3,14,4,4,3,Champions,Active
C08691,Uttar Pradesh,North,3,39801.41,-9787.55,2025-04-17,2025-10-10,82,3.0,0,3,3,3,3,Loyal,Active
C01782,Gujarat,West,4,39809.58,-1898.96,2024-10-16,2025-02-16,318,2.8,1,5,1,3,3,At risk,Churned
C03220,West Bengal,East,4,39812.64,-7482.79,2025-01-25,2025-12-24,7,5.0,2,6,5,3,3,Loyal,Active
C10704,Maharashtra,West,7,39835.96,1884.42,2024-06-20,2025-12-02,29,3.2,2,10,4,4,3,Champions,Active
C08037,Gujarat,West,1,39912.67,-12335.2,2025-10-08,2025-10-08,84,3.0,0,3,3,1,3,Low value / lost,Active
C09014,Madhya Pradesh,Central,4,39921.17,-6660.07,2024-10-06,2024-12-16,380,3.0,2,6,1,3,3,At risk,Churned
C02276,Gujarat,West,3,39923.43,5004.9,2024-03-28,2025-05-14,231,4.0,1,4,2,3,3,At risk,Churned
C03670,Delhi,North,6,39924.73,-5387.35,2024-05-25,2025-04-29,246,2.0,3,8,2,4,3,At risk,Churned
C03372,Tamil Nadu,South,4,39962.0,10231.89,2025-05-17,2025-09-04,118,3.1,4,7,2,3,3,At risk,Churned
C02534,Gujarat,West,8,40011.66,1253.52,2024-02-13,2025-12-18,13,2.2,0,12,5,4,3,Champions,Active
C10336,Karnataka,South,10,40102.71,4824.39,2024-08-11,2025-05-13,232,2.0,3,12,2,4,3,At risk,Churned
C11875,Gujarat,West,20,40126.14,8899.33,2024-11-10,2025-12-25,6,3.3,1,24,5,5,3,Champions,Active
C02089,Rajasthan,North,3,40149.49,2255.76,2024-12-23,2025-03-29,277,5.2,0,5,1,3,3,At risk,Churned
C11798,Maharashtra,West,10,40159.19,7089.6,2025-06-16,2025-12-10,21,2.7,3,15,4,4,3,Champions,Active
C08805,Delhi,North,6,40226.15,-9741.47,2024-10-14,2025-07-26,158,1.6,1,10,2,4,3,At risk,Churned
C01971,Uttar Pradesh,North,5,40229.73,6357.22,2025-06-13,2025-11-29,32,4.5,1,8,4,3,3,Loyal,Active
C08342,Tamil Nadu,South,4,40278.42,4063.93,2024-10-18,2025-12-06,25,3.7,1,6,4,3,3,Loyal,Active
C04484,Rajasthan,North,4,40281.24,2073.34,2024-02-20,2025-01-19,346,4.4,1,5,1,3,3,At risk,Churned
C08750,Delhi,North,7,40290.91,10034.88,2024-06-30,2025-09-25,97,2.2,1,12,3,4,3,Loyal,Churned
C10421,Maharashtra,West,7,40297.25,-1120.9,2024-05-12,2025-12-22,9,2.3,0,8,5,4,3,Champions,Active
C07303,Madhya Pradesh,Central,1,40297.55,1701.89,2025-10-14,2025-10-14,78,4.0,1,1,3,1,3,Low value / lost,Active
C04696,Maharashtra,West,8,40298.09,3679.79,2024-04-28,2025-05-04,241,2.7,1,13,2,4,3,At risk,Churned
C00911,Madhya Pradesh,Central,16,40318.49,5372.21,2024-05-15,2025-12-12,19,4.0,2,22,4,5,3,Champions,Active
C11443,Maharashtra,West,5,40382.46,-12937.68,2025-01-02,2025-08-08,145,1.9,3,7,2,3,3,At risk,Churned
C05202,Maharashtra,West,6,40387.8,-20476.32,2024-04-11,2025-12-25,6,3.0,4,11,5,4,3,Champions,Active
C01028,Uttar Pradesh,North,8,40398.52,7192.08,2025-08-11,2025-12-23,8,2.9,3,14,5,4,3,Champions,Active
C09087,Delhi,North,1,40407.28,4379.42,2025-09-07,2025-09-07,115,3.0,0,2,2,1,3,Low value / lost,Churned
C01858,Tamil Nadu,South,5,40448.19,4556.84,2024-03-10,2024-10-05,452,2.7,1,7,1,3,3,At risk,Churned
C04700,Delhi,North,14,40473.81,8616.84,2024-07-19,2025-11-25,36,2.4,3,18,4,5,3,Champions,Active
C07160,Delhi,North,2,40481.26,1770.86,2025-08-03,2025-10-08,84,1.5,1,4,3,2,3,Low value / lost,Active
C08078,Delhi,North,2,40484.4,-20284.76,2025-08-23,2025-11-10,51,2.0,0,2,3,2,3,Low value / lost,Active
C02677,Delhi,North,2,40484.57,-34.92,2024-09-08,2024-11-11,415,1.4,0,5,1,2,3,Low value / lost,Churned
C02282,Gujarat,West,8,40496.79,7490.83,2024-07-21,2025-10-12,80,3.5,2,11,3,4,3,Loyal,Active
C00445,Maharashtra,West,7,40497.9,4342.35,2024-04-08,2025-10-30,62,2.4,2,11,3,4,3,Loyal,Active
C01751,Karnataka,South,3,40515.15,-946.61,2024-03-19,2024-07-10,539,1.8,1,4,1,3,3,At risk,Churned
C07849,Rajasthan,North,2,40529.06,6704.25,2025-10-15,2025-11-06,55,1.8,0,4,3,2,3,Low value / lost,Active
C11892,Tamil Nadu,South,8,40532.75,5324.88,2024-11-21,2025-12-29,2,3.6,1,9,5,4,3,Champions,Active
C10083,Kerala,South,9,40547.01,9487.2,2024-05-26,2025-10-12,80,2.6,2,14,3,4,3,Loyal,Active
C07536,Karnataka,South,2,40556.17,434.49,2025-08-03,2025-12-13,18,1.3,1,3,4,2,3,New / promising,Active
C06877,Gujarat,West,9,40571.68,9145.27,2024-07-19,2025-11-29,32,3.8,3,15,4,4,3,Champions,Active
C07076,Delhi,North,1,40597.33,-3237.36,2025-12-24,2025-12-24,7,2.0,0,1,5,1,3,New / promising,Active
C03703,Karnataka,South,3,40600.84,969.96,2024-10-08,2025-10-10,82,1.8,1,6,3,3,3,Loyal,Active
C06423,Tamil Nadu,South,10,40606.71,4860.67,2025-03-25,2025-09-27,95,2.8,5,12,3,4,3,Loyal,Churned
C03764,Karnataka,South,1,40609.16,-2930.67,2025-05-19,2025-05-19,226,1.0,0,1,2,1,3,Low value / lost,Churned
C02592,Maharashtra,West,16,40655.84,6566.67,2024-01-04,2025-12-01,30,2.2,1,20,4,5,3,Champions,Active
C04084,Maharashtra,West,4,40683.95,-67.61,2025-07-01,2025-12-29,2,1.6,0,7,5,3,3,Loyal,Active
C11204,Bihar,East,4,40686.69,6368.39,2024-11-21,2025-07-16,168,6.4,0,5,2,3,3,At risk,Churned
C10434,Karnataka,South,5,40703.5,7541.98,2025-02-11,2025-11-12,49,4.1,0,8,3,3,3,Loyal,Active
C06887,Gujarat,West,5,40707.13,5745.65,2024-11-22,2025-10-15,77,3.5,1,8,3,3,3,Loyal,Active
C10724,Maharashtra,West,7,40732.72,7125.86,2024-07-26,2025-12-27,4,2.6,1,8,5,4,3,Champions,Active
C05015,Maharashtra,West,4,40738.14,6808.48,2024-10-03,2024-12-30,366,1.8,0,5,1,3,3,At risk,Churned
C11261,Telangana,South,10,40750.85,10048.2,2024-03-11,2025-02-04,330,2.6,0,14,1,4,3,At risk,Churned
C00139,Tamil Nadu,South,2,40762.25,769.97,2025-07-28,2025-10-04,88,3.0,1,2,3,2,3,Low value / lost,Active
C11357,Karnataka,South,3,40767.53,5537.26,2024-09-15,2025-06-28,186,2.7,0,3,2,3,3,At risk,Churned
C09420,Kerala,South,7,40782.81,9897.32,2025-05-15,2025-12-31,0,3.8,0,10,5,4,3,Champions,Active
C04914,Karnataka,South,2,40799.88,-6002.26,2024-10-09,2025-07-18,166,4.5,0,2,2,2,3,Low value / lost,Churned
C03283,Madhya Pradesh,Central,13,40816.47,5742.94,2024-10-03,2025-12-30,1,4.4,1,17,5,5,3,Champions,Active
C05672,Tamil Nadu,South,5,40826.43,-10568.17,2024-10-17,2025-11-20,41,2.8,0,6,4,3,3,Loyal,Active
C01039,Uttar Pradesh,North,9,40871.61,1203.52,2024-01-15,2024-02-18,682,4.2,2,12,1,4,3,At risk,Churned
C00605,Gujarat,West,9,40903.81,-2819.58,2024-08-21,2025-11-08,53,2.8,1,13,3,4,3,Loyal,Active
C06216,Telangana,South,7,40907.02,1905.91,2024-09-26,2025-03-02,304,2.7,2,11,1,4,3,At risk,Churned
C07262,Maharashtra,West,6,40927.78,2722.39,2024-03-26,2025-05-16,229,2.8,2,9,2,4,3,At risk,Churned
C02531,Karnataka,South,2,40939.88,7393.86,2025-02-01,2025-10-04,88,2.5,0,2,3,2,3,Low value / lost,Active
C09961,Delhi,North,2,40962.25,3998.46,2025-07-13,2025-10-24,68,2.8,1,5,3,2,3,Low value / lost,Active
C10226,Telangana,South,4,40991.31,2807.78,2024-11-19,2025-09-15,107,2.2,2,6,3,3,3,Loyal,Churned
C02645,Maharashtra,West,5,41048.87,2478.09,2025-04-10,2025-10-16,76,2.0,0,6,3,3,3,Loyal,Active
C07562,Karnataka,South,2,41049.59,738.24,2025-02-23,2025-04-30,245,2.0,1,2,2,2,3,Low value / lost,Churned
C09329,Odisha,East,1,41053.59,7674.99,2025-09-13,2025-09-13,109,7.0,0,3,3,1,3,Low value / lost,Churned
C04735,West Bengal,East,6,41082.44,4911.87,2024-06-26,2025-06-09,205,5.2,3,10,2,4,3,At risk,Churned
C02510,Maharashtra,West,4,41086.17,3226.46,2024-09-02,2025-07-30,154,2.8,1,6,2,3,3,At risk,Churned
C01918,Tamil Nadu,South,10,41097.02,4807.55,2024-07-13,2025-12-24,7,3.2,6,16,5,4,3,Champions,Active
C04954,Maharashtra,West,6,41114.99,5049.12,2024-04-16,2025-10-14,78,1.7,2,7,3,4,3,Loyal,Active
C07023,Rajasthan,North,10,41116.39,3800.08,2024-01-20,2024-11-30,396,3.5,6,15,1,4,3,At risk,Churned
C05460,Tamil Nadu,South,18,41117.18,1200.83,2024-08-26,2025-12-18,13,2.7,2,23,5,5,3,Champions,Active
C07182,Rajasthan,North,1,41125.92,-4260.31,2025-06-28,2025-06-28,186,5.0,0,1,2,1,3,Low value / lost,Churned
C08684,West Bengal,East,16,41157.32,10357.53,2024-02-12,2025-12-25,6,5.0,3,24,5,5,3,Champions,Active
C02340,Rajasthan,North,7,41159.94,6922.49,2024-05-17,2025-12-17,14,4.4,1,8,5,4,3,Champions,Active
C04885,Gujarat,West,1,41174.73,-3556.58,2024-08-11,2024-08-11,507,2.0,0,1,1,1,3,Low value / lost,Churned
C08239,Maharashtra,West,9,41209.07,9664.57,2024-04-02,2025-12-01,30,2.8,0,13,4,4,3,Champions,Active
C03496,Gujarat,West,10,41246.04,236.47,2024-09-19,2025-12-31,0,3.2,1,13,5,4,3,Champions,Active
C03568,Maharashtra,West,5,41280.49,2298.14,2025-02-20,2025-12-22,9,2.4,0,5,5,3,3,Loyal,Active
C01647,Tamil Nadu,South,4,41342.7,-5858.68,2024-05-14,2025-05-09,236,3.0,0,6,2,3,3,At risk,Churned
C04742,Tamil Nadu,South,12,41347.08,6143.28,2024-08-26,2025-12-01,30,2.7,3,18,4,4,3,Champions,Active
C04179,Maharashtra,West,3,41348.57,6186.89,2024-11-18,2025-10-22,70,3.0,0,5,3,3,3,Loyal,Active
C01617,Delhi,North,7,41361.8,933.43,2024-11-04,2025-09-29,93,2.5,0,8,3,4,3,Loyal,Churned
C00565,Tamil Nadu,South,12,41410.46,9470.13,2024-02-24,2025-12-10,21,2.9,3,15,4,4,3,Champions,Active
C05691,Gujarat,West,5,41414.07,9855.85,2024-05-09,2025-12-05,26,3.5,3,6,4,3,3,Loyal,Active
C00875,Tamil Nadu,South,9,41423.56,9999.58,2024-02-01,2025-03-14,292,3.1,0,14,1,4,3,At risk,Churned
C02209,Delhi,North,4,41451.67,-1750.06,2025-07-16,2025-11-06,55,1.3,0,4,3,3,3,Loyal,Active
C09964,West Bengal,East,5,41473.37,1124.6,2024-05-17,2025-06-22,192,5.2,1,5,2,3,3,At risk,Churned
C04356,Maharashtra,West,4,41489.63,7123.17,2025-03-28,2025-06-17,197,1.4,0,5,2,3,3,At risk,Churned
C04321,Gujarat,West,9,41523.73,2910.26,2024-06-01,2025-11-04,57,2.8,3,15,3,4,3,Loyal,Active
C06213,Uttar Pradesh,North,5,41551.66,-5134.83,2024-04-12,2025-11-21,40,3.4,0,5,4,3,3,Loyal,Active
C07297,Uttar Pradesh,North,3,41564.69,5827.57,2024-10-19,2025-02-20,314,3.5,1,6,1,3,3,At risk,Churned
C08793,Rajasthan,North,5,41569.66,6301.92,2024-04-01,2025-05-14,231,3.5,1,6,2,3,3,At risk,Churned
C00199,Telangana,South,6,41597.12,1797.5,2024-02-19,2025-01-30,335,2.9,0,10,1,4,3,At risk,Churned
C02704,Maharashtra,West,3,41599.49,-2926.02,2024-12-30,2025-11-14,47,3.0,0,4,3,3,3,Loyal,Active
C10097,Gujarat,West,9,41603.34,-4158.79,2024-05-05,2025-08-01,152,3.3,0,14,2,4,3,At risk,Churned
C05986,West Bengal,East,8,41609.44,2784.61,2025-02-18,2025-12-10,21,5.1,1,12,4,4,3,Champions,Active
C10158,Karnataka,South,6,41633.45,500.26,2024-06-16,2025-07-28,156,2.5,2,8,2,4,3,At risk,Churned
C10017,Madhya Pradesh,Central,2,41681.76,7033.9,2025-09-20,2025-10-27,65,3.5,2,2,3,2,3,Low value / lost,Active
C05010,Madhya Pradesh,Central,7,41751.57,2524.04,2025-02-10,2025-12-27,4,4.1,1,8,5,4,3,Champions,Active
C02399,Karnataka,South,8,41771.86,-12766.39,2024-11-23,2025-12-02,29,2.4,1,10,4,4,3,Champions,Active
C02777,Uttar Pradesh,North,7,41810.93,7988.44,2024-08-20,2025-12-21,10,3.8,0,11,5,4,3,Champions,Active
C01926,Rajasthan,North,8,41840.24,4871.68,2024-09-21,2025-12-27,4,4.6,0,10,5,4,3,Champions,Active
C07531,Rajasthan,North,4,41887.73,4576.68,2025-08-03,2025-12-13,18,2.4,1,7,4,3,3,Loyal,Active
C07021,Gujarat,West,17,41932.25,5987.08,2024-05-07,2025-12-30,1,3.1,1,24,5,5,3,Champions,Active
C06648,Tamil Nadu,South,2,41955.71,1306.0,2025-09-15,2025-12-25,6,2.0,0,3,5,2,3,New / promising,Active
C08309,Rajasthan,North,15,41956.43,1668.49,2024-09-14,2025-12-08,23,4.1,6,24,4,5,3,Champions,Active
C07927,Maharashtra,West,7,42004.78,-8424.3,2024-05-23,2025-12-29,2,2.6,0,8,5,4,3,Champions,Active
C02619,Tamil Nadu,South,5,42011.77,8431.01,2024-06-30,2025-10-24,68,2.4,1,8,3,3,3,Loyal,Active
C08274,Gujarat,West,2,42028.51,3543.28,2025-08-03,2025-11-24,37,2.7,1,3,4,2,3,New / promising,Active
C08940,Telangana,South,8,42046.72,3653.32,2025-05-09,2025-12-07,24,2.8,1,10,4,4,3,Champions,Active
C07036,Assam,Northeast,12,42081.75,-448.82,2024-08-11,2025-03-04,302,7.4,1,13,1,4,3,At risk,Churned
C07122,Delhi,North,4,42091.99,3784.58,2024-11-11,2025-06-11,203,1.6,1,5,2,3,3,At risk,Churned
C06044,Karnataka,South,6,42134.49,2116.89,2025-04-28,2025-12-11,20,2.1,0,7,4,4,3,Champions,Active
C08754,Maharashtra,West,2,42197.66,-3200.31,2025-10-11,2025-11-22,39,4.0,2,2,4,2,3,New / promising,Active
C08408,West Bengal,East,4,42202.86,6418.74,2024-08-12,2025-10-28,64,5.3,1,8,3,3,3,Loyal,Active
C09287,Karnataka,South,5,42230.13,8842.74,2025-01-10,2025-12-11,20,2.3,1,6,4,3,3,Loyal,Active
C08063,Maharashtra,West,7,42244.78,-6412.6,2025-05-01,2025-12-13,18,2.9,1,13,4,4,3,Champions,Active
C00619,Karnataka,South,8,42275.9,7830.76,2024-12-07,2025-09-15,107,2.5,2,11,3,4,3,Loyal,Churned
C07593,Uttar Pradesh,North,9,42279.59,6584.93,2024-07-07,2025-10-14,78,3.9,2,17,3,4,3,Loyal,Active
C01497,Karnataka,South,6,42300.04,4500.46,2024-11-29,2025-12-19,12,3.1,1,10,5,4,3,Champions,Active
C05962,West Bengal,East,4,42325.03,-5839.46,2024-10-30,2025-12-04,27,5.1,1,8,4,3,3,Loyal,Active
C11176,Kerala,South,10,42330.27,7320.05,2024-07-25,2025-11-22,39,3.8,1,12,4,4,3,Champions,Active
C09678,Karnataka,South,4,42351.5,5950.18,2024-04-19,2024-07-02,547,2.0,0,6,1,3,3,At risk,Churned
C10326,Telangana,South,6,42362.41,7163.64,2024-10-21,2025-10-02,90,2.7,0,10,3,4,3,Loyal,Active
C08787,Maharashtra,West,3,42384.57,-6248.74,2024-07-14,2024-08-22,496,2.0,0,7,1,3,3,At risk,Churned
C05984,Maharashtra,West,4,42405.96,6917.25,2024-08-17,2025-12-11,20,1.7,1,6,4,3,3,Loyal,Active
C09290,Delhi,North,6,42434.88,10802.89,2024-06-23,2025-07-04,180,2.0,2,9,2,4,3,At risk,Churned
C11534,Delhi,North,7,42451.82,1430.27,2024-10-25,2025-09-28,94,2.4,2,9,3,4,3,Loyal,Churned
C03243,Tamil Nadu,South,2,42468.32,-2532.45,2025-05-13,2025-12-20,11,4.0,1,2,5,2,3,New / promising,Active
C09154,Telangana,South,8,42476.56,-9411.12,2024-10-27,2025-12-14,17,3.0,0,8,5,4,3,Champions,Active
C03089,Rajasthan,North,3,42519.74,1988.36,2024-11-11,2025-10-26,66,3.8,0,6,3,3,3,Loyal,Active
C05097,Telangana,South,8,42589.22,4499.13,2025-04-28,2025-12-28,3,2.4,2,10,5,4,3,Champions,Active
C02046,Maharashtra,West,8,42610.5,9197.4,2024-11-26,2025-11-25,36,2.9,0,10,4,4,3,Champions,Active
C07587,Rajasthan,North,7,42659.84,5766.52,2024-11-27,2025-09-29,93,4.9,1,10,3,4,3,Loyal,Churned
C04130,Maharashtra,West,5,42697.13,4086.0,2024-08-11,2025-10-08,84,3.5,1,6,3,3,3,Loyal,Active
C02449,Maharashtra,West,2,42697.79,3687.05,2025-07-08,2025-09-01,121,2.5,0,4,2,2,3,Low value / lost,Churned
C02039,Delhi,North,14,42721.93,5737.51,2024-01-23,2025-12-12,19,2.3,3,17,4,5,3,Champions,Active
C05889,Delhi,North,15,42751.61,9297.29,2024-07-06,2025-10-17,75,2.1,2,17,3,5,3,Loyal,Active
C05834,Delhi,North,7,42814.9,-2728.97,2024-04-27,2025-10-15,77,1.7,2,7,3,4,3,Loyal,Active
C03071,Uttar Pradesh,North,7,42845.36,-3486.83,2024-02-23,2024-07-23,526,3.3,1,14,1,4,3,At risk,Churned
C07401,Gujarat,West,7,42869.37,7999.07,2024-11-04,2025-12-24,7,3.7,2,12,5,4,3,Champions,Active
C10085,Telangana,South,5,42895.02,3636.15,2025-08-14,2025-11-18,43,2.0,1,7,4,3,3,Loyal,Active
C03623,Maharashtra,West,6,42921.54,-1280.36,2024-11-23,2025-06-15,199,2.8,1,10,2,4,3,At risk,Churned
C11141,Delhi,North,3,43010.62,3347.02,2025-07-05,2025-12-01,30,2.3,2,6,4,3,3,Loyal,Active
C02927,Gujarat,West,1,43038.0,-2844.93,2024-04-30,2024-04-30,610,4.0,0,3,1,1,3,Low value / lost,Churned
C11668,Delhi,North,4,43040.21,-2605.46,2024-07-20,2025-12-06,25,3.1,1,7,4,3,3,Loyal,Active
C04580,Gujarat,West,1,43046.1,-1344.71,2024-10-07,2024-10-07,450,3.0,0,1,1,1,3,Low value / lost,Churned
C03157,Kerala,South,5,43108.25,-7545.44,2024-09-23,2025-10-28,64,3.5,0,6,3,3,3,Loyal,Active
C10475,Gujarat,West,10,43126.95,-1025.97,2024-10-22,2025-06-23,191,3.2,1,13,2,4,3,At risk,Churned
C07365,Delhi,North,8,43146.66,4675.45,2024-11-14,2025-12-29,2,2.4,3,10,5,4,3,Champions,Active
C01913,Bihar,East,3,43157.86,6848.08,2025-04-27,2025-05-16,229,6.4,2,5,2,3,3,At risk,Churned
C10499,Telangana,South,12,43174.43,2682.17,2024-04-07,2025-08-25,128,2.8,2,13,2,4,3,At risk,Churned
C09614,Telangana,South,6,43185.16,2607.85,2024-03-12,2025-06-04,210,2.1,0,10,2,4,3,At risk,Churned
C03068,Telangana,South,4,43218.41,-820.73,2024-01-21,2024-04-01,639,4.2,1,6,1,3,3,At risk,Churned
C03692,Uttar Pradesh,North,4,43255.66,-1957.12,2025-03-25,2025-11-18,43,2.3,2,6,4,3,3,Loyal,Active
C07641,Maharashtra,West,7,43255.7,-673.41,2024-03-16,2025-01-24,341,1.8,0,9,1,4,3,At risk,Churned
C10277,Uttar Pradesh,North,7,43282.52,3064.17,2025-03-13,2025-12-11,20,2.3,3,11,4,4,3,Champions,Active
C02098,Delhi,North,4,43335.74,1166.68,2024-03-25,2025-10-21,71,2.8,0,5,3,3,3,Loyal,Active
C10074,Gujarat,West,8,43357.21,4833.99,2024-03-17,2025-09-27,95,2.9,0,11,3,4,3,Loyal,Churned
C04285,Uttar Pradesh,North,2,43419.31,4053.27,2025-11-13,2025-12-10,21,2.0,0,3,4,2,3,New / promising,Active
C00789,Bihar,East,3,43420.31,-663.5,2024-11-28,2025-01-04,361,6.8,1,4,1,3,3,At risk,Churned
C04199,Odisha,East,3,43449.23,-2787.97,2024-11-06,2025-11-04,57,6.0,0,3,3,3,3,Loyal,Active
C04192,West Bengal,East,7,43515.52,-7683.78,2025-06-04,2025-12-11,20,4.8,2,11,4,4,3,Champions,Active
C07366,Tamil Nadu,South,4,43519.87,-14637.05,2025-05-26,2025-12-22,9,2.3,0,6,5,3,3,Loyal,Active
C05068,Maharashtra,West,1,43545.09,-1827.51,2024-10-28,2024-10-28,429,4.0,0,1,1,1,3,Low value / lost,Churned
C11442,Gujarat,West,3,43550.1,-2444.86,2024-05-24,2025-12-18,13,3.3,3,7,5,3,3,Loyal,Active
C00885,Kerala,South,14,43557.37,2218.84,2024-10-20,2025-12-16,15,3.3,0,15,5,5,3,Champions,Active
C02939,Karnataka,South,6,43560.59,6470.6,2025-03-27,2025-12-14,17,2.8,1,6,5,4,3,Champions,Active
C06360,Kerala,South,1,43573.32,5544.58,2025-11-04,2025-11-04,57,5.0,0,2,3,1,3,Low value / lost,Active
C01262,Telangana,South,7,43588.98,-147.52,2024-08-29,2025-08-22,131,2.0,1,8,2,4,3,At risk,Churned
C09909,Karnataka,South,8,43642.79,-10453.75,2024-12-06,2025-12-05,26,2.4,2,10,4,4,3,Champions,Active
C09569,Uttar Pradesh,North,6,43646.0,8709.47,2024-01-08,2025-12-13,18,4.1,0,7,4,4,3,Champions,Active
C07797,Rajasthan,North,10,43683.71,-1459.97,2025-05-08,2025-12-27,4,4.2,0,13,5,4,3,Champions,Active
C02536,Karnataka,South,10,43696.6,9647.35,2024-11-15,2025-12-09,22,2.3,1,13,4,4,3,Champions,Active
C09543,West Bengal,East,5,43713.82,5313.55,2024-05-12,2024-12-26,370,4.8,0,8,1,3,3,At risk,Churned
C01666,Delhi,North,6,43727.27,2379.14,2025-07-03,2025-12-12,19,2.1,1,10,4,4,3,Champions,Active
C10637,Uttar Pradesh,North,8,43748.74,3224.67,2024-01-25,2025-11-26,35,2.7,2,10,4,4,3,Champions,Active
C11954,Karnataka,South,1,43756.18,6640.9,2025-03-25,2025-03-25,281,4.0,1,2,1,1,3,Low value / lost,Churned
C11119,Telangana,South,5,43758.67,2058.77,2024-08-08,2025-12-17,14,2.5,1,8,5,3,3,Loyal,Active
C05922,Uttar Pradesh,North,3,43851.81,-772.0,2024-09-04,2024-11-18,408,4.7,0,3,1,3,3,At risk,Churned
C03766,Maharashtra,West,2,43868.08,-18775.43,2025-10-19,2025-11-14,47,2.7,0,3,3,2,3,Low value / lost,Active
C02511,Karnataka,South,3,43869.12,-8942.19,2025-08-03,2025-12-28,3,2.9,1,7,5,3,3,Loyal,Active
C08446,Madhya Pradesh,Central,9,43895.4,12652.21,2025-03-01,2025-12-30,1,4.2,1,11,5,4,3,Champions,Active
C07218,Delhi,North,5,43906.09,2755.9,2025-03-30,2025-11-25,36,2.3,3,6,4,3,3,Loyal,Active
C07211,Kerala,South,1,43911.75,9786.65,2024-07-04,2024-07-04,545,4.0,0,1,1,1,3,Low value / lost,Churned
C10068,Karnataka,South,3,43944.54,-451.33,2025-07-08,2025-11-04,57,2.8,0,4,3,3,3,Loyal,Active
C07552,Gujarat,West,4,43963.16,3237.24,2024-10-11,2025-03-03,303,2.5,1,6,1,3,3,At risk,Churned
C08697,Uttar Pradesh,North,8,44044.26,2632.64,2025-04-08,2025-12-01,30,2.9,1,11,4,4,3,Champions,Active
C06823,Maharashtra,West,4,44063.94,3798.9,2025-06-18,2025-12-24,7,3.3,1,7,5,3,3,Loyal,Active
C01678,Uttar Pradesh,North,7,44085.57,1357.48,2025-03-11,2025-11-05,56,4.3,1,11,3,4,3,Loyal,Active
C02680,Kerala,South,4,44093.83,7992.72,2025-07-24,2025-10-21,71,2.8,0,5,3,3,3,Loyal,Active
C05529,Tamil Nadu,South,10,44104.36,11690.78,2024-11-18,2025-10-29,63,3.0,1,11,3,4,3,Loyal,Active
C10770,Bihar,East,7,44128.45,6846.86,2025-01-03,2025-11-28,33,7.1,2,11,4,4,3,Champions,Active
C10391,Maharashtra,West,9,44128.92,3295.84,2025-04-28,2025-11-28,33,3.0,3,10,4,4,3,Champions,Active
C00219,Maharashtra,West,2,44144.38,-3005.89,2025-04-02,2025-07-21,163,3.5,0,2,2,2,3,Low value / lost,Churned
C11624,Rajasthan,North,2,44149.42,-4562.64,2025-06-17,2025-10-09,83,3.5,0,4,3,2,3,Low value / lost,Active
C00995,Karnataka,South,3,44218.97,-4412.76,2025-05-04,2025-08-08,145,2.3,1,4,2,3,3,At risk,Churned
C01419,Karnataka,South,11,44246.89,8909.75,2024-08-29,2025-12-10,21,2.5,0,11,4,4,3,Champions,Active
C01285,Karnataka,South,7,44256.67,3325.37,2024-10-08,2025-02-05,329,2.6,1,10,1,4,3,At risk,Churned
C03612,Tamil Nadu,South,3,44276.69,-2667.76,2025-03-19,2025-09-17,105,2.7,0,3,3,3,3,Loyal,Churned
C04601,Delhi,North,5,44286.82,6368.11,2024-09-05,2025-06-30,184,1.7,0,6,2,3,3,At risk,Churned
C00759,Tamil Nadu,South,8,44286.83,-16092.25,2024-05-22,2025-12-07,24,2.7,0,10,4,4,3,Champions,Active
C11501,Karnataka,South,15,44338.98,-3334.81,2024-10-03,2025-12-07,24,2.4,1,17,4,5,3,Champions,Active
C09919,Delhi,North,2,44367.41,3829.05,2025-01-03,2025-07-22,162,1.5,0,4,2,2,3,Low value / lost,Churned
C00450,Maharashtra,West,2,44385.87,-3778.82,2024-05-18,2025-10-29,63,1.0,0,4,3,2,3,Low value / lost,Active
C09365,Karnataka,South,7,44412.2,496.4,2025-03-31,2025-10-31,61,2.1,1,9,3,4,3,Loyal,Active
C07693,Telangana,South,12,44417.6,12491.7,2025-04-23,2025-12-28,3,2.0,2,20,5,4,3,Champions,Active
C11227,Odisha,East,2,44455.84,4449.87,2025-06-19,2025-09-22,100,7.0,0,3,3,2,3,Low value / lost,Churned
C05858,Rajasthan,North,2,44460.5,2529.18,2025-09-17,2025-12-05,26,3.6,0,5,4,2,3,New / promising,Active
C07925,Maharashtra,West,5,44539.99,5147.09,2024-12-30,2025-12-13,18,2.3,0,6,4,3,3,Loyal,Active
C05415,Rajasthan,North,11,44560.08,-8127.45,2025-06-14,2025-12-18,13,3.7,1,13,5,4,3,Champions,Active
C08498,West Bengal,East,8,44625.55,10395.89,2025-05-19,2025-12-23,8,4.9,1,11,5,4,3,Champions,Active
C09028,Gujarat,West,6,44646.16,4001.97,2025-09-18,2025-12-16,15,3.2,3,10,5,4,3,Champions,Active
C02140,Maharashtra,West,7,44662.36,-731.96,2025-06-13,2025-12-12,19,3.3,0,11,4,4,3,Champions,Active
C03519,Gujarat,West,2,44718.07,-11861.04,2025-05-25,2025-12-01,30,3.0,0,3,4,2,3,New / promising,Active
C02071,Delhi,North,1,44737.27,-1402.97,2025-06-22,2025-06-22,192,1.0,0,2,2,1,3,Low value / lost,Churned
C06517,Rajasthan,North,5,44743.9,1597.26,2025-05-16,2025-12-11,20,3.7,1,6,4,3,3,Loyal,Active
C02546,Telangana,South,3,44751.68,3236.49,2024-03-08,2025-11-22,39,3.5,2,4,4,3,3,Loyal,Active
C04175,Gujarat,West,9,44771.13,-1295.02,2025-04-09,2025-11-19,42,2.6,0,14,4,4,3,Champions,Active
C04443,Rajasthan,North,5,44804.09,3981.56,2025-02-06,2025-08-25,128,4.1,1,8,2,3,3,At risk,Churned
C02865,Karnataka,South,9,44806.2,2837.31,2024-02-14,2024-08-28,490,2.9,1,14,1,4,3,At risk,Churned
C02690,Maharashtra,West,9,44820.05,6168.84,2024-11-20,2025-11-02,59,2.6,0,10,3,4,3,Loyal,Active
C10140,Maharashtra,West,5,44824.01,4063.63,2024-07-05,2025-11-16,45,2.8,0,6,4,3,3,Loyal,Active
C02154,Telangana,South,3,44874.6,5772.54,2024-09-12,2025-11-07,54,2.9,1,7,3,3,3,Loyal,Active
C02277,Maharashtra,West,6,44892.94,4679.75,2024-09-20,2025-12-14,17,2.3,1,12,5,4,3,Champions,Active
C09596,Gujarat,West,4,44903.23,-2652.11,2024-12-31,2025-10-16,76,3.9,0,7,3,3,3,Loyal,Active
C05701,Rajasthan,North,5,44969.61,4942.07,2024-03-17,2025-12-25,6,4.3,1,8,5,3,3,Loyal,Active
C07803,Karnataka,South,4,44971.2,-9054.3,2024-05-06,2025-11-26,35,2.6,0,5,4,3,3,Loyal,Active
C07287,Maharashtra,West,6,44977.82,6567.6,2024-04-02,2025-09-17,105,2.7,1,6,3,4,3,Loyal,Churned
C08739,Gujarat,West,6,44984.82,3833.25,2024-03-30,2025-06-25,189,3.1,1,7,2,4,3,At risk,Churned
C05797,Uttar Pradesh,North,4,45004.83,7124.82,2025-01-31,2025-04-29,246,2.6,1,5,2,3,3,At risk,Churned
C07114,Gujarat,West,7,45009.77,8473.38,2025-01-05,2025-11-13,48,4.0,0,12,3,4,3,Loyal,Active
C00718,Tamil Nadu,South,5,45015.39,9554.29,2024-04-12,2024-06-15,564,1.7,1,6,1,3,3,At risk,Churned
C11908,West Bengal,East,14,45040.72,9520.91,2024-10-02,2025-12-28,3,5.0,4,22,5,5,3,Champions,Active
C04733,Maharashtra,West,4,45054.94,-11132.41,2025-06-07,2025-11-17,44,3.5,0,4,4,3,3,Loyal,Active
C01603,Madhya Pradesh,Central,14,45085.51,10900.4,2024-06-01,2025-11-29,32,4.7,3,19,4,5,3,Champions,Active
C10670,Karnataka,South,3,45092.82,-1148.32,2024-03-29,2024-08-25,493,3.3,0,3,1,3,3,At risk,Churned
C04997,Telangana,South,13,45100.39,11141.34,2024-08-05,2025-12-11,20,2.3,1,16,4,5,3,Champions,Active
C04967,Telangana,South,10,45168.97,9486.48,2024-06-04,2025-12-28,3,2.1,1,11,5,4,3,Champions,Active
C08268,Maharashtra,West,9,45181.27,-4522.53,2024-01-18,2024-05-21,589,2.7,1,12,1,4,3,At risk,Churned
C00988,Telangana,South,8,45183.66,-7200.88,2024-08-06,2025-11-05,56,2.8,2,11,3,4,3,Loyal,Active
C07611,Karnataka,South,13,45184.5,6368.44,2024-06-07,2025-11-27,34,2.3,1,20,4,5,3,Champions,Active
C07332,West Bengal,East,7,45194.73,109.93,2025-07-10,2025-12-14,17,4.9,0,8,5,4,3,Champions,Active
C03514,Maharashtra,West,3,45249.32,-3749.06,2024-11-07,2024-12-03,393,3.7,0,6,1,3,3,At risk,Churned
C01255,Gujarat,West,6,45260.96,6084.95,2024-11-17,2025-05-15,230,2.9,2,8,2,4,3,At risk,Churned
C01450,Karnataka,South,7,45265.31,3773.49,2024-04-18,2025-10-18,74,2.5,1,11,3,4,3,Loyal,Active
C08673,Tamil Nadu,South,10,45287.07,8868.97,2024-03-11,2025-08-20,133,3.9,4,11,2,4,3,At risk,Churned
C10531,Uttar Pradesh,North,6,45312.56,3281.71,2024-07-17,2025-01-07,358,4.6,2,7,1,4,3,At risk,Churned
C10692,Madhya Pradesh,Central,6,45318.44,11498.06,2025-04-26,2025-12-22,9,3.3,2,7,5,4,3,Champions,Active
C03128,Tamil Nadu,South,8,45335.15,9574.21,2024-07-08,2024-11-10,416,3.6,1,12,1,4,3,At risk,Churned
C02940,Tamil Nadu,South,4,45338.37,5664.9,2024-04-07,2025-07-14,170,4.0,0,6,2,3,3,At risk,Churned
C09512,Uttar Pradesh,North,1,45348.79,89.24,2025-12-28,2025-12-28,3,2.0,0,2,5,1,3,New / promising,Active
C02241,Kerala,South,5,45373.1,-5678.65,2025-01-18,2025-12-09,22,3.1,0,7,4,3,3,Loyal,Active
C07835,Karnataka,South,1,45373.49,1522.34,2025-10-14,2025-10-14,78,4.0,0,1,3,1,3,Low value / lost,Active
C08421,Karnataka,South,11,45380.68,10634.64,2024-02-09,2025-02-13,321,2.5,1,12,1,4,3,At risk,Churned
C03876,Madhya Pradesh,Central,3,45432.5,7942.98,2024-09-05,2024-10-19,438,2.8,0,5,1,3,3,At risk,Churned
C04565,West Bengal,East,6,45458.05,2796.98,2025-05-20,2025-12-30,1,4.2,2,10,5,4,3,Champions,Active
C11073,Maharashtra,West,3,45459.26,-3309.28,2024-04-01,2025-03-11,295,4.0,1,6,1,3,3,At risk,Churned
C09495,Tamil Nadu,South,5,45566.85,1638.46,2025-10-05,2025-12-09,22,5.1,0,7,4,3,3,Loyal,Active
C08535,Maharashtra,West,6,45577.08,173.85,2024-11-07,2025-08-09,144,2.0,4,8,2,4,3,At risk,Churned
C00977,Maharashtra,West,1,45578.22,1212.85,2025-10-25,2025-10-25,67,1.0,1,1,3,1,3,Low value / lost,Active
C09391,Maharashtra,West,5,45593.03,-5998.97,2024-08-26,2025-12-01,30,2.0,0,6,4,3,3,Loyal,Active
C00598,Kerala,South,15,45617.31,6923.46,2024-02-01,2025-12-05,26,3.5,1,17,4,5,3,Champions,Active
C04880,Karnataka,South,4,45626.96,-7218.75,2025-02-11,2025-05-17,228,3.0,1,4,2,3,3,At risk,Churned
C09074,Telangana,South,7,45627.04,8633.5,2024-09-18,2025-07-12,172,2.3,0,11,2,4,3,At risk,Churned
C00013,Telangana,South,8,45628.93,-203.41,2024-07-24,2025-07-30,154,2.1,1,10,2,4,3,At risk,Churned
C09976,Bihar,East,7,45652.27,7759.0,2024-04-25,2025-04-13,262,6.6,3,9,2,4,3,At risk,Churned
C06639,Karnataka,South,17,45665.58,4924.59,2024-02-13,2025-12-27,4,2.7,1,22,5,5,3,Champions,Active
C01769,Maharashtra,West,3,45717.48,4388.87,2025-06-29,2025-10-12,80,2.7,0,3,3,3,3,Loyal,Active
C01431,Uttar Pradesh,North,9,45730.63,-3105.47,2024-07-25,2025-12-08,23,3.3,1,10,4,4,3,Champions,Active
C05847,Maharashtra,West,4,45735.83,8055.7,2025-03-04,2025-10-12,80,2.5,1,6,3,3,3,Loyal,Active
C02746,Maharashtra,West,12,45769.89,-2716.29,2024-06-23,2025-12-31,0,2.1,0,16,5,4,3,Champions,Active
C06467,Karnataka,South,6,45772.9,1877.59,2024-11-27,2025-11-09,52,2.5,1,10,3,4,3,Loyal,Active
C07570,Uttar Pradesh,North,3,45796.87,5351.05,2024-05-20,2024-06-09,570,5.2,2,6,1,3,3,At risk,Churned
C02056,Karnataka,South,9,45846.08,10781.7,2024-02-08,2024-12-10,386,1.6,3,16,1,4,3,At risk,Churned
C05446,Karnataka,South,8,45874.81,308.44,2025-06-03,2025-12-24,7,1.7,3,11,5,4,3,Champions,Active
C07077,Tamil Nadu,South,6,45877.69,-1778.79,2025-03-21,2025-12-23,8,3.4,1,7,5,4,3,Champions,Active
C03889,Tamil Nadu,South,7,45880.52,-11747.09,2024-04-07,2024-09-03,484,3.4,1,7,1,4,3,At risk,Churned
C10077,Madhya Pradesh,Central,7,45883.21,10430.68,2024-07-16,2025-11-26,35,4.3,1,8,4,4,3,Champions,Active
C07166,Maharashtra,West,6,45937.49,7151.69,2024-12-13,2025-09-21,101,2.6,0,9,3,4,3,Loyal,Churned
C01590,Maharashtra,West,6,45938.83,7418.58,2025-04-12,2025-10-15,77,3.5,1,8,3,4,3,Loyal,Active
C10778,Telangana,South,4,45943.99,2842.34,2025-04-30,2025-06-16,198,3.3,0,6,2,3,3,At risk,Churned
C01067,Rajasthan,North,1,45964.26,568.79,2025-10-23,2025-10-23,69,5.0,0,1,3,1,3,Low value / lost,Active
C06827,Karnataka,South,10,45975.45,10837.69,2024-06-12,2025-12-19,12,2.5,3,13,5,4,3,Champions,Active
C08137,Uttar Pradesh,North,7,45978.86,-271.93,2025-07-31,2025-12-27,4,3.8,1,8,5,4,3,Champions,Active
C03259,Telangana,South,3,45986.38,487.3,2025-07-02,2025-11-07,54,2.0,0,3,3,3,3,Loyal,Active
C02651,Rajasthan,North,6,46006.66,-5120.36,2024-09-20,2025-11-11,50,4.1,0,7,3,4,3,Loyal,Active
C03255,Uttar Pradesh,North,12,46052.73,-2267.02,2024-02-17,2025-08-15,138,3.2,2,17,2,4,3,At risk,Churned
C05688,Uttar Pradesh,North,8,46074.73,3284.28,2024-01-01,2025-06-30,184,3.2,0,13,2,4,3,At risk,Churned
C02684,Uttar Pradesh,North,7,46075.5,-8392.12,2024-12-02,2025-11-15,46,3.7,3,10,4,4,3,Champions,Active
C03340,Delhi,North,2,46120.07,9457.68,2025-07-09,2025-11-03,58,1.0,0,2,3,2,3,Low value / lost,Active
C11005,Maharashtra,West,11,46127.17,6570.33,2025-03-24,2025-12-22,9,2.5,2,13,5,4,3,Champions,Active
C01877,Maharashtra,West,12,46169.92,7425.04,2024-06-06,2025-12-25,6,3.1,2,14,5,4,3,Champions,Active
C07484,Bihar,East,8,46186.8,-4312.54,2024-09-04,2025-09-26,96,7.2,4,9,3,4,3,Loyal,Churned
C07592,Karnataka,South,13,46198.84,8419.16,2024-04-10,2025-08-17,136,1.9,2,21,2,5,3,At risk,Churned
C10791,Telangana,South,1,46201.65,-6730.11,2024-04-07,2024-04-07,633,4.0,0,1,1,1,3,Low value / lost,Churned
C02966,Karnataka,South,8,46205.74,5725.5,2025-02-21,2025-12-29,2,2.4,1,13,5,4,3,Champions,Active
C07392,Kerala,South,4,46211.78,3014.26,2024-11-03,2024-12-12,384,2.4,0,5,1,3,3,At risk,Churned
C10444,Maharashtra,West,15,46216.3,13364.64,2024-04-09,2024-08-24,494,2.6,0,15,1,5,3,At risk,Churned
C10438,Rajasthan,North,2,46226.77,1890.25,2025-04-21,2025-08-15,138,3.0,0,2,2,2,3,Low value / lost,Churned
C07764,West Bengal,East,15,46277.09,7967.69,2024-01-01,2024-03-20,651,4.8,4,20,1,5,3,At risk,Churned
C03438,Delhi,North,4,46306.47,7488.48,2024-09-22,2025-12-20,11,2.3,2,6,5,3,3,Loyal,Active
C07113,Rajasthan,North,6,46308.32,7405.78,2025-04-16,2025-12-14,17,3.5,0,6,5,4,3,Champions,Active
C08569,Bihar,East,5,46310.35,5674.54,2024-12-14,2025-03-26,280,5.8,1,5,1,3,3,At risk,Churned
C06533,Gujarat,West,11,46323.03,6628.01,2024-04-13,2025-10-14,78,2.5,1,13,3,4,3,Loyal,Active
C03441,Tamil Nadu,South,11,46337.98,-3669.93,2024-02-20,2025-07-27,157,2.8,2,18,2,4,3,At risk,Churned
C01156,Telangana,South,10,46351.11,5281.22,2025-02-28,2025-12-22,9,2.4,2,14,5,4,3,Champions,Active
C03238,Odisha,East,7,46369.15,4034.7,2024-07-15,2025-10-29,63,6.1,1,8,3,4,3,Loyal,Active
C08855,Maharashtra,West,11,46395.94,11718.89,2024-08-06,2025-12-29,2,2.9,2,19,5,4,3,Champions,Active
C09206,Delhi,North,8,46406.22,-3810.66,2024-12-28,2025-12-07,24,2.4,3,12,4,4,3,Champions,Active
C04236,Madhya Pradesh,Central,12,46419.57,13440.72,2024-04-20,2025-11-11,50,3.9,2,13,3,4,3,Loyal,Active
C08398,Uttar Pradesh,North,10,46425.59,11348.4,2024-10-03,2024-12-29,367,3.7,3,11,1,4,3,At risk,Churned
C04560,Bihar,East,11,46441.44,-5832.95,2025-04-30,2025-11-10,51,6.2,5,15,3,4,3,Loyal,Active
C07213,Rajasthan,North,3,46493.13,594.78,2024-12-03,2025-10-30,62,4.0,2,6,3,3,3,Loyal,Active
C01184,Uttar Pradesh,North,7,46514.62,-11900.89,2024-12-05,2025-10-25,67,3.6,1,8,3,4,3,Loyal,Active
C08244,Telangana,South,9,46527.74,8336.86,2024-08-19,2025-08-18,135,2.9,4,13,2,4,3,At risk,Churned
C06047,Tamil Nadu,South,7,46545.11,-9943.87,2024-08-10,2025-11-04,57,2.9,0,11,3,4,3,Loyal,Active
C05912,Karnataka,South,14,46556.09,13495.76,2024-04-14,2025-12-21,10,2.6,4,15,5,5,3,Champions,Active
C02261,Gujarat,West,4,46633.22,7735.05,2024-11-18,2025-11-01,60,3.3,1,6,3,3,3,Loyal,Active
C07716,Madhya Pradesh,Central,8,46634.14,2913.65,2024-09-26,2025-08-14,139,4.4,2,12,2,4,3,At risk,Churned
C09331,Telangana,South,2,46649.0,-14109.96,2025-07-27,2025-08-21,132,4.5,1,2,2,2,3,Low value / lost,Churned
C04863,Maharashtra,West,5,46662.34,2348.81,2024-04-06,2025-10-26,66,2.7,0,7,3,3,3,Loyal,Active
C02993,Odisha,East,7,46676.28,4862.2,2025-02-04,2025-12-02,29,5.7,0,15,4,4,3,Champions,Active
C02603,Kerala,South,10,46688.75,7813.58,2025-03-18,2025-12-04,27,3.8,2,13,4,4,3,Champions,Active
C01941,Rajasthan,North,5,46732.64,9745.4,2025-03-02,2025-05-25,220,3.0,1,7,2,3,3,At risk,Churned
C08644,Telangana,South,2,46741.3,5103.32,2025-04-01,2025-10-12,80,4.0,0,2,3,2,3,Low value / lost,Active
C04296,Delhi,North,8,46775.97,10140.58,2025-02-25,2025-12-25,6,1.7,1,10,5,4,3,Champions,Active
C01810,Delhi,North,2,46788.6,691.87,2025-07-26,2025-10-12,80,1.0,0,2,3,2,3,Low value / lost,Active
C06072,Uttar Pradesh,North,1,46807.47,-691.71,2025-11-14,2025-11-14,47,5.0,0,3,4,1,3,New / promising,Active
C00868,Delhi,North,4,46807.7,-6833.98,2024-10-30,2025-07-16,168,2.0,0,4,2,3,3,At risk,Churned
C09861,Karnataka,South,11,46808.46,2464.86,2024-12-24,2025-12-23,8,2.5,1,15,5,4,3,Champions,Active
C04230,Uttar Pradesh,North,2,46867.97,7218.12,2025-06-17,2025-10-27,65,4.0,1,4,3,2,3,Low value / lost,Active
C02403,Karnataka,South,4,46908.6,985.75,2024-11-07,2025-11-10,51,3.0,0,6,3,3,3,Loyal,Active
C09200,West Bengal,East,1,46915.96,-31.74,2025-07-31,2025-07-31,153,5.0,3,3,2,1,3,Low value / lost,Churned
C07635,Rajasthan,North,2,46922.44,2063.84,2024-06-21,2024-07-19,530,4.0,1,2,1,2,3,Low value / lost,Churned
C04238,West Bengal,East,10,46936.13,11979.94,2024-09-05,2025-10-22,70,5.6,4,16,3,4,3,Loyal,Active
C04399,Delhi,North,12,46949.92,9837.79,2024-12-11,2025-10-30,62,2.1,5,15,3,4,3,Loyal,Active
C04752,Maharashtra,West,10,46961.18,10661.71,2024-11-13,2025-11-30,31,2.9,1,18,4,4,3,Champions,Active
C04325,Maharashtra,West,8,46972.59,121.27,2025-01-23,2025-12-31,0,2.6,0,12,5,4,3,Champions,Active
C03134,Rajasthan,North,3,46988.18,-1523.74,2024-08-29,2025-11-19,42,2.6,0,5,4,3,3,Loyal,Active
C00416,Delhi,North,4,46996.02,-12180.02,2025-04-01,2025-12-20,11,2.5,1,4,5,3,3,Loyal,Active
C01968,Telangana,South,11,47000.26,-3980.32,2024-12-15,2025-10-24,68,3.0,2,15,3,4,3,Loyal,Active
C05853,Tamil Nadu,South,13,47004.22,4983.71,2024-04-01,2025-10-22,70,3.0,0,16,3,5,3,Loyal,Active
C00393,Maharashtra,West,7,47006.54,5898.94,2024-10-29,2025-11-26,35,2.4,1,10,4,4,3,Champions,Active
C10038,Telangana,South,4,47054.82,7253.44,2024-07-01,2025-12-17,14,1.4,0,5,5,3,3,Loyal,Active
C06114,Kerala,South,7,47062.59,8620.99,2025-05-31,2025-12-30,1,2.9,1,11,5,4,3,Champions,Active
C02500,Maharashtra,West,15,47115.72,12188.43,2024-06-10,2025-11-08,53,2.2,1,21,3,5,3,Loyal,Active
C00315,Madhya Pradesh,Central,8,47115.95,-2434.65,2024-06-21,2025-10-27,65,4.0,1,12,3,4,3,Loyal,Active
C03147,Gujarat,West,5,47139.29,5919.86,2025-07-09,2025-12-04,27,3.4,0,7,4,3,3,Loyal,Active
C00821,Maharashtra,West,3,47154.75,5367.42,2025-08-12,2025-12-11,20,1.7,0,3,4,3,3,Loyal,Active
C06391,Delhi,North,5,47191.64,2123.31,2024-11-24,2025-09-10,112,1.8,2,11,2,3,3,At risk,Churned
C10863,West Bengal,East,5,47311.15,12262.05,2024-06-12,2025-09-07,115,5.3,0,8,2,3,3,At risk,Churned
C04874,Tamil Nadu,South,11,47311.63,10094.94,2024-06-27,2025-12-25,6,3.2,1,17,5,4,3,Champions,Active
C02620,Bihar,East,1,47327.17,2384.67,2025-05-07,2025-05-07,238,6.0,0,3,2,1,3,Low value / lost,Churned
C06445,Madhya Pradesh,Central,11,47360.35,2825.49,2024-10-14,2025-12-31,0,4.4,0,15,5,4,3,Champions,Active
C11929,Maharashtra,West,5,47385.31,-1453.47,2024-08-11,2025-06-21,193,2.2,1,6,2,3,3,At risk,Churned
C03003,Bihar,East,6,47422.3,3536.23,2024-07-04,2024-08-09,509,5.8,3,12,1,4,3,At risk,Churned
C01004,Tamil Nadu,South,6,47433.98,-450.28,2024-05-10,2025-08-25,128,2.4,0,9,2,4,3,At risk,Churned
C01639,Bihar,East,4,47475.57,5387.76,2025-03-07,2025-08-12,141,7.0,0,4,2,3,3,At risk,Churned
C06707,Rajasthan,North,3,47495.13,5068.08,2024-02-21,2024-04-19,621,2.7,1,3,1,3,3,At risk,Churned
C05357,Karnataka,South,14,47572.71,841.51,2025-06-05,2025-12-22,9,2.5,4,16,5,5,3,Champions,Active
C01148,Madhya Pradesh,Central,4,47583.37,-6399.71,2024-07-11,2025-12-12,19,5.7,0,6,4,3,3,Loyal,Active
C02401,Delhi,North,5,47613.72,2777.01,2025-02-05,2025-12-09,22,1.7,2,7,4,3,3,Loyal,Active
C01554,Madhya Pradesh,Central,3,47633.33,2922.71,2025-03-12,2025-11-06,55,4.0,1,3,3,3,3,Loyal,Active
C01713,Maharashtra,West,5,47667.23,6042.07,2024-03-05,2025-02-16,318,3.0,2,8,1,3,3,At risk,Churned
C02800,West Bengal,East,2,47685.77,2273.14,2025-06-10,2025-11-18,43,7.0,0,4,4,2,3,New / promising,Active
C00260,Delhi,North,5,47747.15,8735.83,2025-04-11,2025-09-24,98,2.9,1,11,3,3,3,Loyal,Churned
C06337,Madhya Pradesh,Central,1,47761.57,3898.32,2025-04-17,2025-04-17,258,4.0,0,1,2,1,3,Low value / lost,Churned
C11251,Uttar Pradesh,North,1,47761.57,3885.35,2024-11-01,2024-11-01,425,5.0,0,1,1,1,3,Low value / lost,Churned
C01811,Gujarat,West,1,47775.48,4195.45,2025-12-12,2025-12-12,19,5.0,0,1,4,1,3,New / promising,Active
C03985,Uttar Pradesh,North,4,47781.1,6310.36,2025-06-25,2025-09-30,92,3.1,0,7,3,3,3,Loyal,Churned
C06568,Uttar Pradesh,North,12,47783.43,7744.09,2025-04-20,2025-12-05,26,3.7,0,18,4,4,3,Champions,Active
C02556,Telangana,South,15,47816.47,8653.28,2024-07-16,2025-09-23,99,2.5,2,17,3,5,3,Loyal,Churned
C07762,Karnataka,South,9,47820.56,1489.01,2024-07-05,2024-11-27,399,2.1,2,12,1,4,3,At risk,Churned
C02476,Delhi,North,10,47820.65,-533.21,2025-03-19,2025-11-07,54,2.0,4,11,3,4,3,Loyal,Active
C11217,Delhi,North,2,47823.35,4468.06,2025-07-20,2025-12-21,10,2.3,1,3,5,2,3,New / promising,Active
C04996,Uttar Pradesh,North,8,47836.55,-13609.31,2024-10-30,2025-12-25,6,3.1,6,11,5,4,3,Champions,Active
C03088,Rajasthan,North,6,47836.98,-451.63,2025-05-01,2025-11-14,47,4.5,0,6,3,4,3,Loyal,Active
C07354,Delhi,North,13,47862.51,3185.22,2024-04-16,2025-12-12,19,2.2,2,16,4,5,3,Champions,Active
C05792,Gujarat,West,5,47864.91,-3641.78,2025-07-06,2025-11-08,53,2.7,4,7,3,3,3,Loyal,Active
C00830,Uttar Pradesh,North,11,47888.93,-3090.04,2024-03-18,2025-12-16,15,3.3,2,15,5,4,3,Champions,Active
C07396,Uttar Pradesh,North,1,47906.54,-1344.9,2025-11-09,2025-11-09,52,5.0,1,3,3,1,3,Low value / lost,Active
C04676,Delhi,North,2,47921.01,3861.02,2025-02-12,2025-04-06,269,2.0,0,2,2,2,3,Low value / lost,Churned
C06858,Odisha,East,7,47976.39,-6211.03,2024-03-28,2025-12-24,7,6.3,3,11,5,4,3,Champions,Active
C09601,Uttar Pradesh,North,1,47986.78,-7581.5,2024-11-27,2024-11-27,399,3.0,0,1,1,1,3,Low value / lost,Churned
C10745,Karnataka,South,2,48001.09,7056.19,2024-04-08,2024-05-19,591,3.5,0,4,1,2,3,Low value / lost,Churned
C11812,Delhi,North,8,48009.33,6303.72,2025-01-11,2025-08-15,138,1.7,4,13,2,4,3,At risk,Churned
C07924,Telangana,South,6,48019.86,1670.1,2025-04-29,2025-11-11,50,2.0,0,8,3,4,3,Loyal,Active
C08639,Tamil Nadu,South,13,48038.63,9106.42,2024-08-02,2025-11-01,60,3.2,2,14,3,5,3,Loyal,Active
C09768,Maharashtra,West,8,48063.95,4918.21,2024-01-22,2025-12-11,20,2.3,0,9,4,4,3,Champions,Active
C03384,Uttar Pradesh,North,4,48087.42,9673.68,2025-06-10,2025-11-25,36,2.8,0,6,4,3,3,Loyal,Active
C05430,Delhi,North,3,48103.35,2441.54,2025-04-14,2025-11-28,33,2.0,0,3,4,3,3,Loyal,Active
C06845,Karnataka,South,10,48118.71,-14076.96,2025-06-13,2025-12-25,6,2.4,5,14,5,4,3,Champions,Active
C04430,Maharashtra,West,5,48125.63,2105.44,2024-02-18,2025-10-27,65,2.5,1,6,3,3,3,Loyal,Active
C10496,Delhi,North,12,48148.26,4616.01,2024-04-03,2025-12-26,5,2.4,2,19,5,4,3,Champions,Active
C01954,Tamil Nadu,South,9,48152.56,2036.14,2025-03-18,2025-12-31,0,3.3,0,11,5,4,3,Champions,Active
C01095,Maharashtra,West,7,48161.01,11441.14,2024-03-14,2025-12-01,30,2.9,3,8,4,4,3,Champions,Active
C07236,Telangana,South,3,48235.15,8670.42,2024-12-18,2025-11-06,55,2.3,2,4,3,3,3,Loyal,Active
C05664,Maharashtra,West,7,48289.6,1347.13,2024-05-22,2025-07-18,166,1.9,1,9,2,4,3,At risk,Churned
C11292,Gujarat,West,2,48295.7,3994.37,2024-06-12,2024-07-18,531,3.0,3,6,1,2,3,Low value / lost,Churned
C05779,Delhi,North,2,48301.87,1541.12,2024-05-28,2024-07-09,540,2.3,1,3,1,2,3,Low value / lost,Churned
C07521,Kerala,South,6,48319.35,1499.69,2025-05-24,2025-12-31,0,4.4,1,8,5,4,3,Champions,Active
C06658,Maharashtra,West,8,48328.02,5919.35,2025-05-04,2025-12-11,20,2.4,1,10,4,4,3,Champions,Active
C03428,Maharashtra,West,7,48343.64,-2843.16,2024-08-03,2025-08-19,134,2.8,1,8,2,4,3,At risk,Churned
C09151,Telangana,South,2,48397.09,3934.59,2024-09-29,2024-10-15,442,2.5,0,2,1,2,3,Low value / lost,Churned
C05755,Uttar Pradesh,North,13,48417.69,6861.12,2024-11-19,2025-12-09,22,3.9,1,18,4,5,3,Champions,Active
C05965,Telangana,South,1,48440.86,3680.61,2025-10-21,2025-10-21,71,4.0,0,1,3,1,3,Low value / lost,Active
C01203,Maharashtra,West,1,48440.86,3723.45,2025-09-16,2025-09-16,106,1.0,0,1,3,1,3,Low value / lost,Churned
C04134,Tamil Nadu,South,13,48442.47,7199.79,2024-01-29,2025-11-02,59,3.0,4,16,3,5,3,Loyal,Active
C10204,Gujarat,West,4,48501.14,3233.75,2025-03-18,2025-12-24,7,3.0,1,6,5,3,3,Loyal,Active
C01894,Rajasthan,North,5,48513.17,4761.22,2024-11-26,2025-12-11,20,3.8,0,6,4,3,3,Loyal,Active
C06944,Delhi,North,11,48604.86,11846.65,2024-10-17,2025-09-04,118,1.8,4,17,2,4,3,At risk,Churned
C07394,Delhi,North,4,48606.06,3608.69,2024-02-23,2025-09-09,113,2.8,1,5,2,3,3,At risk,Churned
C00662,Karnataka,South,2,48662.03,4217.52,2024-03-13,2024-03-24,647,3.7,0,3,1,2,3,Low value / lost,Churned
C09202,Bihar,East,6,48677.07,3050.42,2024-08-08,2025-09-02,120,7.3,1,7,2,4,3,At risk,Churned
C06429,Maharashtra,West,4,48715.48,-13080.65,2024-03-26,2025-01-12,353,3.0,0,5,1,3,3,At risk,Churned
C02648,Karnataka,South,9,48746.76,-666.23,2024-03-27,2025-10-10,82,2.9,1,17,3,4,3,Loyal,Active
C08278,Uttar Pradesh,North,6,48765.91,5700.17,2025-03-30,2025-07-30,154,3.6,0,7,2,4,3,At risk,Churned
C04619,Gujarat,West,16,48769.71,3271.9,2024-03-09,2025-11-30,31,3.5,0,18,4,5,3,Champions,Active
C06087,Rajasthan,North,3,48774.21,114.64,2025-03-08,2025-07-26,158,4.3,2,4,2,3,3,At risk,Churned
C01298,Odisha,East,1,48790.81,-4396.9,2024-11-23,2024-11-23,403,5.0,1,1,1,1,3,Low value / lost,Churned
C00678,Maharashtra,West,10,48803.75,9175.01,2024-10-29,2025-12-13,18,2.4,3,17,4,4,3,Champions,Active
C05209,West Bengal,East,7,48810.6,7916.79,2024-01-17,2024-08-01,517,5.5,2,13,1,4,3,At risk,Churned
C02576,Maharashtra,West,4,48821.93,-10384.07,2024-11-24,2025-12-09,22,2.0,2,4,4,3,3,Loyal,Active
C04964,Bihar,East,9,48835.1,969.93,2024-06-18,2025-10-26,66,6.6,2,11,3,4,3,Loyal,Active
C06762,Gujarat,West,3,48843.85,9200.18,2024-03-14,2024-07-13,536,3.7,2,6,1,3,3,At risk,Churned
C04578,Maharashtra,West,10,48844.6,6309.45,2025-03-31,2025-11-04,57,2.9,1,14,3,4,3,Loyal,Active
C02639,West Bengal,East,2,48884.0,2291.6,2024-01-30,2025-01-22,343,6.8,2,4,1,2,3,Low value / lost,Churned
C04021,Gujarat,West,3,48893.05,-6355.22,2025-04-28,2025-09-02,120,2.0,0,4,2,3,3,At risk,Churned
C09060,Rajasthan,North,11,48928.59,6038.63,2024-08-29,2025-08-12,141,4.1,2,14,2,4,3,At risk,Churned
C11527,Assam,Northeast,12,48942.75,12284.08,2024-01-20,2025-04-21,254,8.0,0,16,2,4,3,At risk,Churned
C06156,Karnataka,South,3,48946.72,6906.67,2024-09-03,2025-03-02,304,4.2,1,5,1,3,3,At risk,Churned
C06425,Maharashtra,West,2,48950.48,-10335.5,2025-10-31,2025-12-05,26,2.7,2,3,4,2,3,New / promising,Active
C07886,Tamil Nadu,South,1,48970.89,-9508.93,2025-08-17,2025-08-17,136,3.0,1,2,2,1,3,Low value / lost,Churned
C09876,Tamil Nadu,South,1,48973.99,4796.17,2025-10-08,2025-10-08,84,4.0,0,2,3,1,3,Low value / lost,Active
C07019,Maharashtra,West,8,48990.49,3648.66,2024-07-17,2025-02-14,320,2.4,1,14,1,4,3,At risk,Churned
C04270,Delhi,North,3,48994.21,4483.69,2024-12-24,2025-12-22,9,2.7,1,3,5,3,3,Loyal,Active
C08738,Karnataka,South,5,49013.79,7223.13,2025-07-13,2025-12-03,28,2.6,0,7,4,3,3,Loyal,Active
C05434,Maharashtra,West,11,49039.09,8800.26,2024-08-23,2025-10-14,78,2.3,1,16,3,4,3,Loyal,Active
C00584,Rajasthan,North,5,49104.29,-924.41,2025-01-07,2025-11-30,31,4.9,0,7,4,3,3,Loyal,Active
C06276,Uttar Pradesh,North,1,49105.64,2389.84,2024-12-23,2024-12-23,373,4.0,0,2,1,1,3,Low value / lost,Churned
C01493,Maharashtra,West,9,49114.42,9747.11,2024-04-29,2025-12-15,16,2.4,3,12,5,4,3,Champions,Active
C07920,Assam,Northeast,13,49128.07,-56.82,2024-11-22,2025-11-20,41,7.2,1,18,4,5,3,Champions,Active
C11065,Karnataka,South,5,49133.33,1849.27,2025-05-13,2025-09-12,110,2.6,0,7,2,3,3,At risk,Churned
C01591,Maharashtra,West,5,49153.23,-24.23,2024-07-27,2025-12-20,11,2.8,2,6,5,3,3,Loyal,Active
C00112,Karnataka,South,8,49221.8,2732.37,2024-03-24,2025-12-26,5,3.4,2,10,5,4,3,Champions,Active
C06876,West Bengal,East,12,49226.79,5136.99,2024-03-28,2025-12-17,14,5.9,1,18,5,4,3,Champions,Active
C07493,Maharashtra,West,10,49260.78,-1818.68,2024-09-25,2025-08-07,146,3.1,2,11,2,4,3,At risk,Churned
C06768,Telangana,South,4,49267.14,3656.9,2024-10-28,2025-11-15,46,2.6,0,8,4,3,3,Loyal,Active
C00420,Rajasthan,North,6,49267.42,7781.87,2025-05-31,2025-12-28,3,5.4,0,12,5,4,3,Champions,Active
C11661,Gujarat,West,9,49303.9,9696.39,2024-12-14,2025-10-23,69,2.5,2,10,3,4,3,Loyal,Active
C06685,Delhi,North,1,49324.31,6217.6,2025-09-30,2025-09-30,92,1.0,0,1,3,1,3,Low value / lost,Churned
C05554,Maharashtra,West,4,49331.81,-10311.95,2025-01-29,2025-06-13,201,3.3,0,7,2,3,3,At risk,Churned
C11011,Gujarat,West,2,49362.05,-52.02,2025-08-03,2025-12-21,10,2.5,0,4,5,2,3,New / promising,Active
C09131,Bihar,East,22,49390.68,7690.86,2024-03-30,2025-12-17,14,7.1,5,29,5,5,3,Champions,Active
C02547,Maharashtra,West,7,49396.91,9687.77,2025-06-13,2025-12-26,5,2.6,4,10,5,4,3,Champions,Active
C04810,Delhi,North,14,49412.04,10415.34,2025-05-07,2025-12-31,0,1.9,1,17,5,5,3,Champions,Active
C02614,Tamil Nadu,South,6,49412.85,-2715.67,2024-07-04,2025-12-17,14,2.1,0,11,5,4,3,Champions,Active
C03075,Kerala,South,4,49463.05,7715.11,2024-10-16,2025-11-22,39,3.3,2,6,4,3,3,Loyal,Active
C10587,Telangana,South,5,49463.97,-3324.87,2024-08-14,2025-12-01,30,2.2,1,5,4,3,3,Loyal,Active
C00322,Tamil Nadu,South,2,49500.48,4542.96,2024-12-04,2025-11-09,52,3.0,0,2,3,2,3,Low value / lost,Active
C11327,Karnataka,South,4,49566.47,6494.81,2025-04-15,2025-12-09,22,2.7,0,6,4,3,3,Loyal,Active
C03884,Telangana,South,5,49574.94,999.51,2024-01-31,2025-10-19,73,2.3,0,6,3,3,3,Loyal,Active
C03276,Delhi,North,14,49588.18,10907.11,2024-07-02,2025-09-11,111,1.7,4,17,2,5,3,At risk,Churned
C05254,Maharashtra,West,11,49590.39,5211.98,2024-12-03,2025-11-13,48,2.6,2,18,3,4,3,Loyal,Active
C09568,Maharashtra,West,10,49627.4,5991.94,2024-01-23,2025-11-24,37,1.9,1,15,4,4,3,Champions,Active
C05241,Karnataka,South,24,49680.39,2828.42,2024-06-12,2025-12-29,2,2.7,3,27,5,5,3,Champions,Active
C09133,Gujarat,West,1,49680.49,4621.71,2025-07-23,2025-07-23,161,2.0,0,2,2,1,3,Low value / lost,Churned
C01158,Bihar,East,4,49721.84,3099.64,2024-06-03,2025-10-20,72,5.7,3,6,3,3,3,Loyal,Active
C06118,Gujarat,West,2,49722.51,8153.25,2024-09-13,2024-11-20,406,3.7,1,3,1,2,3,Low value / lost,Churned
C01930,Delhi,North,8,49742.33,7106.63,2025-04-11,2025-12-10,21,2.0,3,11,4,4,3,Champions,Active
C02407,Tamil Nadu,South,6,49784.74,-262.89,2024-04-12,2025-07-27,157,2.4,1,9,2,4,3,At risk,Churned
C02708,Delhi,North,4,49799.45,10329.59,2024-05-27,2025-07-11,173,3.2,0,6,2,3,3,At risk,Churned
C04788,Delhi,North,1,49811.42,2546.89,2025-03-17,2025-03-17,289,1.0,0,3,1,1,3,Low value / lost,Churned
C05323,Karnataka,South,1,49812.52,1121.11,2025-11-06,2025-11-06,55,3.0,0,3,3,1,3,Low value / lost,Active
C06077,Rajasthan,North,15,49812.8,9261.92,2024-06-04,2025-08-29,124,3.7,3,20,2,5,3,At risk,Churned
C00785,Rajasthan,North,7,49821.54,9867.37,2024-05-08,2024-08-04,514,3.8,1,9,1,4,4,At risk,Churned
C00799,Uttar Pradesh,North,1,49852.5,-268.52,2025-08-27,2025-08-27,126,4.0,0,3,2,1,4,Low value / lost,Churned
C09837,Delhi,North,1,49886.21,4763.43,2025-12-18,2025-12-18,13,2.0,0,2,5,1,4,New / promising,Active
C06012,Tamil Nadu,South,4,49907.86,7747.66,2025-06-13,2025-11-09,52,3.3,2,7,3,3,4,Loyal,Active
C01110,Telangana,South,8,49927.61,395.8,2025-07-28,2025-12-05,26,3.0,2,11,4,4,4,Champions,Active
C02123,Delhi,North,4,49949.96,7073.47,2024-05-01,2025-12-01,30,1.3,3,9,4,3,4,Loyal,Active
C11574,Kerala,South,2,49957.41,4664.74,2025-12-01,2025-12-12,19,2.5,0,2,4,2,4,New / promising,Active
C01619,Delhi,North,2,49999.71,-4214.15,2025-06-19,2025-10-17,75,1.0,0,2,3,2,4,Low value / lost,Active
C02445,Karnataka,South,13,50133.68,13450.66,2024-10-11,2025-11-05,56,2.1,4,20,3,5,4,Loyal,Active
C08045,West Bengal,East,7,50136.11,-5085.19,2024-11-01,2025-12-26,5,5.9,4,9,5,4,4,Champions,Active
C02600,Maharashtra,West,5,50140.56,3237.64,2024-08-06,2025-08-16,137,1.9,0,7,2,3,4,At risk,Churned
C07254,Delhi,North,2,50179.62,13319.58,2024-10-20,2025-05-27,218,1.0,0,4,2,2,4,Low value / lost,Churned
C04410,Uttar Pradesh,North,8,50194.55,-8766.01,2024-09-07,2025-10-18,74,2.9,2,11,3,4,4,Loyal,Active
C10474,Maharashtra,West,7,50199.84,-278.63,2025-04-27,2025-12-18,13,2.2,2,11,5,4,4,Champions,Active
C03099,Rajasthan,North,10,50244.41,5882.72,2025-01-24,2025-12-07,24,4.2,3,14,4,4,4,Champions,Active
C04117,Tamil Nadu,South,13,50306.92,1398.21,2024-02-03,2025-10-13,79,3.4,5,15,3,5,4,Loyal,Active
C05047,Maharashtra,West,12,50308.08,6907.83,2025-02-05,2025-12-10,21,2.8,1,18,4,4,4,Champions,Active
C00544,Maharashtra,West,3,50310.74,7549.02,2024-11-17,2024-12-12,384,1.4,1,5,1,3,4,At risk,Churned
C11104,Tamil Nadu,South,8,50326.62,4095.92,2024-10-20,2025-06-21,193,2.5,0,8,2,4,4,At risk,Churned
C04284,Bihar,East,7,50334.47,6494.91,2024-02-11,2025-03-08,298,6.6,0,12,1,4,4,At risk,Churned
C05765,Madhya Pradesh,Central,2,50335.39,3816.26,2024-09-01,2025-02-23,311,4.0,0,3,1,2,4,Low value / lost,Churned
C09039,Rajasthan,North,9,50346.44,12729.2,2024-12-16,2025-07-02,182,3.6,2,11,2,4,4,At risk,Churned
C02134,Tamil Nadu,South,9,50362.55,10874.29,2025-01-02,2025-12-16,15,3.2,0,12,5,4,4,Champions,Active
C05196,West Bengal,East,10,50366.37,-10721.49,2024-05-27,2025-11-02,59,5.3,4,13,3,4,4,Loyal,Active
C07500,Karnataka,South,10,50401.16,-942.38,2024-03-15,2025-12-31,0,2.9,3,13,5,4,4,Champions,Active
C11939,Maharashtra,West,2,50458.11,-10153.81,2025-10-31,2025-12-19,12,3.0,1,3,5,2,4,New / promising,Active
C05463,Madhya Pradesh,Central,1,50462.08,-5142.88,2024-12-07,2024-12-07,389,5.0,0,1,1,1,4,Low value / lost,Churned
C08307,Madhya Pradesh,Central,3,50513.27,2713.73,2024-04-27,2024-06-28,551,4.0,0,4,1,3,4,At risk,Churned
C00449,Maharashtra,West,4,50570.74,3108.06,2025-05-20,2025-10-20,72,2.8,0,6,3,3,4,Loyal,Active
C07119,West Bengal,East,2,50585.42,-2242.17,2025-05-05,2025-06-16,198,6.3,0,3,2,2,4,Low value / lost,Churned
C06900,Maharashtra,West,10,50664.67,4333.06,2024-03-30,2025-09-07,115,2.7,0,12,2,4,4,At risk,Churned
C11290,Tamil Nadu,South,8,50666.28,4395.17,2024-01-28,2024-12-20,376,3.0,3,12,1,4,4,At risk,Churned
C04942,Delhi,North,19,50778.36,12629.52,2024-11-14,2025-12-31,0,1.7,7,28,5,5,4,Champions,Active
C00343,Rajasthan,North,3,50799.84,9350.65,2024-12-08,2025-11-30,31,4.3,1,9,4,3,4,Loyal,Active
C05080,West Bengal,East,11,50804.54,8297.6,2025-04-05,2025-12-02,29,5.2,1,12,4,4,4,Champions,Active
C08219,Uttar Pradesh,North,5,50813.83,-219.72,2025-03-21,2025-12-06,25,2.7,0,10,4,3,4,Loyal,Active
C03403,Karnataka,South,3,50858.89,4723.0,2025-01-03,2025-09-09,113,1.8,0,5,2,3,4,At risk,Churned
C04370,Maharashtra,West,2,50870.8,6227.88,2025-05-01,2025-09-27,95,2.0,0,2,3,2,4,Low value / lost,Churned
C07012,Tamil Nadu,South,2,50905.47,11926.54,2024-06-21,2024-07-19,530,3.0,0,3,1,2,4,Low value / lost,Churned
C05454,Gujarat,West,5,50930.74,836.52,2024-08-07,2025-11-21,40,2.3,0,7,4,3,4,Loyal,Active
C00320,Karnataka,South,8,50972.23,10590.3,2024-03-19,2025-10-06,86,2.5,1,12,3,4,4,Loyal,Active
C05980,Odisha,East,10,50980.17,-7485.83,2025-02-27,2025-11-21,40,6.8,2,12,4,4,4,Champions,Active
C05773,Uttar Pradesh,North,1,51001.2,6645.59,2025-07-02,2025-07-02,182,3.0,0,2,2,1,4,Low value / lost,Churned
C03543,Karnataka,South,8,51023.28,10040.75,2025-06-26,2025-12-28,3,2.6,0,12,5,4,4,Champions,Active
C05636,Tamil Nadu,South,5,51032.54,6688.86,2024-04-30,2025-12-21,10,2.3,0,9,5,3,4,Loyal,Active
C11988,West Bengal,East,4,51065.4,-513.75,2025-07-20,2025-11-14,47,5.0,0,4,3,3,4,Loyal,Active
C04818,Assam,Northeast,5,51068.01,-12375.13,2024-04-18,2024-10-06,451,7.8,0,8,1,3,4,At risk,Churned
C06777,Karnataka,South,2,51080.66,5168.94,2025-02-15,2025-12-19,12,3.0,1,2,5,2,4,New / promising,Active
C03584,Maharashtra,West,13,51088.62,10566.14,2024-10-05,2025-11-13,48,2.3,1,17,3,5,4,Loyal,Active
C01555,Tamil Nadu,South,13,51098.27,6175.87,2025-03-11,2025-11-17,44,3.0,1,17,4,5,4,Champions,Active
C01729,Gujarat,West,3,51140.58,2043.79,2024-03-22,2024-05-13,597,2.3,2,3,1,3,4,At risk,Churned
C11440,Uttar Pradesh,North,3,51163.01,4734.62,2024-08-15,2025-01-26,339,4.0,0,4,1,3,4,At risk,Churned
C01571,Bihar,East,8,51163.9,4847.98,2025-01-12,2025-11-24,37,6.4,0,12,4,4,4,Champions,Active
C08947,Bihar,East,3,51195.91,-7579.12,2024-09-24,2025-05-02,243,7.2,0,5,2,3,4,At risk,Churned
C10755,Rajasthan,North,12,51231.9,4049.4,2024-08-18,2025-12-17,14,3.6,5,14,5,4,4,Champions,Active
C08819,Telangana,South,4,51267.09,3259.36,2024-04-20,2025-10-18,74,3.7,2,6,3,3,4,Loyal,Active
C02812,Uttar Pradesh,North,8,51274.74,9153.86,2024-09-09,2025-10-20,72,3.8,4,14,3,4,4,Loyal,Active
C05916,Tamil Nadu,South,6,51284.1,1652.93,2025-02-13,2025-10-17,75,3.5,0,11,3,4,4,Loyal,Active
C05644,Kerala,South,8,51438.19,6324.86,2024-06-19,2025-12-28,3,3.3,1,13,5,4,4,Champions,Active
C04371,Karnataka,South,4,51449.31,2881.06,2024-05-13,2025-04-28,247,4.2,2,5,2,3,4,At risk,Churned
C08774,Karnataka,South,3,51450.84,1883.56,2025-09-11,2025-12-23,8,2.0,0,4,5,3,4,Loyal,Active
C02857,Madhya Pradesh,Central,4,51454.45,-6993.64,2024-03-30,2024-08-13,505,4.0,1,5,1,3,4,At risk,Churned
C06420,Tamil Nadu,South,7,51467.82,8054.87,2024-08-06,2025-10-26,66,1.8,1,12,3,4,4,Loyal,Active
C10766,Maharashtra,West,6,51516.79,-1732.01,2024-06-29,2025-12-15,16,2.5,1,8,5,4,4,Champions,Active
C01656,Odisha,East,12,51520.32,8692.61,2024-03-23,2025-07-05,179,6.8,0,15,2,4,4,At risk,Churned
C11883,Rajasthan,North,1,51559.1,-2987.23,2025-11-08,2025-11-08,53,5.0,0,2,3,1,4,Low value / lost,Active
C04678,Uttar Pradesh,North,5,51579.29,4138.03,2024-10-08,2025-09-24,98,4.3,0,8,3,3,4,Loyal,Churned
C00145,Bihar,East,6,51603.53,5828.45,2025-07-19,2025-11-26,35,7.0,3,8,4,4,4,Champions,Active
C03904,Karnataka,South,4,51605.4,242.26,2025-06-13,2025-12-15,16,2.8,1,4,5,3,4,Loyal,Active
C11283,Kerala,South,9,51619.34,-148.45,2024-08-15,2025-11-03,58,3.5,0,11,3,4,4,Loyal,Active
C01904,West Bengal,East,5,51642.87,-5858.31,2025-06-28,2025-11-21,40,5.1,1,7,4,3,4,Loyal,Active
C11153,Kerala,South,9,51647.92,9133.59,2024-02-03,2025-12-14,17,3.2,2,13,5,4,4,Champions,Active
C00829,Uttar Pradesh,North,5,51716.19,3166.56,2025-04-22,2025-12-03,28,3.6,1,8,4,3,4,Loyal,Active
C10762,Uttar Pradesh,North,8,51716.99,1146.68,2025-05-31,2025-12-23,8,3.5,2,11,5,4,4,Champions,Active
C02215,Maharashtra,West,3,51722.24,5516.74,2025-01-19,2025-12-26,5,3.7,0,3,5,3,4,Loyal,Active
C08247,Telangana,South,6,51802.65,-3405.59,2024-12-03,2025-12-29,2,2.4,0,8,5,4,4,Champions,Active
C03681,Uttar Pradesh,North,2,51802.88,3149.46,2025-06-12,2025-08-08,145,3.0,0,4,2,2,4,Low value / lost,Churned
C03043,Maharashtra,West,12,51819.92,4970.57,2024-09-08,2025-11-22,39,2.5,3,20,4,4,4,Champions,Active
C03375,Uttar Pradesh,North,8,51836.89,1438.89,2024-09-26,2025-11-25,36,3.7,1,11,4,4,4,Champions,Active
C03406,Telangana,South,14,51840.77,-1659.29,2025-03-21,2025-12-25,6,2.9,2,18,5,5,4,Champions,Active
C11729,Maharashtra,West,5,51846.78,1768.18,2024-04-27,2024-10-19,438,3.3,1,7,1,3,4,At risk,Churned
C04281,Kerala,South,13,51869.18,11520.03,2025-05-28,2025-12-01,30,3.5,1,14,4,5,4,Champions,Active
C08662,Uttar Pradesh,North,12,51878.32,1652.94,2024-03-04,2025-10-19,73,3.7,0,16,3,4,4,Loyal,Active
C07381,Tamil Nadu,South,10,51929.39,-2256.33,2024-02-15,2025-12-08,23,2.7,2,12,4,4,4,Champions,Active
C03209,Telangana,South,3,51955.7,4189.39,2025-05-01,2025-12-06,25,3.8,0,4,4,3,4,Loyal,Active
C00964,Gujarat,West,1,51976.85,-949.43,2025-08-28,2025-08-28,125,3.0,1,1,2,1,4,Low value / lost,Churned
C01157,Rajasthan,North,3,52119.48,3297.26,2024-10-25,2025-07-29,155,4.4,0,5,2,3,4,At risk,Churned
C04336,Tamil Nadu,South,5,52152.93,5489.68,2024-10-30,2025-12-15,16,2.5,0,6,5,3,4,Loyal,Active
C01582,Karnataka,South,2,52157.44,6955.56,2024-08-29,2025-08-10,143,3.5,0,2,2,2,4,Low value / lost,Churned
C02424,Assam,Northeast,4,52163.93,8368.26,2024-06-15,2024-10-16,441,7.0,0,5,1,3,4,At risk,Churned
C05400,Maharashtra,West,6,52176.87,7378.37,2024-12-10,2025-11-19,42,1.8,0,6,4,4,4,Champions,Active
C07553,Karnataka,South,6,52196.66,8883.37,2024-07-03,2025-08-26,127,2.5,1,8,2,4,4,At risk,Churned
C07426,West Bengal,East,1,52203.34,-2183.41,2025-11-28,2025-11-28,33,4.0,1,2,4,1,4,New / promising,Active
C03248,Gujarat,West,6,52243.41,-18045.19,2025-03-26,2025-12-19,12,3.0,0,6,5,4,4,Champions,Active
C06863,Rajasthan,North,10,52248.66,4378.05,2024-07-17,2025-12-28,3,3.7,1,13,5,4,4,Champions,Active
C07238,Delhi,North,12,52255.57,9357.1,2025-02-16,2025-11-12,49,2.1,4,15,3,4,4,Loyal,Active
C02326,Delhi,North,11,52267.45,8764.41,2025-05-13,2025-12-31,0,1.5,2,16,5,4,4,Champions,Active
C09956,Uttar Pradesh,North,9,52275.99,4078.42,2024-07-12,2025-08-22,131,4.2,0,13,2,4,4,At risk,Churned
C02862,Karnataka,South,11,52284.71,-2956.6,2024-12-17,2025-11-19,42,1.9,1,13,4,4,4,Champions,Active
C07989,Maharashtra,West,4,52326.93,10172.06,2024-02-01,2025-03-22,284,2.0,1,6,1,3,4,At risk,Churned
C10439,Maharashtra,West,3,52346.03,4686.66,2024-03-22,2025-11-10,51,2.8,2,4,3,3,4,Loyal,Active
C08984,Delhi,North,4,52373.0,1005.37,2024-11-13,2025-10-14,78,1.9,1,7,3,3,4,Loyal,Active
C00342,Delhi,North,9,52403.85,5460.41,2024-06-17,2025-10-24,68,2.2,0,11,3,4,4,Loyal,Active
C00386,Delhi,North,12,52411.43,7343.07,2024-11-13,2025-12-17,14,2.0,0,15,5,4,4,Champions,Active
C11951,Kerala,South,3,52449.06,6847.34,2024-10-01,2025-02-26,308,4.8,1,4,1,3,4,At risk,Churned
C04026,Delhi,North,4,52457.75,-5777.75,2024-06-28,2025-11-24,37,3.0,0,5,4,3,4,Loyal,Active
C06076,Maharashtra,West,6,52460.78,6443.19,2024-09-19,2025-12-22,9,2.4,1,7,5,4,4,Champions,Active
C05108,West Bengal,East,10,52464.91,2905.61,2024-01-09,2025-10-07,85,5.6,1,16,3,4,4,Loyal,Active
C03886,Delhi,North,1,52477.25,-2357.1,2025-04-29,2025-04-29,246,1.0,1,3,2,1,4,Low value / lost,Churned
C04724,Tamil Nadu,South,8,52479.09,2577.21,2024-03-07,2025-12-19,12,2.6,0,9,5,4,4,Champions,Active
C10275,Maharashtra,West,11,52496.63,11112.0,2025-05-23,2025-12-22,9,2.0,0,12,5,4,4,Champions,Active
C03470,Madhya Pradesh,Central,2,52510.42,6594.31,2025-05-16,2025-06-10,204,4.3,0,3,2,2,4,Low value / lost,Churned
C00876,Karnataka,South,8,52521.77,3930.91,2025-02-26,2025-11-08,53,2.7,0,9,3,4,4,Loyal,Active
C10554,Odisha,East,3,52522.73,-4455.66,2024-04-14,2024-08-03,515,5.8,1,4,1,3,4,At risk,Churned
C00462,Maharashtra,West,6,52555.4,8360.34,2024-12-21,2025-12-24,7,2.8,1,9,5,4,4,Champions,Active
C05473,Maharashtra,West,15,52595.54,9931.64,2024-11-04,2025-12-22,9,3.0,2,24,5,5,4,Champions,Active
C07754,Rajasthan,North,5,52606.36,-4911.14,2024-10-07,2025-04-05,270,2.8,0,12,2,3,4,At risk,Churned
C08607,Delhi,North,6,52623.1,5215.41,2024-02-24,2024-12-27,369,2.4,1,8,1,4,4,At risk,Churned
C08349,Rajasthan,North,1,52636.95,-7766.27,2024-12-04,2024-12-04,392,4.0,0,3,1,1,4,Low value / lost,Churned
C07600,Rajasthan,North,8,52652.09,8130.0,2024-05-02,2025-07-13,171,3.9,0,10,2,4,4,At risk,Churned
C04620,Kerala,South,9,52664.11,4218.31,2024-02-14,2025-10-27,65,3.6,1,12,3,4,4,Loyal,Active
C00786,Uttar Pradesh,North,18,52702.34,6382.83,2024-04-23,2025-10-04,88,3.9,2,21,3,5,4,Loyal,Active
C02804,Uttar Pradesh,North,4,52722.18,6607.98,2025-06-30,2025-11-16,45,2.8,0,5,4,3,4,Loyal,Active
C08588,Tamil Nadu,South,2,52734.17,-3823.05,2025-01-07,2025-10-16,76,3.5,0,2,3,2,4,Low value / lost,Active
C08680,West Bengal,East,6,52763.95,10843.83,2024-10-25,2025-12-04,27,4.2,1,9,4,4,4,Champions,Active
C04541,Maharashtra,West,6,52770.08,3223.6,2024-01-22,2025-08-07,146,2.7,2,10,2,4,4,At risk,Churned
C11834,Gujarat,West,5,52794.59,7748.35,2024-06-28,2024-11-29,397,3.5,0,8,1,3,4,At risk,Churned
C10870,Delhi,North,16,52798.99,1170.57,2024-08-20,2025-12-16,15,2.1,1,21,5,5,4,Champions,Active
C03171,Maharashtra,West,15,52809.94,9589.29,2024-10-29,2025-07-05,179,2.4,1,20,2,5,4,At risk,Churned
C04633,Karnataka,South,10,52820.78,7485.6,2024-06-21,2025-11-30,31,1.9,0,13,4,4,4,Champions,Active
C04000,Tamil Nadu,South,5,52824.06,5475.64,2025-05-27,2025-11-06,55,3.6,1,8,3,3,4,Loyal,Active
C00349,Assam,Northeast,3,52853.53,6004.15,2024-11-16,2025-04-22,253,7.3,0,3,2,3,4,At risk,Churned
C01979,Delhi,North,9,52876.45,-5013.51,2025-02-19,2025-12-14,17,2.6,5,12,5,4,4,Champions,Active
C09260,Gujarat,West,6,52903.64,-1629.68,2024-12-21,2025-12-14,17,3.1,1,7,5,4,4,Champions,Active
C06245,Maharashtra,West,15,52935.83,10984.28,2024-03-08,2025-12-09,22,2.3,2,20,4,5,4,Champions,Active
C09831,Telangana,South,6,52939.31,960.82,2024-01-22,2025-03-28,278,2.6,1,7,1,4,4,At risk,Churned
C00101,Telangana,South,8,52960.33,5327.6,2025-05-25,2025-12-22,9,3.1,3,10,5,4,4,Champions,Active
C01580,Uttar Pradesh,North,7,53021.46,-2527.36,2024-11-28,2025-12-02,29,3.4,0,8,4,4,4,Champions,Active
C11467,Kerala,South,4,53029.46,-5849.87,2024-09-25,2025-11-18,43,3.7,0,6,4,3,4,Loyal,Active
C07291,Delhi,North,6,53040.89,5302.09,2025-07-15,2025-11-27,34,1.4,4,13,4,4,4,Champions,Active
C10979,Delhi,North,8,53096.38,1395.96,2024-10-24,2025-06-22,192,1.9,0,14,2,4,4,At risk,Churned
C09358,Kerala,South,6,53105.08,6519.71,2024-10-05,2025-12-10,21,3.3,0,8,4,4,4,Champions,Active
C11507,Telangana,South,14,53113.26,11962.92,2025-01-26,2025-12-28,3,2.6,2,26,5,5,4,Champions,Active
C06947,Delhi,North,11,53126.76,9747.94,2025-06-09,2025-12-21,10,2.2,2,12,5,4,4,Champions,Active
C01243,Kerala,South,12,53149.66,7292.08,2024-01-14,2025-05-14,231,3.8,1,16,2,4,4,At risk,Churned
C06480,Karnataka,South,5,53155.82,-5899.25,2024-08-13,2025-09-30,92,2.3,1,6,3,3,4,Loyal,Churned
C08184,Uttar Pradesh,North,11,53160.62,-3618.21,2024-02-14,2025-10-07,85,3.1,2,14,3,4,4,Loyal,Active
C11080,Karnataka,South,2,53174.4,-4552.44,2025-08-16,2025-12-15,16,1.3,1,4,5,2,4,New / promising,Active
C05926,Gujarat,West,7,53208.94,8151.01,2024-08-20,2025-11-02,59,3.2,1,13,3,4,4,Loyal,Active
C10944,Telangana,South,5,53213.38,7449.25,2024-06-19,2025-10-29,63,2.4,1,7,3,3,4,Loyal,Active
C08180,Gujarat,West,4,53235.41,5039.3,2024-06-10,2025-12-15,16,3.7,0,6,5,3,4,Loyal,Active
C01696,Odisha,East,5,53241.89,8443.26,2025-03-27,2025-12-24,7,5.6,2,5,5,3,4,Loyal,Active
C07041,Karnataka,South,5,53257.76,6506.49,2024-12-22,2025-08-13,140,2.8,1,6,2,3,4,At risk,Churned
C01829,Uttar Pradesh,North,2,53271.64,6192.45,2024-04-27,2024-07-19,530,3.3,0,4,1,2,4,Low value / lost,Churned
C11623,Karnataka,South,2,53293.65,-6869.75,2024-03-24,2025-11-14,47,2.5,0,2,3,2,4,Low value / lost,Active
C00177,Delhi,North,4,53296.57,-5912.78,2024-01-31,2025-09-24,98,3.4,0,5,3,3,4,Loyal,Churned
C06149,Delhi,North,3,53298.73,6252.11,2025-03-06,2025-11-08,53,2.5,0,4,3,3,4,Loyal,Active
C03803,Gujarat,West,2,53306.46,8082.29,2024-09-28,2024-11-14,412,1.8,0,4,1,2,4,Low value / lost,Churned
C08995,Madhya Pradesh,Central,4,53353.49,-3156.9,2025-08-08,2025-11-07,54,4.5,3,6,3,3,4,Loyal,Active
C09301,Delhi,North,12,53383.78,6096.89,2024-09-27,2025-11-18,43,2.3,2,15,4,4,4,Champions,Active
C00792,Rajasthan,North,3,53406.54,7870.09,2025-07-19,2025-10-02,90,4.0,1,6,3,3,4,Loyal,Active
C06387,Rajasthan,North,8,53411.75,-5113.73,2024-10-25,2025-11-22,39,3.6,1,10,4,4,4,Champions,Active
C05104,Maharashtra,West,6,53415.17,2146.54,2025-03-28,2025-11-24,37,1.9,1,9,4,4,4,Champions,Active
C11353,Maharashtra,West,12,53418.33,6958.79,2025-02-18,2025-11-28,33,2.9,2,14,4,4,4,Champions,Active
C05803,West Bengal,East,2,53425.05,3696.89,2025-07-25,2025-12-06,25,6.0,0,4,4,2,4,New / promising,Active
C03663,Karnataka,South,7,53439.94,6254.56,2024-11-02,2025-12-17,14,2.8,2,8,5,4,4,Champions,Active
C04313,Kerala,South,6,53445.12,5217.97,2024-07-28,2025-03-03,303,3.8,0,6,1,4,4,At risk,Churned
C01843,Gujarat,West,3,53467.78,-16110.45,2025-05-27,2025-09-09,113,3.3,2,7,2,3,4,At risk,Churned
C02440,Uttar Pradesh,North,2,53494.31,6070.76,2024-10-02,2024-10-16,441,3.3,0,4,1,2,4,Low value / lost,Churned
C02100,Uttar Pradesh,North,4,53503.61,6867.51,2024-05-17,2025-11-22,39,4.0,0,6,4,3,4,Loyal,Active
C08013,West Bengal,East,3,53528.31,7272.64,2024-08-12,2025-07-20,164,4.7,1,7,2,3,4,At risk,Churned
C09812,Kerala,South,8,53535.1,3500.0,2025-02-21,2025-12-28,3,2.9,5,15,5,4,4,Champions,Active
C11841,Maharashtra,West,7,53557.7,-437.45,2025-02-02,2025-11-22,39,3.0,0,9,4,4,4,Champions,Active
C09839,Gujarat,West,4,53613.31,-9065.74,2024-01-27,2024-03-23,648,1.9,0,7,1,3,4,At risk,Churned
C05186,Bihar,East,12,53619.51,13994.54,2025-01-29,2025-11-27,34,6.3,5,17,4,4,4,Champions,Active
C02866,Tamil Nadu,South,10,53624.37,1298.1,2025-05-07,2025-12-20,11,2.6,1,12,5,4,4,Champions,Active
C10354,Gujarat,West,3,53642.09,4901.18,2024-09-30,2025-04-01,274,2.7,1,6,2,3,4,At risk,Churned
C09127,Bihar,East,3,53710.87,4079.81,2025-06-28,2025-11-16,45,7.3,1,4,4,3,4,Loyal,Active
C03551,Kerala,South,9,53714.34,2926.6,2024-05-20,2025-09-19,103,4.0,2,14,3,4,4,Loyal,Churned
C00408,Maharashtra,West,16,53795.24,3541.63,2024-07-23,2025-12-09,22,2.6,7,21,4,5,4,Champions,Active
C02279,Maharashtra,West,11,53833.11,8010.59,2025-01-26,2025-12-13,18,2.5,2,17,4,4,4,Champions,Active
C02360,Delhi,North,4,53835.38,11582.6,2025-03-25,2025-12-13,18,2.1,1,7,4,3,4,Loyal,Active
C05225,Karnataka,South,9,53844.85,3710.67,2024-09-28,2025-10-02,90,2.3,1,13,3,4,4,Loyal,Active
C02238,Tamil Nadu,South,8,53861.9,2948.0,2025-05-03,2025-12-25,6,3.2,1,12,5,4,4,Champions,Active
C07462,Tamil Nadu,South,1,53873.85,7388.08,2024-10-13,2024-10-13,444,3.0,0,3,1,1,4,Low value / lost,Churned
C00793,Rajasthan,North,12,53921.93,10666.16,2024-09-09,2025-12-26,5,3.6,1,16,5,4,4,Champions,Active
C06582,Delhi,North,13,53928.88,1311.96,2024-08-01,2025-11-19,42,1.9,0,19,4,5,4,Champions,Active
C08870,Rajasthan,North,5,53931.28,9095.48,2025-08-23,2025-12-22,9,3.8,1,8,5,3,4,Loyal,Active
C02406,Rajasthan,North,13,53965.63,6623.06,2024-10-23,2025-07-03,181,3.9,0,18,2,5,4,At risk,Churned
C05198,Odisha,East,4,54023.85,-10385.7,2024-10-28,2025-03-16,290,7.4,2,8,1,3,4,At risk,Churned
C11684,Telangana,South,11,54030.23,12497.41,2024-12-11,2025-08-07,146,2.9,2,14,2,4,4,At risk,Churned
C09056,Karnataka,South,8,54059.51,3016.56,2024-09-30,2025-12-10,21,2.7,2,12,4,4,4,Champions,Active
C11921,Karnataka,South,16,54080.78,8847.16,2024-05-22,2025-12-28,3,2.0,2,20,5,5,4,Champions,Active
C11221,Uttar Pradesh,North,11,54122.14,5883.67,2024-05-28,2025-12-05,26,3.2,0,14,4,4,4,Champions,Active
C00874,Karnataka,South,8,54133.12,2921.44,2024-07-18,2025-11-15,46,2.6,0,10,4,4,4,Champions,Active
C05026,Odisha,East,5,54143.04,1011.58,2024-08-24,2025-10-15,77,6.6,2,9,3,3,4,Loyal,Active
C10756,Karnataka,South,2,54159.79,-1736.64,2024-08-24,2025-09-10,112,3.0,0,2,2,2,4,Low value / lost,Churned
C03554,Odisha,East,4,54161.19,1520.18,2024-02-26,2025-06-15,199,6.1,3,8,2,3,4,At risk,Churned
C09856,Delhi,North,8,54162.18,-8887.45,2024-12-07,2025-12-29,2,2.0,0,9,5,4,4,Champions,Active
C04152,Karnataka,South,8,54177.95,-3827.97,2024-05-24,2025-09-12,110,2.0,0,11,2,4,4,At risk,Churned
C04470,Maharashtra,West,3,54189.38,164.69,2025-07-08,2025-10-25,67,3.6,0,5,3,3,4,Loyal,Active
C07777,Uttar Pradesh,North,11,54202.9,4639.34,2025-03-09,2025-12-01,30,3.1,3,14,4,4,4,Champions,Active
C08293,Bihar,East,2,54225.72,7644.75,2024-11-19,2025-11-13,48,8.0,1,2,3,2,4,Low value / lost,Active
C09942,Delhi,North,3,54242.02,3042.6,2025-01-15,2025-12-31,0,2.2,0,5,5,3,4,Loyal,Active
C10585,Delhi,North,6,54243.57,12445.64,2024-11-25,2025-11-21,40,1.8,3,8,4,4,4,Champions,Active
C10150,Rajasthan,North,4,54273.66,9106.01,2025-03-22,2025-10-06,86,3.4,0,7,3,3,4,Loyal,Active
C05759,Delhi,North,4,54274.81,-3982.68,2024-04-30,2025-09-03,119,2.0,0,7,2,3,4,At risk,Churned
C02721,Kerala,South,12,54289.7,5928.48,2024-02-11,2025-02-25,309,3.7,3,19,1,4,4,At risk,Churned
C07498,Karnataka,South,14,54372.0,7521.94,2025-03-01,2025-11-10,51,1.7,3,23,3,5,4,Loyal,Active
C07352,Odisha,East,4,54392.78,5604.87,2025-05-17,2025-09-14,108,6.0,0,6,3,3,4,Loyal,Churned
C05490,Maharashtra,West,4,54409.61,-16384.35,2024-11-16,2025-12-26,5,2.7,1,7,5,3,4,Loyal,Active
C07550,Delhi,North,7,54416.12,5406.64,2025-02-02,2025-11-20,41,1.7,1,11,4,4,4,Champions,Active
C11640,Maharashtra,West,10,54434.54,5713.34,2024-07-20,2025-10-09,83,2.1,2,14,3,4,4,Loyal,Active
C01380,Karnataka,South,5,54447.41,5431.43,2025-05-28,2025-10-20,72,1.0,0,8,3,3,4,Loyal,Active
C02837,Karnataka,South,12,54456.99,4795.03,2024-09-11,2025-12-20,11,2.5,3,13,5,4,4,Champions,Active
C04069,Tamil Nadu,South,1,54464.96,-6378.12,2025-06-06,2025-06-06,208,4.0,0,1,2,1,4,Low value / lost,Churned
C04330,Delhi,North,6,54474.1,10848.21,2025-05-12,2025-12-30,1,2.4,0,9,5,4,4,Champions,Active
C08222,Karnataka,South,4,54480.79,9354.64,2025-02-20,2025-11-06,55,1.7,1,6,3,3,4,Loyal,Active
C05596,Maharashtra,West,4,54507.4,3262.82,2024-12-24,2025-07-20,164,3.3,2,6,2,3,4,At risk,Churned
C05874,Gujarat,West,14,54521.47,-2987.43,2024-03-30,2024-12-11,385,2.5,1,20,1,5,4,At risk,Churned
C07599,Rajasthan,North,5,54536.73,12412.11,2024-04-13,2024-05-18,592,4.2,1,11,1,3,4,At risk,Churned
C08612,Maharashtra,West,2,54637.49,-506.4,2024-11-23,2025-07-29,155,2.0,0,2,2,2,4,Low value / lost,Churned
C00762,Delhi,North,7,54639.96,4784.54,2024-06-13,2025-11-14,47,1.9,2,10,3,4,4,Loyal,Active
C06255,Gujarat,West,11,54651.47,6702.14,2024-03-01,2025-09-27,95,2.7,2,12,3,4,4,Loyal,Churned
C11398,Rajasthan,North,13,54675.57,9515.32,2024-04-02,2025-11-14,47,4.6,3,18,3,5,4,Loyal,Active
C09177,Delhi,North,7,54691.59,13262.63,2024-06-15,2025-06-21,193,1.5,2,10,2,4,4,At risk,Churned
C03781,Karnataka,South,7,54843.56,4418.89,2025-04-26,2025-12-16,15,3.1,0,10,5,4,4,Champions,Active
C04422,Madhya Pradesh,Central,6,54848.0,1203.68,2025-01-23,2025-06-07,207,4.1,0,10,2,4,4,At risk,Churned
C02543,Madhya Pradesh,Central,11,54862.05,11892.5,2024-09-14,2025-11-14,47,4.1,2,18,3,4,4,Loyal,Active
C07828,Delhi,North,3,54896.6,4651.04,2025-08-02,2025-11-08,53,2.5,0,4,3,3,4,Loyal,Active
C05038,Maharashtra,West,2,54952.06,4720.25,2024-01-05,2025-03-10,296,3.5,1,4,1,2,4,Low value / lost,Churned
C06194,Telangana,South,5,55025.88,5870.38,2024-10-11,2025-06-25,189,2.7,1,7,2,3,4,At risk,Churned
C01566,West Bengal,East,4,55049.36,4743.83,2024-03-03,2024-04-28,612,5.0,1,5,1,3,4,At risk,Churned
C09393,Madhya Pradesh,Central,7,55065.04,1575.52,2025-03-16,2025-12-14,17,4.1,1,10,5,4,4,Champions,Active
C02932,Telangana,South,10,55085.53,4093.53,2024-07-22,2025-12-03,28,2.9,1,15,4,4,4,Champions,Active
C01062,West Bengal,East,12,55086.22,5494.05,2024-02-10,2025-04-02,273,4.9,2,14,2,4,4,At risk,Churned
C09829,Rajasthan,North,6,55086.24,4480.05,2025-04-01,2025-12-13,18,3.9,0,9,4,4,4,Champions,Active
C06694,Delhi,North,6,55097.16,3129.01,2024-05-17,2025-11-13,48,2.7,2,10,3,4,4,Loyal,Active
C09731,Assam,Northeast,8,55179.88,6017.5,2025-06-10,2025-09-01,121,7.1,0,14,2,4,4,At risk,Churned
C04328,Delhi,North,10,55186.32,8424.98,2025-05-29,2025-12-31,0,2.3,0,12,5,4,4,Champions,Active
C10461,Uttar Pradesh,North,5,55204.96,4856.51,2025-02-20,2025-12-30,1,2.7,0,10,5,3,4,Loyal,Active
C08326,Odisha,East,1,55215.53,-22.72,2024-02-17,2024-02-17,683,4.0,0,3,1,1,4,Low value / lost,Churned
C11989,Rajasthan,North,4,55253.45,4015.31,2025-04-11,2025-11-07,54,5.9,0,7,3,3,4,Loyal,Active
C00666,West Bengal,East,3,55265.72,-17997.44,2024-03-10,2024-04-13,627,5.3,0,3,1,3,4,At risk,Churned
C07717,Karnataka,South,1,55281.76,5755.12,2024-01-10,2024-01-10,721,1.0,0,2,1,1,4,Low value / lost,Churned
C10430,Assam,Northeast,5,55291.71,484.97,2025-06-19,2025-12-29,2,7.2,0,6,5,3,4,Loyal,Active
C10135,Delhi,North,3,55314.74,-1259.82,2024-07-30,2025-12-19,12,1.7,1,3,5,3,4,Loyal,Active
C06344,Delhi,North,8,55318.1,-7222.77,2025-01-16,2025-06-10,204,2.0,0,9,2,4,4,At risk,Churned
C11370,Madhya Pradesh,Central,9,55319.07,2334.16,2024-02-15,2025-04-02,273,4.2,1,11,2,4,4,At risk,Churned
C04309,Telangana,South,6,55344.47,-16209.85,2024-10-10,2025-06-14,200,3.4,0,7,2,4,4,At risk,Churned
C01788,Telangana,South,6,55469.36,-2827.98,2024-08-06,2024-12-31,365,2.7,1,6,1,4,4,At risk,Churned
C10262,Tamil Nadu,South,4,55503.28,6101.81,2024-09-16,2025-10-24,68,1.4,1,7,3,3,4,Loyal,Active
C10986,Delhi,North,3,55523.05,5296.03,2024-12-14,2025-10-21,71,1.8,0,4,3,3,4,Loyal,Active
C06016,Maharashtra,West,13,55545.0,9943.19,2024-12-01,2025-12-24,7,2.2,1,20,5,5,4,Champions,Active
C06205,Rajasthan,North,8,55652.67,11198.99,2025-05-10,2025-11-18,43,3.9,5,13,4,4,4,Champions,Active
C00109,Odisha,East,2,55694.2,3056.38,2024-11-26,2025-11-16,45,6.0,0,3,4,2,4,New / promising,Active
C10481,Delhi,North,4,55704.32,6158.36,2025-04-14,2025-12-14,17,2.3,0,8,5,3,4,Loyal,Active
C09096,Uttar Pradesh,North,6,55709.6,-6228.9,2025-06-19,2025-12-28,3,3.0,1,6,5,4,4,Champions,Active
C11940,Karnataka,South,2,55718.05,-1422.58,2024-11-11,2025-01-12,353,3.7,1,3,1,2,4,Low value / lost,Churned
C03272,Rajasthan,North,8,55719.86,9561.79,2025-06-13,2025-12-30,1,4.0,1,10,5,4,4,Champions,Active
C09509,Rajasthan,North,4,55730.47,-7263.91,2024-02-26,2025-12-05,26,4.2,0,6,4,3,4,Loyal,Active
C02790,Uttar Pradesh,North,4,55734.05,4337.99,2024-10-07,2025-05-21,224,3.4,0,5,2,3,4,At risk,Churned
C09475,Delhi,North,7,55739.5,2812.49,2024-06-22,2025-10-31,61,2.3,0,9,3,4,4,Loyal,Active
C11260,Karnataka,South,2,55745.38,3142.77,2025-10-05,2025-11-04,57,1.7,0,3,3,2,4,Low value / lost,Active
C03067,West Bengal,East,5,55796.25,-3846.54,2025-02-17,2025-11-28,33,4.2,2,6,4,3,4,Loyal,Active
C04831,Karnataka,South,15,55832.81,14149.9,2024-05-24,2025-10-25,67,2.4,4,19,3,5,4,Loyal,Active
C05953,Karnataka,South,2,55872.8,9055.35,2025-04-12,2025-08-08,145,4.2,0,5,2,2,4,Low value / lost,Churned
C08620,Maharashtra,West,7,55874.15,5580.37,2024-06-12,2025-11-18,43,2.3,1,9,4,4,4,Champions,Active
C00648,Maharashtra,West,2,55876.79,-2925.76,2025-02-22,2025-03-09,297,3.0,0,2,1,2,4,Low value / lost,Churned
C01332,Uttar Pradesh,North,7,55959.53,6191.82,2024-10-20,2025-11-08,53,2.7,0,9,3,4,4,Loyal,Active
C00766,Telangana,South,8,56003.93,-11425.49,2024-08-27,2025-12-28,3,2.4,1,11,5,4,4,Champions,Active
C02467,Rajasthan,North,3,56031.4,2864.64,2025-09-14,2025-12-07,24,4.3,1,4,4,3,4,Loyal,Active
C06068,Tamil Nadu,South,10,56057.52,6903.25,2024-04-01,2024-07-02,547,2.3,1,12,1,4,4,At risk,Churned
C01992,Bihar,East,11,56096.38,5733.51,2025-01-15,2025-12-14,17,6.7,1,12,5,4,4,Champions,Active
C00719,Maharashtra,West,4,56139.69,-2150.66,2024-05-04,2024-08-01,517,2.4,2,7,1,3,4,At risk,Churned
C09602,Maharashtra,West,8,56155.87,5153.11,2024-08-17,2025-12-31,0,1.6,1,8,5,4,4,Champions,Active
C01506,Telangana,South,6,56181.94,9618.11,2024-12-03,2025-11-22,39,1.4,0,9,4,4,4,Champions,Active
C05024,Odisha,East,3,56254.14,4836.26,2025-02-04,2025-03-07,299,5.4,2,5,1,3,4,At risk,Churned
C06317,Maharashtra,West,3,56256.83,-11592.56,2024-11-06,2025-01-13,352,3.1,3,7,1,3,4,At risk,Churned
C00432,Rajasthan,North,4,56273.71,5286.23,2024-11-10,2025-04-12,263,4.5,2,6,2,3,4,At risk,Churned
C11935,Karnataka,South,1,56288.7,2344.89,2024-03-21,2024-03-21,650,2.0,0,2,1,1,4,Low value / lost,Churned
C04342,Madhya Pradesh,Central,7,56311.17,5845.46,2025-02-24,2025-11-28,33,3.0,1,10,4,4,4,Champions,Active
C03684,Uttar Pradesh,North,3,56350.41,1326.47,2024-03-04,2024-03-14,657,3.3,0,3,1,3,4,At risk,Churned
C09447,Karnataka,South,11,56353.6,8200.59,2024-06-23,2025-01-30,335,2.8,1,13,1,4,4,At risk,Churned
C01169,Karnataka,South,1,56401.26,-3547.74,2025-08-09,2025-08-09,144,6.0,1,1,2,1,4,Low value / lost,Churned
C05914,Karnataka,South,2,56407.56,7546.14,2025-09-29,2025-11-16,45,2.0,0,5,4,2,4,New / promising,Active
C05642,Rajasthan,North,8,56411.8,-8588.85,2024-11-23,2025-12-29,2,4.5,2,10,5,4,4,Champions,Active
C10104,Gujarat,West,12,56445.96,11022.01,2024-10-11,2025-12-17,14,2.6,2,14,5,4,4,Champions,Active
C02402,Kerala,South,7,56462.46,4213.88,2024-11-21,2025-10-26,66,3.6,4,12,3,4,4,Loyal,Active
C09440,Maharashtra,West,2,56473.08,-4561.94,2025-07-22,2025-09-26,96,2.7,0,3,3,2,4,Low value / lost,Churned
C06318,Telangana,South,5,56486.29,-15408.58,2024-12-11,2025-12-01,30,2.9,0,7,4,3,4,Loyal,Active
C08451,Delhi,North,5,56524.12,8290.56,2025-03-06,2025-12-27,4,1.2,0,6,5,3,4,Loyal,Active
C02891,Kerala,South,11,56548.66,8392.64,2024-03-09,2025-07-28,156,3.2,0,20,2,4,4,At risk,Churned
C08468,Madhya Pradesh,Central,11,56562.1,7167.57,2024-12-27,2025-12-23,8,3.5,2,15,5,4,4,Champions,Active
C11412,Karnataka,South,13,56582.1,-14695.64,2024-01-29,2025-12-18,13,1.9,3,18,5,5,4,Champions,Active
C00909,Maharashtra,West,9,56598.82,12319.21,2025-07-26,2025-12-21,10,2.6,3,11,5,4,4,Champions,Active
C10280,Madhya Pradesh,Central,7,56599.58,5873.79,2025-03-04,2025-10-03,89,3.4,0,9,3,4,4,Loyal,Active
C07539,Maharashtra,West,17,56615.02,12641.48,2024-10-24,2025-12-08,23,2.4,5,19,4,5,4,Champions,Active
C01414,Maharashtra,West,10,56635.26,6798.83,2024-02-14,2025-11-12,49,2.8,1,15,3,4,4,Loyal,Active
C08983,Tamil Nadu,South,7,56658.78,-5142.79,2024-11-26,2025-10-28,64,3.8,1,10,3,4,4,Loyal,Active
C00576,Rajasthan,North,3,56670.46,8225.72,2024-05-17,2024-11-03,423,3.6,0,7,1,3,4,At risk,Churned
C02359,Tamil Nadu,South,4,56687.78,-137.35,2025-04-15,2025-11-14,47,4.4,2,5,3,3,4,Loyal,Active
C01911,West Bengal,East,10,56701.92,-1702.58,2024-11-02,2025-11-27,34,5.8,1,16,4,4,4,Champions,Active
C07152,Uttar Pradesh,North,1,56769.84,1218.66,2025-07-04,2025-07-04,180,1.0,0,1,2,1,4,Low value / lost,Churned
C07558,Madhya Pradesh,Central,5,56783.01,-2143.92,2025-02-12,2025-11-06,55,4.4,2,5,3,3,4,Loyal,Active
C08046,West Bengal,East,2,56787.02,4647.02,2025-07-25,2025-09-03,119,4.2,0,5,2,2,4,Low value / lost,Churned
C09484,Maharashtra,West,5,56806.97,-17571.9,2025-03-10,2025-12-15,16,3.0,4,8,5,3,4,Loyal,Active
C04890,Tamil Nadu,South,4,56807.0,8516.43,2024-11-25,2025-05-31,214,3.1,1,8,2,3,4,At risk,Churned
C08300,Gujarat,West,6,56825.63,8290.21,2024-01-16,2025-12-17,14,2.8,1,8,5,4,4,Champions,Active
C04290,Telangana,South,18,56852.91,17771.64,2024-09-18,2025-11-28,33,2.3,0,27,4,5,4,Champions,Active
C04431,Delhi,North,9,56916.88,-7872.13,2024-10-14,2025-10-04,88,1.7,1,12,3,4,4,Loyal,Active
C02791,Tamil Nadu,South,7,56917.83,-6476.47,2025-01-18,2025-12-19,12,3.3,1,12,5,4,4,Champions,Active
C04920,Uttar Pradesh,North,7,56918.39,6418.75,2024-12-13,2025-11-20,41,3.0,2,7,4,4,4,Champions,Active
C11092,Karnataka,South,9,56919.27,10403.99,2024-07-02,2025-03-19,287,2.7,2,15,1,4,4,At risk,Churned
C07985,Maharashtra,West,18,56931.33,10106.07,2024-01-24,2024-07-25,524,2.0,4,24,1,5,4,At risk,Churned
C09977,Uttar Pradesh,North,6,56955.6,-11061.41,2025-06-14,2025-10-27,65,3.7,1,9,3,4,4,Loyal,Active
C02040,Delhi,North,4,56958.41,305.53,2025-07-14,2025-09-20,102,2.5,0,4,3,3,4,Loyal,Churned
C03981,Bihar,East,17,56976.99,7578.92,2024-02-19,2025-12-03,28,6.4,2,18,4,5,4,Champions,Active
C10787,Uttar Pradesh,North,8,56978.39,9046.11,2024-04-10,2025-12-29,2,3.9,2,14,5,4,4,Champions,Active
C08590,Kerala,South,1,56984.3,1432.79,2025-03-06,2025-03-06,300,1.0,0,1,1,1,4,Low value / lost,Churned
C02634,West Bengal,East,3,57116.59,-15323.81,2024-08-09,2025-08-13,140,5.2,0,5,2,3,4,At risk,Churned
C06780,Maharashtra,West,14,57133.03,7621.92,2024-02-09,2025-12-31,0,2.6,5,15,5,5,4,Champions,Active
C09571,Maharashtra,West,5,57136.88,5366.41,2024-06-20,2025-12-06,25,2.4,0,5,4,3,4,Loyal,Active
C02254,Madhya Pradesh,Central,3,57147.62,9966.99,2025-04-03,2025-11-12,49,4.3,0,4,3,3,4,Loyal,Active
C11608,Karnataka,South,10,57152.1,10574.59,2024-12-03,2025-12-11,20,3.0,7,15,4,4,4,Champions,Active
C06617,Uttar Pradesh,North,4,57194.7,5593.79,2025-07-15,2025-12-01,30,3.3,0,4,4,3,4,Loyal,Active
C02981,Gujarat,West,5,57200.46,8063.06,2025-05-13,2025-12-03,28,3.0,0,10,4,3,4,Loyal,Active
C09399,Karnataka,South,7,57221.99,11049.4,2024-06-23,2025-12-15,16,3.0,0,11,5,4,4,Champions,Active
C02589,Uttar Pradesh,North,2,57279.33,4681.79,2024-09-16,2024-12-18,378,4.5,0,2,1,2,4,Low value / lost,Churned
C06671,Tamil Nadu,South,5,57281.11,-8171.72,2024-06-15,2025-07-24,160,3.3,1,7,2,3,4,At risk,Churned
C00119,Gujarat,West,7,57344.77,3495.27,2024-11-10,2025-08-25,128,3.4,0,8,2,4,4,At risk,Churned
C10547,Telangana,South,7,57347.33,-11345.43,2024-01-20,2025-05-19,226,3.6,4,12,2,4,4,At risk,Churned
C00015,Maharashtra,West,5,57354.01,-3670.9,2024-06-15,2025-05-11,234,3.0,1,6,2,3,4,At risk,Churned
C10899,Rajasthan,North,3,57395.16,-7641.02,2025-04-24,2025-08-19,134,4.7,1,3,2,3,4,At risk,Churned
C01652,Maharashtra,West,1,57400.95,4246.71,2025-05-10,2025-05-10,235,2.0,1,1,2,1,4,Low value / lost,Churned
C07896,Madhya Pradesh,Central,1,57400.95,4219.48,2025-10-08,2025-10-08,84,4.0,0,1,3,1,4,Low value / lost,Active
C03296,Delhi,North,5,57421.66,8472.92,2025-07-20,2025-08-21,132,2.2,3,6,2,3,4,At risk,Churned
C11201,Tamil Nadu,South,9,57423.01,6415.33,2024-03-21,2025-05-27,218,2.7,4,11,2,4,4,At risk,Churned
C06922,West Bengal,East,3,57448.64,7900.37,2025-11-30,2025-12-16,15,5.3,0,4,5,3,4,Loyal,Active
C06579,West Bengal,East,12,57454.19,13669.75,2024-12-26,2025-12-22,9,5.3,2,15,5,4,4,Champions,Active
C11604,Telangana,South,5,57500.42,-10644.4,2025-06-02,2025-12-03,28,3.5,2,8,4,3,4,Loyal,Active
C02305,Uttar Pradesh,North,8,57508.3,9610.57,2024-03-02,2025-11-22,39,2.5,1,10,4,4,4,Champions,Active
C10338,West Bengal,East,10,57567.93,8048.71,2024-09-16,2025-12-23,8,5.8,2,16,5,4,4,Champions,Active
C07348,Gujarat,West,1,57570.93,695.26,2025-03-30,2025-03-30,276,3.0,0,3,1,1,4,Low value / lost,Churned
C03774,Rajasthan,North,4,57573.02,-3010.2,2025-03-07,2025-11-17,44,4.5,0,4,4,3,4,Loyal,Active
C00149,Uttar Pradesh,North,4,57603.25,-2169.83,2025-09-01,2025-11-25,36,4.3,0,7,4,3,4,Loyal,Active
C05946,Telangana,South,9,57612.63,4588.43,2024-02-18,2025-10-27,65,2.6,2,13,3,4,4,Loyal,Active
C06869,Assam,Northeast,8,57669.63,4684.14,2024-09-30,2025-04-10,265,7.5,4,15,2,4,4,At risk,Churned
C09791,Rajasthan,North,8,57680.9,-22599.91,2024-05-21,2025-07-05,179,4.0,0,11,2,4,4,At risk,Churned
C01897,Maharashtra,West,6,57704.03,-57.65,2025-08-11,2025-12-04,27,2.1,1,7,4,4,4,Champions,Active
C07620,Gujarat,West,10,57745.49,7454.86,2024-06-21,2025-11-24,37,3.0,4,17,4,4,4,Champions,Active
C08461,Maharashtra,West,1,57752.06,4823.71,2024-11-11,2024-11-11,415,3.0,0,1,1,1,4,Low value / lost,Churned
C00987,Rajasthan,North,1,57752.06,4814.73,2025-10-22,2025-10-22,70,5.0,0,1,3,1,4,Low value / lost,Active
C09413,Maharashtra,West,1,57752.06,4812.99,2025-07-31,2025-07-31,153,4.0,0,1,2,1,4,Low value / lost,Churned
C08978,Maharashtra,West,1,57752.06,4836.98,2025-11-30,2025-11-30,31,3.0,0,1,4,1,4,New / promising,Active
C01875,Maharashtra,West,3,57753.91,7735.13,2025-01-10,2025-07-05,179,2.4,0,5,2,3,4,At risk,Churned
C06829,Telangana,South,2,57756.56,278.03,2025-09-22,2025-11-26,35,1.5,2,2,4,2,4,New / promising,Active
C01541,Tamil Nadu,South,3,57759.35,-7623.22,2024-09-05,2025-11-27,34,3.3,1,4,4,3,4,Loyal,Active
C01160,Delhi,North,6,57760.07,-4326.12,2025-01-28,2025-11-09,52,2.6,2,7,3,4,4,Loyal,Active
C07900,Uttar Pradesh,North,16,57768.12,14342.3,2024-11-01,2025-11-19,42,3.4,0,18,4,5,4,Champions,Active
C09766,West Bengal,East,5,57807.55,7329.56,2024-04-29,2025-08-24,129,5.8,0,5,2,3,4,At risk,Churned
C05989,Karnataka,South,1,57869.02,-2948.51,2025-12-27,2025-12-27,4,2.0,1,1,5,1,4,New / promising,Active
C06907,Tamil Nadu,South,6,57895.63,4160.12,2024-12-06,2025-08-10,143,2.7,1,10,2,4,4,At risk,Churned
C00656,Maharashtra,West,6,57919.38,2192.27,2025-08-05,2025-11-22,39,3.4,0,8,4,4,4,Champions,Active
C06744,Karnataka,South,4,57924.81,2276.21,2024-12-23,2025-10-18,74,2.1,1,7,3,3,4,Loyal,Active
C02133,West Bengal,East,3,57944.88,-4463.93,2024-08-25,2025-01-04,361,4.4,2,5,1,3,4,At risk,Churned
C06274,Madhya Pradesh,Central,5,57952.2,4351.93,2024-03-09,2024-08-09,509,4.0,0,5,1,3,4,At risk,Churned
C11137,Tamil Nadu,South,3,57956.31,-5880.45,2025-04-10,2025-06-29,185,3.0,0,4,2,3,4,At risk,Churned
C08611,Uttar Pradesh,North,6,57964.22,9005.38,2025-03-01,2025-12-04,27,2.7,1,6,4,4,4,Champions,Active
C04502,Maharashtra,West,9,57977.72,906.18,2024-05-24,2025-12-22,9,1.6,1,14,5,4,4,Champions,Active
C02010,Madhya Pradesh,Central,2,57983.34,4152.07,2025-04-22,2025-07-08,176,4.3,0,3,2,2,4,Low value / lost,Churned
C03446,Telangana,South,8,57995.52,-17523.5,2024-07-22,2025-12-03,28,1.6,1,9,4,4,4,Champions,Active
C06373,West Bengal,East,2,58005.5,4782.67,2024-06-06,2024-11-18,408,4.0,0,2,1,2,4,Low value / lost,Churned
C11977,Maharashtra,West,12,58035.93,8628.12,2024-11-11,2025-12-26,5,2.9,0,17,5,4,4,Champions,Active
C06787,Assam,Northeast,7,58070.9,4016.03,2024-08-19,2025-12-22,9,7.5,1,10,5,4,4,Champions,Active
C00403,Maharashtra,West,11,58071.01,-12316.21,2025-02-24,2025-11-07,54,2.1,2,14,3,4,4,Loyal,Active
C04171,Tamil Nadu,South,4,58084.41,6451.23,2025-01-23,2025-08-23,130,2.7,0,7,2,3,4,At risk,Churned
C06795,Delhi,North,13,58099.46,4599.78,2024-02-21,2025-08-12,141,2.3,1,16,2,5,4,At risk,Churned
C01650,Telangana,South,6,58126.08,4816.03,2024-05-15,2025-12-12,19,2.1,1,10,4,4,4,Champions,Active
C00174,Gujarat,West,10,58127.09,11250.18,2024-04-05,2025-11-22,39,3.2,1,12,4,4,4,Champions,Active
C01990,Maharashtra,West,6,58130.82,7771.6,2025-08-05,2025-12-26,5,3.5,2,8,5,4,4,Champions,Active
C05544,Delhi,North,11,58137.23,2811.81,2024-05-13,2025-12-11,20,2.6,3,14,4,4,4,Champions,Active
C09198,Uttar Pradesh,North,7,58233.34,3532.04,2025-01-18,2025-12-29,2,2.8,1,8,5,4,4,Champions,Active
C07750,Odisha,East,5,58239.39,-3926.31,2025-10-21,2025-12-24,7,6.5,1,6,5,3,4,Loyal,Active
C06263,Uttar Pradesh,North,12,58257.76,10314.57,2024-11-02,2025-11-09,52,3.8,4,15,3,4,4,Loyal,Active
C08131,Delhi,North,6,58260.04,5852.78,2024-06-02,2025-10-23,69,2.3,1,8,3,4,4,Loyal,Active
C04219,Delhi,North,2,58281.94,-1681.09,2024-10-11,2024-11-14,412,1.5,1,6,1,2,4,Low value / lost,Churned
C00642,Maharashtra,West,16,58292.33,13695.13,2024-04-06,2024-10-27,430,2.7,0,21,1,5,4,At risk,Churned
C00388,Tamil Nadu,South,1,58300.31,4516.33,2025-04-08,2025-04-08,267,4.0,0,2,2,1,4,Low value / lost,Churned
C01245,Uttar Pradesh,North,8,58302.56,-10380.22,2024-07-14,2025-01-12,353,3.2,1,12,1,4,4,At risk,Churned
C00067,Maharashtra,West,3,58344.95,-4021.68,2024-11-04,2025-05-16,229,2.3,0,3,2,3,4,At risk,Churned
C00812,Delhi,North,5,58357.92,-2922.53,2025-07-07,2025-12-02,29,1.2,0,6,4,3,4,Loyal,Active
C06139,Delhi,North,6,58369.06,7453.01,2024-07-01,2025-10-15,77,2.7,0,7,3,4,4,Loyal,Active
C02327,Madhya Pradesh,Central,5,58370.51,10739.07,2024-09-15,2025-05-04,241,4.1,1,7,2,3,4,At risk,Churned
C01119,Telangana,South,4,58373.87,4565.47,2025-01-14,2025-10-30,62,1.7,1,6,3,3,4,Loyal,Active
C04031,Maharashtra,West,3,58405.88,-2057.52,2025-04-29,2025-08-18,135,2.7,0,3,2,3,4,At risk,Churned
C08580,Gujarat,West,8,58407.86,6923.22,2025-04-06,2025-12-01,30,3.0,3,12,4,4,4,Champions,Active
C09716,Delhi,North,2,58411.31,2686.1,2024-01-11,2024-10-10,447,2.0,0,4,1,2,4,Low value / lost,Churned
C10250,Gujarat,West,13,58413.66,8021.91,2024-09-27,2025-09-15,107,2.9,0,19,3,5,4,Loyal,Churned
C04209,Uttar Pradesh,North,11,58439.4,-1951.01,2024-03-25,2025-12-24,7,3.1,2,13,5,4,4,Champions,Active
C09122,Telangana,South,3,58441.66,2113.47,2025-11-04,2025-12-19,12,2.3,0,4,5,3,4,Loyal,Active
C01490,Telangana,South,5,58458.82,5931.81,2025-03-21,2025-11-14,47,3.4,0,8,3,3,4,Loyal,Active
C06913,Karnataka,South,5,58467.01,-521.53,2024-12-17,2025-12-06,25,2.8,0,6,4,3,4,Loyal,Active
C02145,West Bengal,East,1,58524.09,5091.88,2025-09-30,2025-09-30,92,6.0,0,2,3,1,4,Low value / lost,Churned
C03539,Bihar,East,5,58577.06,8636.28,2025-02-05,2025-12-24,7,6.4,1,8,5,3,4,Loyal,Active
C00901,Tamil Nadu,South,12,58616.09,6963.92,2024-07-28,2025-12-06,25,2.7,2,14,4,4,4,Champions,Active
C07868,Telangana,South,7,58647.31,6551.41,2025-05-28,2025-12-30,1,2.9,1,13,5,4,4,Champions,Active
C01548,Telangana,South,6,58664.53,8719.57,2024-02-18,2024-06-15,564,2.0,0,9,1,4,4,At risk,Churned
C05134,Karnataka,South,5,58673.8,-5514.56,2025-03-13,2025-11-25,36,2.7,0,6,4,3,4,Loyal,Active
C10813,Tamil Nadu,South,4,58677.17,9481.03,2024-09-08,2025-10-13,79,4.4,3,8,3,3,4,Loyal,Active
C10437,Maharashtra,West,3,58702.7,5141.37,2024-12-06,2025-10-22,70,3.3,1,6,3,3,4,Loyal,Active
C01719,Maharashtra,West,8,58721.81,12238.29,2024-06-19,2025-12-06,25,2.0,1,8,4,4,4,Champions,Active
C08214,Uttar Pradesh,North,8,58727.68,856.14,2024-06-26,2025-11-26,35,3.1,2,12,4,4,4,Champions,Active
C04140,Rajasthan,North,6,58727.92,2780.06,2024-03-23,2024-12-18,378,3.6,0,9,1,4,4,At risk,Churned
C06322,Assam,Northeast,13,58766.43,5123.54,2024-07-07,2025-11-30,31,7.6,4,18,4,5,4,Champions,Active
C05284,Rajasthan,North,9,58805.95,4036.82,2024-08-17,2025-11-21,40,4.6,1,10,4,4,4,Champions,Active
C02210,Bihar,East,4,58808.47,-5767.31,2024-08-05,2024-12-17,379,6.4,0,8,1,3,4,At risk,Churned
C09645,Gujarat,West,9,58836.01,-691.93,2024-05-16,2025-11-15,46,2.4,0,11,4,4,4,Champions,Active
C05029,Gujarat,West,7,58840.62,-1617.06,2025-02-15,2025-11-24,37,2.5,2,11,4,4,4,Champions,Active
C09459,Assam,Northeast,2,58877.5,4156.66,2024-10-26,2024-12-26,370,7.0,0,4,1,2,4,Low value / lost,Churned
C05810,Rajasthan,North,13,58882.33,4889.16,2025-01-25,2025-11-12,49,3.3,3,20,3,5,4,Loyal,Active
C02166,Delhi,North,2,58916.8,4728.43,2025-06-01,2025-07-18,166,1.0,0,2,2,2,4,Low value / lost,Churned
C02329,Gujarat,West,4,58971.34,9372.69,2025-01-31,2025-12-17,14,2.6,0,5,5,3,4,Loyal,Active
C03252,Tamil Nadu,South,2,58974.0,3378.05,2024-12-10,2025-11-06,55,3.0,1,3,3,2,4,Low value / lost,Active
C07272,Tamil Nadu,South,14,58977.83,10136.46,2024-08-13,2025-12-28,3,3.1,3,18,5,5,4,Champions,Active
C04147,Maharashtra,West,11,59020.84,12462.39,2024-08-26,2025-12-08,23,2.9,3,17,4,4,4,Champions,Active
C03499,Delhi,North,12,59061.37,-3490.37,2024-09-26,2025-12-30,1,2.1,3,14,5,4,4,Champions,Active
C10978,West Bengal,East,5,59107.05,-16083.02,2025-04-19,2025-11-21,40,5.4,1,5,4,3,4,Loyal,Active
C00862,Telangana,South,18,59242.47,15430.38,2024-01-16,2025-08-05,148,2.0,1,26,2,5,4,At risk,Churned
C07718,Gujarat,West,11,59250.92,9999.75,2024-11-22,2025-12-21,10,3.3,4,16,5,4,4,Champions,Active
C01599,Telangana,South,6,59254.31,-4219.49,2024-03-28,2024-12-22,374,2.5,2,6,1,4,4,At risk,Churned
C03483,Maharashtra,West,11,59262.4,2966.33,2025-05-27,2025-12-17,14,1.9,1,17,5,4,4,Champions,Active
C10590,Bihar,East,10,59306.69,3999.46,2024-04-23,2025-11-01,60,6.8,2,11,3,4,4,Loyal,Active
C04865,Telangana,South,3,59317.66,-2717.0,2025-01-25,2025-11-14,47,3.2,0,5,3,3,4,Loyal,Active
C05168,Telangana,South,7,59320.96,-864.76,2024-08-18,2025-12-14,17,3.1,1,14,5,4,4,Champions,Active
C00341,Bihar,East,3,59360.12,17238.25,2025-05-16,2025-12-07,24,6.2,0,5,4,3,4,Loyal,Active
C01885,Rajasthan,North,16,59377.46,6928.34,2025-01-09,2025-12-21,10,3.8,2,18,5,5,4,Champions,Active
C08973,Gujarat,West,2,59378.07,-877.21,2025-04-15,2025-09-11,111,2.0,0,3,2,2,4,Low value / lost,Churned
C02493,Uttar Pradesh,North,4,59398.68,-4472.96,2025-06-07,2025-11-30,31,4.0,2,5,4,3,4,Loyal,Active
C03611,Bihar,East,27,59438.16,5146.79,2024-03-26,2025-12-30,1,6.4,1,34,5,5,4,Champions,Active
C02799,Telangana,South,7,59496.22,4504.22,2024-06-22,2025-10-31,61,3.3,2,12,3,4,4,Loyal,Active
C06164,Gujarat,West,2,59515.45,1527.57,2025-02-15,2025-02-24,310,3.0,0,4,1,2,4,Low value / lost,Churned
C05775,Bihar,East,9,59562.79,-2069.74,2024-03-16,2025-09-02,120,6.1,0,11,2,4,4,At risk,Churned
C09949,Uttar Pradesh,North,5,59571.65,5454.52,2024-09-18,2024-12-24,372,3.6,1,7,1,3,4,At risk,Churned
C02855,Assam,Northeast,6,59587.27,11416.59,2024-10-17,2025-12-25,6,7.5,1,6,5,4,4,Champions,Active
C02213,Madhya Pradesh,Central,5,59596.51,-527.17,2024-03-30,2025-08-05,148,3.0,0,7,2,3,4,At risk,Churned
C10789,Maharashtra,West,18,59621.93,15365.37,2024-07-16,2025-10-24,68,2.5,4,23,3,5,4,Loyal,Active
C08904,Uttar Pradesh,North,4,59646.87,7954.38,2025-02-03,2025-12-26,5,3.0,2,6,5,3,4,Loyal,Active
C04210,Rajasthan,North,14,59774.45,5246.72,2024-04-11,2025-12-16,15,3.9,2,16,5,5,4,Champions,Active
C03306,Maharashtra,West,2,59776.02,2482.74,2024-11-07,2024-11-12,414,2.7,0,3,1,2,4,Low value / lost,Churned
C08236,Uttar Pradesh,North,6,59814.38,6681.9,2025-02-18,2025-08-04,149,4.2,3,10,2,4,4,At risk,Churned
C06666,West Bengal,East,6,59832.9,7374.37,2025-01-17,2025-12-13,18,5.1,2,8,4,4,4,Champions,Active
C03895,Madhya Pradesh,Central,3,59872.03,-11501.29,2024-11-02,2025-07-29,155,3.3,0,3,2,3,4,At risk,Churned
C09280,West Bengal,East,4,59881.58,-4340.35,2025-04-07,2025-08-19,134,4.8,0,6,2,3,4,At risk,Churned
C05973,Rajasthan,North,18,59900.66,6688.2,2024-01-11,2025-04-13,262,4.4,5,21,2,5,4,At risk,Churned
C01030,Delhi,North,1,60020.35,2268.36,2024-10-30,2024-10-30,427,2.0,0,2,1,1,4,Low value / lost,Churned
C11152,Telangana,South,7,60032.68,9257.77,2024-09-18,2025-10-09,83,3.0,1,8,3,4,4,Loyal,Active
C05401,Karnataka,South,4,60057.15,7978.56,2024-09-09,2025-11-14,47,3.4,1,8,4,3,4,Loyal,Active
C11485,Maharashtra,West,4,60058.78,-12378.43,2025-07-06,2025-12-19,12,2.5,1,6,5,3,4,Loyal,Active
C05695,Maharashtra,West,2,60079.03,3520.18,2025-05-03,2025-05-15,230,3.8,0,4,2,2,4,Low value / lost,Churned
C07374,Gujarat,West,4,60085.91,5974.39,2025-06-24,2025-12-09,22,4.0,1,6,4,3,4,Loyal,Active
C11480,Delhi,North,12,60128.51,14733.53,2024-05-07,2025-12-08,23,1.6,3,16,4,4,4,Champions,Active
C04390,Rajasthan,North,7,60136.91,10116.4,2024-09-19,2025-11-07,54,3.3,1,12,3,4,4,Loyal,Active
C07567,Karnataka,South,8,60138.53,9240.39,2024-08-04,2025-09-23,99,2.2,0,10,3,4,4,Loyal,Churned
C11620,Maharashtra,West,5,60152.18,6680.34,2024-09-27,2025-10-28,64,2.1,2,10,3,3,4,Loyal,Active
C00152,Telangana,South,6,60171.92,10128.08,2025-01-24,2025-05-02,243,2.6,0,13,2,4,4,At risk,Churned
C05119,Rajasthan,North,5,60211.99,7558.22,2024-10-02,2025-07-03,181,3.9,1,8,2,3,4,At risk,Churned
C04540,Delhi,North,5,60220.41,-5013.58,2024-11-16,2025-11-26,35,2.1,0,8,4,3,4,Loyal,Active
C06109,Rajasthan,North,2,60225.07,-11082.29,2024-06-02,2025-08-19,134,3.0,0,4,2,2,4,Low value / lost,Churned
C04828,Uttar Pradesh,North,4,60247.69,2750.22,2025-05-24,2025-10-31,61,3.8,0,5,3,3,4,Loyal,Active
C00690,Assam,Northeast,5,60251.18,147.45,2024-10-11,2025-01-26,339,6.9,2,9,1,3,4,At risk,Churned
C11961,Tamil Nadu,South,3,60300.64,-6933.98,2025-02-02,2025-12-18,13,2.7,0,3,5,3,4,Loyal,Active
C01399,Uttar Pradesh,North,4,60327.76,62.72,2024-09-17,2025-04-04,271,2.6,1,10,2,3,4,At risk,Churned
C05314,Odisha,East,1,60356.22,1304.31,2025-05-11,2025-05-11,234,4.0,0,1,2,1,4,Low value / lost,Churned
C00922,Tamil Nadu,South,1,60356.22,1339.0,2025-06-24,2025-06-24,190,2.0,0,1,2,1,4,Low value / lost,Churned
C11118,Karnataka,South,5,60380.6,445.38,2024-06-25,2025-11-04,57,2.6,0,5,3,3,4,Loyal,Active
C10721,Maharashtra,West,9,60405.65,-16474.54,2024-07-25,2025-11-15,46,2.1,2,15,4,4,4,Champions,Active
C06138,Maharashtra,West,2,60416.23,-3799.65,2025-01-02,2025-05-13,232,1.7,0,3,2,2,4,Low value / lost,Churned
C07760,Telangana,South,5,60423.3,6935.07,2025-03-16,2025-10-17,75,4.1,3,8,3,3,4,Loyal,Active
C03864,Bihar,East,12,60435.9,9074.87,2025-05-23,2025-12-15,16,6.7,1,19,5,4,4,Champions,Active
C02889,Bihar,East,1,60436.2,-89.16,2025-08-07,2025-08-07,146,7.0,0,1,2,1,4,Low value / lost,Churned
C10976,Madhya Pradesh,Central,18,60465.11,2658.42,2024-04-25,2024-12-14,382,4.2,0,25,1,5,4,At risk,Churned
C01662,Telangana,South,5,60474.15,-17882.74,2024-06-07,2025-08-10,143,2.5,0,8,2,3,4,At risk,Churned
C06231,Maharashtra,West,6,60477.39,7928.98,2025-08-23,2025-11-17,44,3.3,0,9,4,4,4,Champions,Active
C08820,Maharashtra,West,13,60584.76,2613.06,2024-08-16,2025-11-03,58,2.2,2,19,3,5,4,Loyal,Active
C11406,Delhi,North,11,60607.38,-4356.01,2024-05-09,2025-11-23,38,2.0,2,16,4,4,4,Champions,Active
C03231,Telangana,South,7,60611.55,10077.35,2024-03-16,2025-03-18,288,2.7,0,10,1,4,4,At risk,Churned
C05839,Maharashtra,West,5,60669.03,2687.85,2024-07-21,2025-02-05,329,1.8,1,8,1,3,4,At risk,Churned
C04815,Tamil Nadu,South,12,60699.46,2415.76,2024-08-04,2025-07-19,165,3.2,1,13,2,4,4,At risk,Churned
C00528,Maharashtra,West,1,60700.37,-1933.48,2024-11-09,2024-11-09,417,3.0,0,2,1,1,4,Low value / lost,Churned
C03300,Maharashtra,West,13,60761.34,7239.45,2024-05-03,2025-12-08,23,2.9,3,14,4,5,4,Champions,Active
C10631,Telangana,South,6,60809.66,-1846.36,2024-07-03,2025-02-16,318,3.7,0,7,1,4,4,At risk,Churned
C09685,Gujarat,West,14,60829.85,4134.73,2024-09-26,2025-11-16,45,2.1,0,16,4,5,4,Champions,Active
C08077,Uttar Pradesh,North,13,60831.71,-1299.27,2024-11-23,2025-12-27,4,3.3,1,18,5,5,4,Champions,Active
C11968,Delhi,North,11,60925.09,10052.68,2024-09-19,2025-12-07,24,2.0,2,13,4,4,4,Champions,Active
C06647,Telangana,South,11,60945.81,6339.6,2025-02-27,2025-12-17,14,2.9,3,15,5,4,4,Champions,Active
C08372,Karnataka,South,7,60955.77,-896.02,2024-10-17,2025-11-24,37,2.1,2,12,4,4,4,Champions,Active
C11382,Gujarat,West,8,60967.28,6149.97,2024-05-07,2025-11-05,56,3.2,0,13,3,4,4,Loyal,Active
C09597,Bihar,East,8,60985.83,10111.91,2024-05-27,2024-12-29,367,6.1,3,13,1,4,4,At risk,Churned
C05385,Gujarat,West,11,61060.29,-17795.69,2024-11-02,2025-12-30,1,3.3,1,12,5,4,4,Champions,Active
C05968,Maharashtra,West,7,61067.99,-3527.07,2024-06-28,2025-07-18,166,2.8,0,10,2,4,4,At risk,Churned
C01349,Madhya Pradesh,Central,10,61081.45,-5547.19,2024-06-24,2025-10-01,91,4.1,2,14,3,4,4,Loyal,Churned
C03368,Tamil Nadu,South,6,61097.78,10698.16,2024-12-18,2025-12-17,14,3.6,0,11,5,4,4,Champions,Active
C01800,Kerala,South,8,61158.52,10356.62,2025-06-11,2025-12-23,8,3.3,1,9,5,4,4,Champions,Active
C01263,Karnataka,South,7,61170.94,-6962.31,2024-06-14,2025-11-29,32,2.4,1,8,4,4,4,Champions,Active
C03343,Kerala,South,3,61173.6,1334.4,2025-07-13,2025-11-02,59,4.2,1,5,3,3,4,Loyal,Active
C03726,Karnataka,South,4,61202.18,7231.15,2024-10-28,2025-12-22,9,2.2,1,6,5,3,4,Loyal,Active
C11849,Maharashtra,West,8,61214.14,11023.8,2024-11-19,2025-09-30,92,2.5,1,12,3,4,4,Loyal,Churned
C00079,West Bengal,East,6,61225.84,7668.36,2024-01-19,2025-08-29,124,5.7,2,11,2,4,4,At risk,Churned
C06918,Maharashtra,West,7,61237.41,2191.69,2024-06-17,2025-11-20,41,2.4,1,11,4,4,4,Champions,Active
C01373,Tamil Nadu,South,8,61238.64,14396.38,2024-07-16,2025-09-12,110,3.1,1,10,2,4,4,At risk,Churned
C01205,Assam,Northeast,3,61245.98,5594.66,2025-10-16,2025-11-17,44,6.8,0,5,4,3,4,Loyal,Active
C09680,Gujarat,West,4,61275.46,358.5,2024-02-21,2024-05-08,602,3.3,0,4,1,3,4,At risk,Churned
C08533,Karnataka,South,8,61276.71,4870.49,2024-07-01,2025-12-21,10,2.4,0,13,5,4,4,Champions,Active
C04913,Tamil Nadu,South,2,61287.55,1199.79,2024-12-29,2025-10-17,75,3.0,0,3,3,2,4,Low value / lost,Active
C03376,Karnataka,South,11,61318.5,5223.41,2024-05-20,2025-12-31,0,2.5,0,15,5,4,4,Champions,Active
C11778,Rajasthan,North,4,61324.22,9618.02,2024-09-29,2025-08-01,152,3.0,1,7,2,3,4,At risk,Churned
C08702,Rajasthan,North,4,61331.97,5561.92,2024-11-03,2025-12-01,30,3.5,0,4,4,3,4,Loyal,Active
C00802,Uttar Pradesh,North,4,61345.64,4394.21,2025-08-02,2025-11-14,47,3.0,0,4,3,3,4,Loyal,Active
C04277,Karnataka,South,5,61381.32,2277.39,2024-12-02,2025-08-22,131,2.4,3,8,2,3,4,At risk,Churned
C03048,Karnataka,South,6,61407.42,3550.4,2024-12-25,2025-09-24,98,3.3,0,8,3,4,4,Loyal,Churned
C11411,Maharashtra,West,2,61419.35,427.17,2024-10-04,2025-09-22,100,1.5,0,2,3,2,4,Low value / lost,Churned
C09013,Uttar Pradesh,North,3,61422.03,2185.88,2024-01-03,2024-02-26,674,3.5,0,4,1,3,4,At risk,Churned
C02427,Uttar Pradesh,North,6,61440.83,-13824.24,2024-06-03,2025-04-24,251,3.5,0,10,2,4,4,At risk,Churned
C08490,Delhi,North,4,61540.63,7413.15,2024-09-08,2024-11-23,403,1.4,0,7,1,3,4,At risk,Churned
C08872,Maharashtra,West,17,61541.99,8543.28,2024-03-08,2025-10-31,61,2.6,2,24,3,5,4,Loyal,Active
C08171,Delhi,North,8,61571.04,6755.65,2024-07-08,2025-10-26,66,2.2,1,9,3,4,4,Loyal,Active
C05941,Assam,Northeast,11,61605.76,5269.88,2024-07-12,2024-12-17,379,7.8,1,16,1,4,4,At risk,Churned
C08144,Maharashtra,West,12,61609.51,-391.22,2024-03-09,2025-12-22,9,2.1,2,16,5,4,4,Champions,Active
C11829,Karnataka,South,10,61649.05,9855.95,2025-04-22,2025-11-29,32,2.4,3,14,4,4,4,Champions,Active
C04416,Gujarat,West,15,61651.73,17676.76,2024-06-21,2025-11-01,60,3.0,0,24,3,5,4,Loyal,Active
C00726,Maharashtra,West,7,61677.85,-2254.33,2025-06-08,2025-11-06,55,2.1,0,11,3,4,4,Loyal,Active
C01018,Maharashtra,West,11,61738.78,9486.48,2024-02-21,2025-12-30,1,2.6,0,13,5,4,4,Champions,Active
C06660,Uttar Pradesh,North,8,61760.43,8591.52,2025-01-21,2025-12-01,30,3.4,2,8,4,4,4,Champions,Active
C06911,Uttar Pradesh,North,8,61763.49,11621.95,2024-02-10,2024-11-06,420,2.3,2,10,1,4,4,At risk,Churned
C00401,Madhya Pradesh,Central,5,61767.62,-3367.24,2024-03-13,2025-03-13,293,4.0,0,7,1,3,4,At risk,Churned
C01369,Madhya Pradesh,Central,5,61796.97,-1717.47,2024-11-04,2025-11-10,51,3.2,3,6,3,3,4,Loyal,Active
C02491,Maharashtra,West,16,61799.09,169.44,2024-02-06,2025-09-14,108,2.7,5,19,3,5,4,Loyal,Churned
C11734,Rajasthan,North,13,61810.49,155.43,2024-10-21,2025-02-12,322,4.0,3,18,1,5,4,At risk,Churned
C01153,Gujarat,West,8,61973.6,10147.09,2024-04-30,2025-09-29,93,3.6,2,8,3,4,4,Loyal,Churned
C11025,Madhya Pradesh,Central,13,61991.32,9844.8,2024-03-25,2024-05-22,588,4.1,2,19,1,5,4,At risk,Churned
C08069,Tamil Nadu,South,6,61994.67,3343.17,2025-02-11,2025-11-26,35,2.7,1,9,4,4,4,Champions,Active
C01403,Telangana,South,3,61998.53,7270.84,2025-02-26,2025-11-03,58,1.6,0,5,3,3,4,Loyal,Active
C01492,Rajasthan,North,13,62009.37,13172.33,2024-07-14,2025-12-28,3,4.1,0,17,5,5,4,Champions,Active
C04536,Delhi,North,6,62129.78,-2133.13,2025-04-15,2025-12-26,5,2.3,0,8,5,4,4,Champions,Active
C08116,Uttar Pradesh,North,10,62188.31,6720.76,2024-05-23,2025-12-15,16,3.5,2,17,5,4,4,Champions,Active
C09558,Tamil Nadu,South,5,62196.15,-2592.84,2024-11-24,2025-12-08,23,2.6,3,5,4,3,4,Loyal,Active
C09864,Telangana,South,3,62236.1,3426.45,2024-12-26,2025-11-05,56,3.7,0,3,3,3,4,Loyal,Active
C00476,Delhi,North,12,62255.37,-9925.29,2024-12-31,2025-11-20,41,1.6,1,14,4,4,4,Champions,Active
C11783,Maharashtra,West,11,62308.57,2774.8,2024-05-06,2025-12-03,28,3.0,2,16,4,4,4,Champions,Active
C04288,Delhi,North,11,62327.62,-1448.77,2024-10-01,2025-12-22,9,2.1,2,15,5,4,4,Champions,Active
C10200,Maharashtra,West,6,62335.39,9748.46,2025-06-25,2025-11-19,42,1.8,1,8,4,4,4,Champions,Active
C00500,Telangana,South,4,62350.69,11256.45,2024-07-24,2025-11-24,37,2.8,1,5,4,3,4,Loyal,Active
C06210,Rajasthan,North,8,62352.66,2791.33,2024-09-08,2025-09-21,101,3.4,1,8,3,4,4,Loyal,Churned
C04141,Maharashtra,West,23,62410.76,7183.85,2024-09-13,2025-12-20,11,2.3,0,32,5,5,4,Champions,Active
C09476,Maharashtra,West,4,62416.95,7669.99,2024-10-29,2025-02-16,318,2.3,0,7,1,3,4,At risk,Churned
C01916,Kerala,South,9,62577.96,6896.7,2024-04-15,2025-08-17,136,2.9,2,14,2,4,4,At risk,Churned
C11064,Telangana,South,2,62630.58,-1783.93,2024-09-13,2024-11-21,405,3.0,1,5,1,2,4,Low value / lost,Churned
C06304,Madhya Pradesh,Central,14,62675.62,5561.9,2025-04-18,2025-12-18,13,4.4,3,18,5,5,4,Champions,Active
C06240,Uttar Pradesh,North,6,62718.42,10111.3,2024-10-29,2025-09-12,110,2.7,1,10,2,4,4,At risk,Churned
C11616,Karnataka,South,15,62769.08,6363.21,2024-12-01,2025-12-29,2,3.1,1,18,5,5,4,Champions,Active
C07594,Tamil Nadu,South,2,62777.07,1913.48,2025-10-16,2025-12-01,30,2.0,0,3,4,2,4,New / promising,Active
C06525,Delhi,North,9,62796.31,6842.42,2024-11-25,2025-12-05,26,2.1,2,13,4,4,4,Champions,Active
C07950,Telangana,South,5,62812.95,6536.45,2024-07-07,2025-09-23,99,3.1,1,7,3,3,4,Loyal,Churned
C02817,Telangana,South,8,62827.73,12143.69,2024-11-09,2025-12-21,10,2.9,1,9,5,4,4,Champions,Active
C03637,Uttar Pradesh,North,7,62849.0,-2679.53,2024-05-21,2025-12-26,5,3.9,1,12,5,4,4,Champions,Active
C00124,Gujarat,West,10,62873.71,4138.31,2024-02-11,2025-10-19,73,3.0,2,14,3,4,4,Loyal,Active
C03401,Assam,Northeast,4,62901.49,-16302.43,2024-06-20,2024-10-29,428,6.6,2,9,1,3,4,At risk,Churned
C02747,Madhya Pradesh,Central,5,62942.63,5873.34,2024-10-10,2025-05-22,223,4.4,0,7,2,3,4,At risk,Churned
C01866,West Bengal,East,1,62945.61,-1258.62,2025-06-12,2025-06-12,202,3.0,0,2,2,1,4,Low value / lost,Churned
C04046,Telangana,South,6,62969.62,7866.88,2024-08-29,2025-12-31,0,1.8,2,13,5,4,4,Champions,Active
C02605,Gujarat,West,1,62969.77,2039.48,2025-10-11,2025-10-11,81,1.0,0,3,3,1,4,Low value / lost,Active
C06715,Karnataka,South,3,63023.53,12930.63,2025-08-22,2025-12-31,0,1.4,2,5,5,3,4,Loyal,Active
C05224,Delhi,North,3,63041.25,7956.81,2024-06-15,2024-07-23,526,1.8,0,5,1,3,4,At risk,Churned
C09211,Maharashtra,West,10,63063.26,4153.43,2024-10-02,2025-10-11,81,2.7,4,15,3,4,4,Loyal,Active
C06382,Karnataka,South,15,63109.73,12131.35,2024-06-14,2025-11-27,34,2.6,2,17,4,5,4,Champions,Active
C08550,Assam,Northeast,3,63118.59,805.43,2025-03-04,2025-12-19,12,7.0,1,6,5,3,4,Loyal,Active
C02672,Kerala,South,6,63148.26,-5160.46,2025-06-20,2025-12-06,25,4.1,1,11,4,4,4,Champions,Active
C01098,Rajasthan,North,2,63151.16,-1811.77,2024-06-28,2024-08-13,505,3.3,0,3,1,2,4,Low value / lost,Churned
C06893,Madhya Pradesh,Central,15,63161.26,13767.0,2024-11-02,2025-12-27,4,4.3,1,20,5,5,4,Champions,Active
C10363,Madhya Pradesh,Central,12,63197.52,4405.66,2024-05-26,2025-11-21,40,5.1,0,20,4,4,4,Champions,Active
C10413,Assam,Northeast,10,63215.88,-20593.83,2025-05-01,2025-12-01,30,7.4,0,17,4,4,4,Champions,Active
C11943,Maharashtra,West,13,63240.1,7771.72,2024-07-19,2025-01-18,347,2.1,3,17,1,5,4,At risk,Churned
C00186,Maharashtra,West,6,63260.66,-5918.39,2025-03-02,2025-12-28,3,2.5,1,8,5,4,4,Champions,Active
C02217,Maharashtra,West,1,63264.95,4716.58,2025-03-19,2025-03-19,287,4.0,0,3,1,1,4,Low value / lost,Churned
C05762,Bihar,East,15,63314.47,11838.04,2024-03-30,2025-12-05,26,6.9,0,22,4,5,4,Champions,Active
C08800,Delhi,North,2,63315.92,7474.28,2025-01-13,2025-09-03,119,2.5,0,2,2,2,4,Low value / lost,Churned
C05535,Maharashtra,West,2,63329.08,-6061.44,2024-04-27,2025-05-04,241,1.0,0,2,2,2,4,Low value / lost,Churned
C10699,Rajasthan,North,5,63355.42,3220.29,2025-07-04,2025-12-08,23,4.4,2,7,4,3,4,Loyal,Active
C08405,Telangana,South,6,63396.17,6275.96,2025-05-26,2025-12-20,11,3.0,0,10,5,4,4,Champions,Active
C08613,Uttar Pradesh,North,8,63453.24,-4880.03,2025-03-20,2025-11-02,59,3.5,0,10,3,4,4,Loyal,Active
C04957,Delhi,North,7,63479.65,9860.68,2025-06-08,2025-10-29,63,2.2,1,9,3,4,4,Loyal,Active
C08847,Maharashtra,West,8,63481.39,8800.68,2024-02-06,2025-08-13,140,2.6,2,9,2,4,4,At risk,Churned
C10432,Delhi,North,7,63487.45,12688.46,2024-06-25,2025-12-28,3,2.0,2,13,5,4,4,Champions,Active
C07137,Maharashtra,West,5,63491.68,-898.72,2024-08-20,2025-01-29,336,2.8,0,6,1,3,4,At risk,Churned
C00069,Gujarat,West,1,63532.86,4504.4,2025-11-29,2025-11-29,32,2.0,0,1,4,1,4,New / promising,Active
C02229,Karnataka,South,1,63542.21,6270.07,2025-04-21,2025-04-21,254,3.0,1,3,2,1,4,Low value / lost,Churned
C10076,Delhi,North,4,63589.19,2209.4,2025-01-20,2025-12-16,15,1.8,0,5,5,3,4,Loyal,Active
C06443,Gujarat,West,1,63793.76,3299.54,2024-08-19,2024-08-19,499,5.0,0,1,1,1,4,Low value / lost,Churned
C08833,Madhya Pradesh,Central,7,63835.46,4507.93,2024-02-06,2025-10-02,90,2.9,0,10,3,4,4,Loyal,Active
C09997,Delhi,North,4,63842.54,1089.22,2025-05-29,2025-09-03,119,2.0,3,4,2,3,4,At risk,Churned
C09203,Maharashtra,West,2,63854.57,6939.17,2025-02-05,2025-04-15,260,2.7,0,3,2,2,4,Low value / lost,Churned
C04637,Karnataka,South,10,63855.25,-3906.06,2025-04-20,2025-12-22,9,1.9,1,14,5,4,4,Champions,Active
C00560,Madhya Pradesh,Central,8,63874.49,3467.0,2024-11-22,2025-12-08,23,4.1,0,10,4,4,4,Champions,Active
C00091,Uttar Pradesh,North,14,63909.28,9804.3,2024-05-27,2025-12-24,7,4.2,4,22,5,5,4,Champions,Active
C04206,Kerala,South,11,63954.44,-4378.1,2024-03-17,2025-12-20,11,4.0,0,13,5,4,4,Champions,Active
C04361,Karnataka,South,7,63954.71,10920.72,2025-01-25,2025-11-06,55,2.5,0,8,3,4,4,Loyal,Active
C11955,Gujarat,West,10,63963.32,-10163.37,2024-09-02,2025-04-02,273,2.6,1,16,2,4,4,At risk,Churned
C11044,Maharashtra,West,2,63965.02,7976.67,2025-04-08,2025-04-23,252,3.0,0,2,2,2,4,Low value / lost,Churned
C02739,Rajasthan,North,1,63991.01,4242.57,2025-10-19,2025-10-19,73,6.0,0,3,3,1,4,Low value / lost,Active
C09618,Maharashtra,West,2,64064.37,3294.36,2025-08-31,2025-10-15,77,3.0,0,2,3,2,4,Low value / lost,Active
C08810,Karnataka,South,7,64072.45,250.21,2024-08-27,2025-11-05,56,2.9,2,11,3,4,4,Loyal,Active
C01530,Karnataka,South,4,64082.67,4354.92,2025-01-26,2025-04-24,251,2.0,0,5,2,3,4,At risk,Churned
C04451,Tamil Nadu,South,9,64096.76,12280.98,2025-05-26,2025-11-29,32,3.6,0,11,4,4,4,Champions,Active
C10346,Tamil Nadu,South,3,64132.51,-15267.76,2025-05-21,2025-11-23,38,2.3,1,3,4,3,4,Loyal,Active
C03533,Uttar Pradesh,North,6,64192.04,10554.25,2024-11-07,2025-02-18,316,3.6,0,7,1,4,4,At risk,Churned
C07030,Tamil Nadu,South,7,64193.96,5332.27,2024-08-15,2025-09-17,105,2.6,0,9,3,4,4,Loyal,Churned
C05141,Maharashtra,West,2,64244.19,2469.45,2025-01-17,2025-01-17,348,2.0,0,5,1,2,4,Low value / lost,Churned
C01424,Uttar Pradesh,North,5,64258.69,9296.6,2025-03-28,2025-12-05,26,3.2,1,6,4,3,4,Loyal,Active
C06738,Rajasthan,North,5,64261.02,9593.24,2025-02-28,2025-12-11,20,4.2,0,5,4,3,4,Loyal,Active
C00612,Bihar,East,6,64298.74,5686.35,2025-07-02,2025-12-09,22,5.6,0,9,4,4,4,Champions,Active
C10208,Madhya Pradesh,Central,10,64329.24,7085.37,2024-03-01,2025-11-01,60,3.8,3,12,3,4,4,Loyal,Active
C11027,West Bengal,East,9,64344.55,-3179.45,2024-12-19,2025-12-31,0,4.7,0,13,5,4,4,Champions,Active
C04008,Delhi,North,5,64360.25,2982.01,2024-09-26,2025-07-27,157,1.9,0,8,2,3,4,At risk,Churned
C11263,Uttar Pradesh,North,3,64366.12,5770.23,2024-11-11,2025-02-09,325,4.5,2,6,1,3,4,At risk,Churned
C07163,Maharashtra,West,1,64400.18,4609.3,2025-11-10,2025-11-10,51,1.0,0,2,3,1,4,Low value / lost,Active
C05303,Uttar Pradesh,North,6,64435.21,1842.33,2024-08-03,2025-09-18,104,3.7,1,9,3,4,4,Loyal,Churned
C04064,Tamil Nadu,South,3,64440.65,6158.61,2025-04-30,2025-10-02,90,3.0,1,4,3,3,4,Loyal,Active
C00036,Maharashtra,West,2,64477.26,2123.96,2024-11-10,2025-05-24,221,2.0,2,4,2,2,4,Low value / lost,Churned
C06441,Uttar Pradesh,North,4,64489.06,3030.66,2025-05-27,2025-09-23,99,4.2,2,6,3,3,4,Loyal,Churned
C06262,Gujarat,West,7,64534.68,-17906.88,2025-04-22,2025-12-03,28,3.3,0,10,4,4,4,Champions,Active
C01792,Telangana,South,8,64538.64,8552.08,2024-11-01,2025-12-19,12,2.4,3,10,5,4,4,Champions,Active
C05009,West Bengal,East,13,64552.27,9907.14,2024-01-16,2025-06-30,184,5.2,0,17,2,5,4,At risk,Churned
C07504,Madhya Pradesh,Central,11,64556.77,12802.63,2024-10-31,2025-12-21,10,4.4,0,16,5,4,4,Champions,Active
C05003,Uttar Pradesh,North,3,64596.21,9114.77,2025-04-24,2025-06-15,199,4.5,0,4,2,3,4,At risk,Churned
C06731,Delhi,North,6,64637.01,-12410.27,2024-11-13,2025-12-31,0,1.8,1,9,5,4,4,Champions,Active
C02048,West Bengal,East,15,64651.49,2591.85,2025-02-25,2025-11-17,44,4.6,3,18,4,5,4,Champions,Active
C08552,Tamil Nadu,South,10,64689.88,6448.36,2024-03-15,2025-10-06,86,3.6,2,15,3,4,4,Loyal,Active
C09005,Bihar,East,7,64724.02,9322.93,2024-06-30,2025-12-13,18,6.4,5,10,4,4,4,Champions,Active
C00866,West Bengal,East,6,64728.26,-1226.55,2024-08-20,2025-01-03,362,5.3,0,7,1,4,4,At risk,Churned
C07072,Uttar Pradesh,North,1,64740.71,1134.95,2025-01-09,2025-01-09,356,5.0,0,3,1,1,4,Low value / lost,Churned
C07838,Telangana,South,12,64758.26,7534.19,2024-02-16,2025-07-04,180,2.6,2,18,2,4,4,At risk,Churned
C03138,Telangana,South,3,64800.5,6775.21,2025-03-23,2025-05-29,216,2.3,0,3,2,3,4,At risk,Churned
C08817,Maharashtra,West,4,64838.53,4309.39,2025-03-26,2025-12-30,1,3.4,0,7,5,3,4,Loyal,Active
C07009,Telangana,South,6,64855.98,6578.75,2024-07-17,2025-10-27,65,2.8,1,9,3,4,4,Loyal,Active
C11332,Gujarat,West,4,64863.81,7266.68,2025-04-25,2025-12-15,16,2.9,3,8,5,3,4,Loyal,Active
C09117,Tamil Nadu,South,3,64927.45,-1899.46,2025-02-19,2025-03-29,277,2.5,0,4,1,3,4,At risk,Churned
C10526,West Bengal,East,6,64978.38,9491.29,2024-09-27,2025-01-30,335,5.3,1,7,1,4,4,At risk,Churned
C03498,Uttar Pradesh,North,7,65021.3,7642.6,2025-02-05,2025-12-18,13,4.1,0,14,5,4,4,Champions,Active
C10522,Uttar Pradesh,North,14,65073.34,10672.2,2024-04-14,2024-12-10,386,3.3,2,21,1,5,4,At risk,Churned
C11568,Tamil Nadu,South,9,65105.53,1646.61,2025-03-07,2025-12-29,2,3.4,2,10,5,4,4,Champions,Active
C04668,Rajasthan,North,1,65107.84,6078.76,2024-10-13,2024-10-13,444,4.0,0,3,1,1,4,Low value / lost,Churned
C00882,Delhi,North,1,65136.7,2567.32,2024-02-09,2024-02-09,691,2.0,1,3,1,1,4,Low value / lost,Churned
C07824,Maharashtra,West,7,65164.54,-5502.2,2024-03-18,2025-08-25,128,3.1,2,11,2,4,4,At risk,Churned
C00921,Delhi,North,8,65189.25,10435.6,2024-07-23,2025-12-23,8,2.3,1,12,5,4,4,Champions,Active
C03467,West Bengal,East,3,65209.84,-2976.93,2024-10-14,2025-11-16,45,3.6,0,5,4,3,4,Loyal,Active
C01320,Tamil Nadu,South,1,65210.63,4953.11,2024-06-14,2024-06-14,565,5.0,0,3,1,1,4,Low value / lost,Churned
C09900,Kerala,South,16,65226.34,4879.65,2024-08-29,2025-12-21,10,3.7,3,20,5,5,4,Champions,Active
C01219,Karnataka,South,14,65228.09,4441.47,2024-09-04,2025-12-17,14,2.3,4,24,5,5,4,Champions,Active
C02370,Gujarat,West,14,65228.39,-390.2,2025-02-25,2025-12-25,6,3.0,2,18,5,5,4,Champions,Active
C00134,West Bengal,East,3,65248.06,-420.58,2025-07-04,2025-09-27,95,6.6,0,5,3,3,4,Loyal,Churned
C04022,Tamil Nadu,South,11,65273.54,-6340.84,2024-11-10,2025-12-24,7,2.8,1,13,5,4,4,Champions,Active
C07845,West Bengal,East,13,65303.17,8446.18,2024-07-19,2025-12-12,19,5.0,2,16,4,5,4,Champions,Active
C05507,Delhi,North,7,65313.27,-1538.98,2024-11-10,2025-12-23,8,3.3,1,9,5,4,4,Champions,Active
C10070,Telangana,South,4,65336.74,4548.57,2025-06-04,2025-12-27,4,2.5,0,4,5,3,4,Loyal,Active
C11120,Delhi,North,5,65339.8,6876.09,2024-12-29,2025-09-01,121,2.5,2,8,2,3,4,At risk,Churned
C07397,Uttar Pradesh,North,5,65360.68,3717.59,2024-04-22,2024-12-12,384,2.8,1,5,1,3,4,At risk,Churned
C00479,Tamil Nadu,South,7,65430.22,6491.99,2025-02-08,2025-12-27,4,2.8,4,13,5,4,4,Champions,Active
C06083,Karnataka,South,5,65431.75,-925.88,2024-06-19,2025-11-02,59,3.0,0,5,3,3,4,Loyal,Active
C11117,Uttar Pradesh,North,4,65473.52,5993.13,2025-06-26,2025-12-13,18,4.0,1,4,5,3,4,Loyal,Active
C10293,West Bengal,East,3,65478.1,2074.41,2024-12-07,2025-10-01,91,5.2,0,5,3,3,4,Loyal,Churned
C04301,Uttar Pradesh,North,8,65507.01,595.81,2025-02-25,2025-12-26,5,3.9,2,11,5,4,4,Champions,Active
C08905,Rajasthan,North,9,65537.41,-7936.31,2024-03-12,2025-10-17,75,3.2,0,10,3,4,4,Loyal,Active
C07014,Bihar,East,6,65551.0,-5682.75,2025-05-07,2025-09-26,96,6.3,0,9,3,4,4,Loyal,Churned
C02579,Rajasthan,North,9,65554.4,-3750.12,2024-06-10,2025-12-08,23,5.1,0,10,4,4,4,Champions,Active
C11254,Delhi,North,2,65576.67,4861.57,2025-08-28,2025-10-03,89,2.7,1,3,3,2,4,Low value / lost,Active
C11733,West Bengal,East,4,65643.84,-2656.13,2025-04-11,2025-12-15,16,5.1,1,8,5,3,4,Loyal,Active
C08608,Kerala,South,10,65686.43,11953.33,2024-03-19,2025-04-30,245,4.4,2,16,2,4,4,At risk,Churned
C06936,Uttar Pradesh,North,16,65715.38,19184.15,2024-03-15,2025-12-09,22,3.7,1,26,4,5,4,Champions,Active
C01507,Kerala,South,10,65770.34,12009.9,2024-11-23,2025-10-21,71,2.8,5,16,3,4,4,Loyal,Active
C02315,Telangana,South,10,65809.25,5021.55,2024-12-05,2025-12-11,20,2.2,0,16,4,4,4,Champions,Active
C02835,Odisha,East,6,65817.98,-2244.12,2024-07-21,2025-11-04,57,5.9,2,8,3,4,4,Loyal,Active
C04378,Tamil Nadu,South,11,65946.29,-1132.68,2024-12-25,2025-12-17,14,3.0,6,15,5,4,4,Champions,Active
C06325,Delhi,North,2,65951.21,7151.24,2024-08-21,2025-03-06,300,3.0,0,5,1,2,4,Low value / lost,Churned
C05832,Uttar Pradesh,North,1,65962.78,2188.64,2025-06-21,2025-06-21,193,5.0,0,3,2,1,4,Low value / lost,Churned
C08101,Assam,Northeast,12,65984.35,7226.04,2024-03-13,2025-08-09,144,7.5,1,15,2,4,4,At risk,Churned
C05576,Maharashtra,West,5,65991.13,-13326.37,2024-03-04,2025-01-21,344,1.8,1,6,1,3,4,At risk,Churned
C03845,Maharashtra,West,2,66006.21,4234.98,2024-02-20,2024-09-06,481,2.5,0,4,1,2,4,Low value / lost,Churned
C02986,Gujarat,West,10,66020.68,9974.98,2024-06-25,2025-12-10,21,2.7,4,13,4,4,4,Champions,Active
C05176,Madhya Pradesh,Central,7,66085.97,-3578.12,2024-11-19,2025-11-07,54,3.4,2,8,3,4,4,Loyal,Active
C08230,Maharashtra,West,9,66099.14,9407.12,2024-11-14,2025-12-28,3,2.8,1,12,5,4,4,Champions,Active
C10882,Delhi,North,19,66102.17,-11173.21,2024-03-17,2025-11-11,50,2.1,1,22,3,5,4,Loyal,Active
C10907,Bihar,East,6,66106.48,-1287.82,2024-04-22,2024-08-02,516,6.9,1,8,1,4,4,At risk,Churned
C04981,Uttar Pradesh,North,6,66222.42,3725.54,2024-06-19,2025-07-01,183,2.8,0,6,2,4,4,At risk,Churned
C04911,Gujarat,West,6,66262.68,7394.11,2024-04-01,2025-11-11,50,3.2,0,11,3,4,4,Loyal,Active
C07512,West Bengal,East,8,66269.13,-7332.93,2024-10-27,2025-12-14,17,5.8,1,12,5,4,4,Champions,Active
C00456,Delhi,North,4,66430.02,-1068.24,2025-03-15,2025-12-21,10,1.7,0,7,5,3,4,Loyal,Active
C02199,Madhya Pradesh,Central,5,66449.62,7133.24,2025-05-17,2025-12-09,22,4.0,0,6,4,3,4,Loyal,Active
C05833,Odisha,East,6,66531.28,-3901.17,2024-10-28,2025-12-01,30,6.1,1,7,4,4,4,Champions,Active
C07334,Tamil Nadu,South,6,66532.54,6748.57,2025-03-30,2025-12-27,4,3.5,2,10,5,4,4,Champions,Active
C03915,Rajasthan,North,12,66547.57,-7317.2,2024-08-02,2025-11-05,56,4.0,1,16,3,4,4,Loyal,Active
C05174,Delhi,North,2,66559.41,6461.7,2024-04-16,2024-05-09,601,1.0,0,2,1,2,4,Low value / lost,Churned
C07704,Telangana,South,5,66566.49,5282.11,2024-09-03,2024-11-28,398,3.1,2,8,1,3,4,At risk,Churned
C06736,Maharashtra,West,5,66566.97,4680.43,2024-08-29,2024-09-23,464,2.3,1,6,1,3,4,At risk,Churned
C06897,Odisha,East,7,66589.08,5012.16,2024-05-14,2025-09-25,97,6.1,1,8,3,4,4,Loyal,Churned
C11099,Gujarat,West,11,66613.26,-3456.87,2024-02-22,2024-06-19,560,3.7,6,15,1,4,4,At risk,Churned
C00088,Karnataka,South,3,66652.0,6150.69,2024-05-31,2025-07-07,177,2.1,0,8,2,3,4,At risk,Churned
C09254,Tamil Nadu,South,16,66689.63,11436.55,2024-08-12,2025-01-22,343,3.3,4,20,1,5,4,At risk,Churned
C08650,Rajasthan,North,13,66751.39,14234.49,2024-08-02,2025-12-16,15,3.9,1,22,5,5,4,Champions,Active
C05105,Rajasthan,North,17,66767.51,14676.36,2024-10-23,2025-12-13,18,3.8,1,21,4,5,4,Champions,Active
C06438,Uttar Pradesh,North,6,66775.03,2555.11,2024-10-30,2025-06-09,205,3.9,1,9,2,4,4,At risk,Churned
C04968,Assam,Northeast,11,66780.4,-5868.53,2024-02-21,2025-10-02,90,8.1,4,13,3,4,4,Loyal,Active
C09557,Karnataka,South,6,66799.31,6068.43,2024-03-27,2024-11-03,423,1.9,0,12,1,4,4,At risk,Churned
C11730,Maharashtra,West,8,66854.73,2695.77,2024-11-10,2025-11-20,41,2.6,1,11,4,4,4,Champions,Active
C02679,Gujarat,West,6,66857.93,9458.97,2024-06-09,2025-12-23,8,3.1,0,7,5,4,4,Champions,Active
C07244,Gujarat,West,10,66922.42,6490.47,2025-04-29,2025-11-12,49,2.9,1,15,3,4,4,Loyal,Active
C06841,Maharashtra,West,4,66976.01,1510.95,2024-10-14,2025-11-11,50,3.5,0,6,3,3,4,Loyal,Active
C01917,Gujarat,West,3,66992.56,8651.52,2024-07-27,2025-03-10,296,3.0,1,4,1,3,4,At risk,Churned
C00969,Uttar Pradesh,North,11,67017.88,7630.5,2024-06-25,2025-12-20,11,3.6,3,14,5,4,4,Champions,Active
C02278,Delhi,North,8,67064.76,8797.59,2024-11-10,2025-10-03,89,2.2,1,13,3,4,4,Loyal,Active
C07022,Maharashtra,West,11,67140.98,2745.63,2024-08-30,2025-10-07,85,3.2,4,13,3,4,4,Loyal,Active
C11446,Telangana,South,5,67149.5,-2138.34,2025-03-26,2025-08-23,130,3.5,0,8,2,3,4,At risk,Churned
C06670,Kerala,South,11,67168.27,2102.02,2024-11-28,2025-11-21,40,3.7,2,14,4,4,4,Champions,Active
C11617,Tamil Nadu,South,4,67168.44,1778.8,2025-06-06,2025-09-24,98,2.6,0,5,3,3,4,Loyal,Churned
C00203,Uttar Pradesh,North,9,67182.07,-7510.76,2024-10-30,2025-12-31,0,4.1,3,14,5,4,4,Champions,Active
C03236,Gujarat,West,16,67190.47,7603.18,2024-06-13,2025-04-08,267,2.9,2,24,2,5,4,At risk,Churned
C01521,Maharashtra,West,4,67200.92,9531.35,2025-01-23,2025-12-28,3,2.0,1,8,5,3,4,Loyal,Active
C11638,Tamil Nadu,South,7,67246.45,930.81,2024-01-27,2025-09-27,95,3.0,0,7,3,4,4,Loyal,Churned
C09639,Gujarat,West,6,67266.26,13648.43,2024-05-19,2025-11-15,46,2.3,1,8,4,4,4,Champions,Active
C01767,Karnataka,South,12,67279.99,11103.01,2024-12-25,2025-12-26,5,2.4,2,17,5,4,4,Champions,Active
C01003,West Bengal,East,15,67340.84,3972.65,2024-05-23,2025-02-03,331,4.3,5,24,1,5,4,At risk,Churned
C10509,Odisha,East,5,67343.77,2266.87,2025-04-21,2025-09-20,102,6.6,2,5,3,3,4,Loyal,Churned
C08765,Maharashtra,West,10,67363.61,533.77,2024-05-07,2025-12-17,14,2.3,3,12,5,4,4,Champions,Active
C01747,Rajasthan,North,2,67365.56,272.36,2025-06-25,2025-09-03,119,3.0,0,3,2,2,4,Low value / lost,Churned
C01130,Tamil Nadu,South,6,67400.18,-6786.17,2024-08-25,2025-11-25,36,3.3,3,9,4,4,4,Champions,Active
C11895,Kerala,South,15,67407.58,11080.14,2025-02-13,2025-12-02,29,3.7,2,20,4,5,4,Champions,Active
C02436,Maharashtra,West,4,67421.94,6352.23,2024-12-12,2025-11-08,53,2.2,0,6,3,3,4,Loyal,Active
C06786,Maharashtra,West,1,67424.42,9012.21,2025-07-29,2025-07-29,155,2.0,0,1,2,1,4,Low value / lost,Churned
C09932,Karnataka,South,6,67462.07,11599.48,2024-10-30,2025-12-03,28,2.7,0,12,4,4,4,Champions,Active
C06003,Maharashtra,West,3,67472.03,5050.15,2025-05-09,2025-11-19,42,2.3,0,4,4,3,4,Loyal,Active
C07307,Maharashtra,West,5,67537.86,8146.01,2024-11-06,2025-04-06,269,2.9,2,7,2,3,4,At risk,Churned
C01657,Rajasthan,North,1,67588.15,3335.34,2024-05-28,2024-05-28,582,5.0,0,1,1,1,4,Low value / lost,Churned
C04887,Gujarat,West,9,67598.92,2807.89,2024-05-09,2025-10-27,65,3.4,5,14,3,4,4,Loyal,Active
C11689,Delhi,North,10,67636.57,3833.31,2024-09-15,2025-12-25,6,2.0,0,12,5,4,4,Champions,Active
C09914,Tamil Nadu,South,14,67644.29,4533.03,2024-01-14,2025-08-28,125,2.6,3,19,2,5,4,At risk,Churned
C08625,Tamil Nadu,South,12,67667.99,10360.24,2024-03-09,2025-10-15,77,2.8,3,16,3,4,4,Loyal,Active
C04308,Karnataka,South,17,67675.55,12861.31,2025-01-19,2025-12-28,3,2.3,1,24,5,5,4,Champions,Active
C08229,Delhi,North,10,67698.92,6175.86,2024-08-10,2025-12-11,20,2.4,2,12,4,4,4,Champions,Active
C03524,Maharashtra,West,8,67732.81,4849.89,2024-11-29,2025-11-22,39,2.7,0,11,4,4,4,Champions,Active
C11773,Bihar,East,3,67772.4,6544.01,2025-05-20,2025-10-04,88,5.7,0,3,3,3,4,Loyal,Active
C01623,Gujarat,West,3,67791.49,9557.23,2025-01-28,2025-11-30,31,2.8,0,4,4,3,4,Loyal,Active
C09578,Delhi,North,12,67801.5,3087.8,2025-04-16,2025-12-02,29,2.1,3,19,4,4,4,Champions,Active
C03345,Gujarat,West,8,67814.38,7359.84,2024-11-20,2025-12-12,19,3.0,1,8,4,4,4,Champions,Active
C07313,Delhi,North,7,67861.65,7659.41,2024-09-12,2025-05-12,233,2.0,2,10,2,4,4,At risk,Churned
C01774,Delhi,North,5,67896.48,-36097.64,2024-02-15,2024-04-01,639,1.2,1,5,1,3,4,At risk,Churned
C03205,Bihar,East,10,67898.12,-48.3,2025-03-19,2025-12-30,1,6.9,1,12,5,4,4,Champions,Active
C07383,Karnataka,South,20,67906.69,6660.18,2024-03-23,2025-10-15,77,2.5,2,23,3,5,4,Loyal,Active
C05082,Tamil Nadu,South,8,67913.03,16653.69,2024-11-02,2025-09-24,98,3.1,0,10,3,4,4,Loyal,Churned
C03271,Telangana,South,6,67958.81,10326.52,2024-04-22,2025-09-16,106,2.2,0,10,3,4,4,Loyal,Churned
C01819,Assam,Northeast,15,67959.05,1335.09,2025-05-06,2025-12-18,13,7.5,2,16,5,5,4,Champions,Active
C09197,Gujarat,West,9,67982.11,5320.13,2024-08-17,2025-11-18,43,2.8,1,12,4,4,4,Champions,Active
C02151,Uttar Pradesh,North,5,68013.85,968.58,2025-02-03,2025-12-03,28,2.1,2,7,4,3,4,Loyal,Active
C07207,Assam,Northeast,4,68038.2,3874.85,2025-02-01,2025-10-20,72,8.4,0,5,3,3,4,Loyal,Active
C11979,Uttar Pradesh,North,3,68047.53,5365.48,2024-12-01,2025-08-27,126,2.8,3,5,2,3,4,At risk,Churned
C08939,Tamil Nadu,South,12,68099.73,5660.4,2024-11-13,2025-02-02,332,3.3,2,15,1,4,4,At risk,Churned
C04983,Gujarat,West,4,68117.64,-8027.81,2024-11-17,2025-10-14,78,3.0,0,7,3,3,4,Loyal,Active
C04873,Uttar Pradesh,North,16,68127.51,12862.7,2024-11-21,2025-11-23,38,3.6,3,20,4,5,4,Champions,Active
C00172,Gujarat,West,9,68139.02,-7481.72,2025-01-19,2025-11-17,44,3.5,1,11,4,4,4,Champions,Active
C08462,Karnataka,South,6,68162.21,15118.22,2025-05-10,2025-12-04,27,3.9,3,9,4,4,4,Champions,Active
C05494,Telangana,South,19,68188.1,20113.43,2024-10-30,2025-07-13,171,2.1,6,23,2,5,4,At risk,Churned
C02239,Karnataka,South,11,68221.96,4880.0,2024-07-29,2025-12-14,17,1.9,3,15,5,4,4,Champions,Active
C11647,Delhi,North,4,68226.23,-6877.96,2025-04-05,2025-10-02,90,1.8,2,5,3,3,4,Loyal,Active
C01972,Karnataka,South,4,68309.23,5233.33,2024-11-03,2025-10-17,75,2.5,1,4,3,3,4,Loyal,Active
C06398,Maharashtra,West,12,68309.28,9812.74,2025-07-19,2025-12-23,8,2.9,2,16,5,4,4,Champions,Active
C00311,Maharashtra,West,6,68324.08,-14242.29,2024-05-20,2025-10-10,82,3.4,1,8,3,4,4,Loyal,Active
C10774,Rajasthan,North,5,68333.8,7097.46,2025-04-16,2025-10-23,69,4.2,0,5,3,3,4,Loyal,Active
C06153,Delhi,North,6,68339.48,5478.43,2024-04-23,2025-07-10,174,2.3,1,7,2,4,4,At risk,Churned
C10839,Gujarat,West,3,68370.2,2738.68,2024-12-05,2025-01-21,344,2.4,0,5,1,3,4,At risk,Churned
C01708,Maharashtra,West,8,68420.44,2534.37,2024-10-04,2025-12-10,21,1.9,1,11,4,4,4,Champions,Active
C11196,Karnataka,South,4,68429.68,-10770.85,2025-03-07,2025-12-01,30,3.0,1,8,4,3,4,Loyal,Active
C06755,Maharashtra,West,17,68432.43,15806.72,2024-06-29,2025-12-05,26,2.5,6,21,4,5,4,Champions,Active
C05484,Maharashtra,West,10,68465.71,8177.98,2024-03-22,2025-08-27,126,1.7,3,13,2,4,4,At risk,Churned
C01312,Karnataka,South,4,68473.1,8218.56,2024-05-21,2024-05-30,580,2.2,1,6,1,3,4,At risk,Churned
C04915,Rajasthan,North,6,68505.44,7464.72,2024-11-23,2025-07-06,178,4.0,0,7,2,4,4,At risk,Churned
C01065,Rajasthan,North,5,68534.83,875.18,2024-09-20,2025-11-13,48,4.0,1,6,3,3,4,Loyal,Active
C10960,Odisha,East,1,68541.09,7715.28,2025-10-28,2025-10-28,64,6.0,0,3,3,1,4,Low value / lost,Active
C08864,Rajasthan,North,4,68621.15,2785.86,2025-04-26,2025-10-17,75,5.6,1,5,3,3,4,Loyal,Active
C04267,Gujarat,West,13,68637.01,13968.09,2024-12-10,2025-12-22,9,3.5,2,19,5,5,4,Champions,Active
C05718,Maharashtra,West,13,68675.18,1723.56,2024-04-18,2025-12-10,21,2.4,7,17,4,5,4,Champions,Active
C06232,Karnataka,South,5,68679.38,8456.27,2025-01-11,2025-07-11,173,3.0,0,9,2,3,4,At risk,Churned
C03532,Rajasthan,North,3,68701.65,6573.08,2025-03-05,2025-06-28,186,3.0,0,4,2,3,4,At risk,Churned
C00192,Telangana,South,3,68703.48,-12993.79,2024-05-01,2025-10-09,83,1.7,1,3,3,3,4,Loyal,Active
C09810,Rajasthan,North,9,68708.43,11022.78,2024-09-18,2025-12-09,22,4.9,0,14,4,4,4,Champions,Active
C10727,Telangana,South,13,68751.32,-14117.9,2024-05-11,2025-12-28,3,2.1,4,21,5,5,4,Champions,Active
C11544,Maharashtra,West,6,68758.45,4558.93,2024-10-29,2025-12-12,19,3.2,0,6,4,4,4,Champions,Active
C08179,Maharashtra,West,9,68770.86,-9710.55,2025-02-18,2025-12-16,15,2.3,1,12,5,4,4,Champions,Active
C04666,Gujarat,West,8,68817.48,-811.8,2024-10-21,2025-12-22,9,3.2,2,10,5,4,4,Champions,Active
C04314,West Bengal,East,5,68822.52,1194.42,2024-03-26,2025-05-25,220,4.6,0,7,2,3,4,At risk,Churned
C08135,Maharashtra,West,5,68842.29,-6993.13,2024-03-23,2025-12-06,25,2.1,1,9,4,3,4,Loyal,Active
C00999,Maharashtra,West,7,68845.12,14420.33,2024-08-11,2025-11-24,37,2.9,0,11,4,4,4,Champions,Active
C09553,West Bengal,East,3,68898.3,-19031.92,2025-07-19,2025-12-05,26,4.8,0,5,4,3,4,Loyal,Active
C06832,Karnataka,South,15,68900.35,8360.48,2024-09-03,2025-11-24,37,3.3,0,21,4,5,4,Champions,Active
C09872,Maharashtra,West,7,68902.34,1830.38,2025-02-25,2025-12-03,28,2.9,2,10,4,4,4,Champions,Active
C07547,Rajasthan,North,2,68955.58,5888.5,2024-10-31,2024-12-28,368,5.3,0,4,1,2,4,Low value / lost,Churned
C09419,Maharashtra,West,1,68957.56,4350.29,2024-10-03,2024-10-03,454,1.0,0,3,1,1,4,Low value / lost,Churned
C05320,Maharashtra,West,13,68969.94,5049.42,2024-12-24,2025-11-26,35,2.6,1,20,4,5,4,Champions,Active
C11523,Telangana,South,6,68974.02,-4352.57,2024-05-06,2025-02-05,329,2.6,3,9,1,4,4,At risk,Churned
C10574,Gujarat,West,22,69020.57,18989.77,2024-03-25,2025-12-01,30,3.1,4,25,4,5,4,Champions,Active
C07804,Telangana,South,6,69050.84,7776.78,2025-06-28,2025-10-22,70,1.9,3,7,3,4,4,Loyal,Active
C09519,Uttar Pradesh,North,10,69074.39,7856.67,2024-12-07,2025-04-26,249,3.5,0,11,2,4,4,At risk,Churned
C07172,Kerala,South,4,69077.91,6249.55,2025-05-09,2025-11-27,34,4.2,0,5,4,3,4,Loyal,Active
C03780,Maharashtra,West,6,69086.84,2448.69,2025-05-18,2025-12-04,27,2.4,0,9,4,4,4,Champions,Active
C03418,Maharashtra,West,9,69137.77,11080.82,2025-01-28,2025-12-03,28,2.2,5,13,4,4,4,Champions,Active
C00347,Karnataka,South,7,69144.34,-279.36,2024-12-31,2025-12-18,13,2.6,3,8,5,4,4,Champions,Active
C05053,Maharashtra,West,2,69161.79,6896.69,2025-03-11,2025-06-08,206,3.6,1,5,2,2,4,Low value / lost,Churned
C11709,Assam,Northeast,3,69228.67,2221.25,2025-01-13,2025-12-26,5,7.2,1,5,5,3,4,Loyal,Active
C04041,Bihar,East,2,69286.51,7654.75,2024-12-31,2025-02-03,331,6.0,1,2,1,2,4,Low value / lost,Churned
C00220,Bihar,East,17,69328.82,15006.42,2024-11-15,2025-12-06,25,7.3,1,20,4,5,4,Champions,Active
C01180,Delhi,North,6,69333.66,837.23,2025-04-09,2025-09-19,103,2.3,1,7,3,4,4,Loyal,Churned
C02314,Uttar Pradesh,North,7,69360.19,-7321.95,2024-08-03,2025-10-01,91,3.6,0,9,3,4,4,Loyal,Churned
C00721,Uttar Pradesh,North,13,69380.78,1729.34,2024-12-10,2025-12-20,11,3.5,2,15,5,5,4,Champions,Active
C03286,Karnataka,South,4,69382.66,1202.96,2024-10-24,2025-10-12,80,2.8,0,5,3,3,4,Loyal,Active
C07745,Maharashtra,West,1,69403.5,-1101.73,2025-05-31,2025-05-31,214,3.0,0,2,2,1,4,Low value / lost,Churned
C03330,West Bengal,East,8,69406.03,-4787.71,2025-03-20,2025-12-03,28,5.9,1,8,4,4,4,Champions,Active
C04557,Karnataka,South,3,69408.54,7643.69,2025-06-09,2025-10-11,81,2.5,1,6,3,3,4,Loyal,Active
C07466,Telangana,South,3,69412.28,-11985.62,2025-02-28,2025-08-24,129,3.0,0,4,2,3,4,At risk,Churned
C11278,Karnataka,South,3,69454.67,6815.94,2024-10-26,2025-12-28,3,2.5,0,4,5,3,4,Loyal,Active
C07899,Delhi,North,5,69455.31,8213.59,2024-08-22,2025-02-01,333,1.4,1,7,1,3,4,At risk,Churned
C00471,Delhi,North,13,69520.03,4411.46,2024-02-22,2025-08-28,125,2.1,0,17,2,5,4,At risk,Churned
C00228,Delhi,North,10,69545.54,13495.19,2024-03-15,2024-05-02,608,2.1,1,16,1,4,4,At risk,Churned
C00582,Gujarat,West,13,69558.66,2929.9,2024-09-22,2025-12-31,0,3.4,0,19,5,5,4,Champions,Active
C11361,Maharashtra,West,7,69674.51,10249.69,2024-09-26,2025-09-19,103,2.4,0,12,3,4,4,Loyal,Churned
C02569,Telangana,South,9,69716.82,-7955.64,2024-07-04,2025-08-21,132,2.7,2,12,2,4,4,At risk,Churned
C00840,Uttar Pradesh,North,13,69736.71,1416.5,2025-02-13,2025-12-16,15,3.7,2,18,5,5,4,Champions,Active
C11026,Maharashtra,West,3,69744.67,7846.67,2025-03-10,2025-10-27,65,3.0,1,3,3,3,4,Loyal,Active
C01398,Uttar Pradesh,North,17,69755.7,2502.81,2024-04-09,2025-11-19,42,3.7,0,23,4,5,4,Champions,Active
C08808,Kerala,South,2,69762.08,354.16,2025-11-09,2025-12-03,28,2.0,0,4,4,2,4,New / promising,Active
C10849,Delhi,North,9,69797.76,-1769.12,2024-05-13,2025-12-07,24,1.7,0,13,4,4,4,Champions,Active
C02169,Karnataka,South,12,69803.6,6352.16,2024-09-09,2025-09-10,112,3.3,1,15,2,4,4,At risk,Churned
C05824,Madhya Pradesh,Central,5,69817.59,3364.31,2024-01-24,2024-03-20,651,4.0,1,6,1,3,4,At risk,Churned
C08269,Maharashtra,West,7,69825.97,5723.8,2025-01-09,2025-07-11,173,2.1,1,7,2,4,4,At risk,Churned
C00774,Maharashtra,West,9,69849.64,10781.88,2024-10-21,2025-12-21,10,2.9,4,14,5,4,4,Champions,Active
C04516,Maharashtra,West,10,69865.53,6801.36,2024-06-19,2025-09-15,107,2.2,0,16,3,4,4,Loyal,Churned
C06896,Gujarat,West,9,69925.92,-314.98,2024-02-02,2025-10-27,65,3.4,3,14,3,4,4,Loyal,Active
C08526,Assam,Northeast,3,69956.96,6644.61,2025-03-25,2025-06-25,189,8.0,0,3,2,3,4,At risk,Churned
C07651,Odisha,East,9,69977.62,9043.66,2024-03-30,2025-11-23,38,6.1,1,14,4,4,4,Champions,Active
C01581,Delhi,North,9,70014.7,6651.01,2025-04-01,2025-12-28,3,1.8,7,12,5,4,4,Champions,Active
C06193,Karnataka,South,6,70028.99,-2724.35,2025-02-19,2025-12-22,9,2.7,0,7,5,4,4,Champions,Active
C06055,Assam,Northeast,4,70052.91,3737.96,2024-11-17,2025-10-15,77,6.8,1,4,3,3,4,Loyal,Active
C11342,Uttar Pradesh,North,7,70072.69,-11155.48,2025-01-20,2025-12-28,3,3.8,1,11,5,4,4,Champions,Active
C06831,Maharashtra,West,3,70097.52,9501.42,2024-10-05,2025-08-29,124,1.4,0,5,2,3,4,At risk,Churned
C04772,Madhya Pradesh,Central,7,70104.66,4681.86,2024-10-15,2025-10-31,61,3.7,1,7,3,4,4,Loyal,Active
C00068,Bihar,East,3,70116.68,7397.22,2025-03-05,2025-09-12,110,6.8,1,6,2,3,4,At risk,Churned
C02103,Maharashtra,West,7,70143.59,7957.4,2025-06-23,2025-11-30,31,2.5,0,10,4,4,4,Champions,Active
C02198,Rajasthan,North,7,70176.47,-8200.97,2024-11-15,2025-11-06,55,4.2,1,9,3,4,4,Loyal,Active
C08716,Delhi,North,10,70209.6,1133.05,2024-01-28,2025-09-19,103,2.1,3,15,3,4,4,Loyal,Churned
C01607,Karnataka,South,4,70233.71,7921.85,2024-06-20,2024-09-10,477,4.0,0,4,1,3,4,At risk,Churned
C02965,Karnataka,South,8,70273.15,6577.63,2024-11-25,2025-12-10,21,2.8,0,11,4,4,4,Champions,Active
C01794,Rajasthan,North,2,70285.66,7744.57,2025-06-15,2025-07-04,180,4.7,0,3,2,2,4,Low value / lost,Churned
C06086,Gujarat,West,3,70296.99,5483.35,2025-07-29,2025-11-29,32,3.8,0,6,4,3,4,Loyal,Active
C03814,Tamil Nadu,South,2,70338.11,-1061.7,2024-10-01,2025-02-11,323,3.5,0,4,1,2,4,Low value / lost,Churned
C10062,West Bengal,East,17,70349.33,4617.87,2024-03-30,2025-11-17,44,5.4,7,25,4,5,4,Champions,Active
C11838,Uttar Pradesh,North,8,70354.22,-2678.39,2024-12-11,2025-02-09,325,4.1,1,9,1,4,4,At risk,Churned
C08386,Delhi,North,8,70356.08,6921.48,2024-02-05,2025-10-25,67,2.2,0,13,3,4,4,Loyal,Active
C04113,Uttar Pradesh,North,6,70390.18,6504.98,2024-06-05,2025-12-24,7,3.3,1,8,5,4,4,Champions,Active
C08231,Tamil Nadu,South,8,70398.13,7012.1,2025-01-16,2025-11-21,40,3.1,0,11,4,4,4,Champions,Active
C07639,Rajasthan,North,9,70410.09,8013.12,2024-10-29,2025-10-14,78,4.8,3,13,3,4,4,Loyal,Active
C00728,Madhya Pradesh,Central,9,70442.01,-7318.94,2025-07-22,2025-11-15,46,3.5,0,12,4,4,4,Champions,Active
C10959,Uttar Pradesh,North,3,70458.28,-1085.28,2025-06-01,2025-10-01,91,4.6,3,5,3,3,4,Loyal,Churned
C00085,Karnataka,South,8,70465.71,13944.46,2025-02-13,2025-08-09,144,2.6,4,13,2,4,4,At risk,Churned
C06359,Uttar Pradesh,North,7,70484.69,-2155.36,2024-02-29,2025-09-13,109,4.3,2,10,2,4,4,At risk,Churned
C03333,Tamil Nadu,South,12,70545.02,127.72,2024-04-04,2025-12-26,5,2.6,5,20,5,4,4,Champions,Active
C00090,Delhi,North,8,70602.7,5127.89,2024-07-15,2025-12-26,5,2.2,0,10,5,4,4,Champions,Active
C04404,Gujarat,West,5,70633.01,10240.75,2024-08-05,2025-10-21,71,3.0,1,9,3,3,4,Loyal,Active
C04167,Telangana,South,4,70648.54,9121.24,2025-05-21,2025-08-12,141,3.5,0,6,2,3,4,At risk,Churned
C09865,Tamil Nadu,South,3,70648.63,-21681.13,2024-04-26,2025-03-11,295,3.0,1,3,1,3,4,At risk,Churned
C04395,Maharashtra,West,9,70729.41,4857.84,2024-11-16,2025-11-17,44,2.7,0,11,4,4,4,Champions,Active
C11847,Kerala,South,10,70773.69,-2465.59,2024-12-07,2025-04-20,255,4.0,0,10,2,4,4,At risk,Churned
C03987,Tamil Nadu,South,3,70777.0,10163.63,2024-09-15,2025-11-02,59,2.3,0,4,3,3,4,Loyal,Active
C11108,Uttar Pradesh,North,8,70801.1,5141.5,2024-04-20,2025-11-22,39,3.2,1,11,4,4,4,Champions,Active
C05587,Maharashtra,West,2,70802.44,8290.69,2024-06-11,2024-06-18,561,1.8,1,5,1,2,4,Low value / lost,Churned
C10058,Karnataka,South,10,70814.07,-3701.54,2024-01-30,2025-10-20,72,2.4,0,15,3,4,4,Loyal,Active
C03033,Delhi,North,6,70825.74,5096.22,2024-07-11,2025-04-21,254,1.7,0,6,2,4,4,At risk,Churned
C05081,West Bengal,East,10,70852.59,8241.38,2025-04-18,2025-12-28,3,4.7,2,12,5,4,4,Champions,Active
C00111,Gujarat,West,15,70856.55,8262.42,2024-11-01,2025-12-10,21,2.8,3,19,4,5,4,Champions,Active
C10043,Karnataka,South,12,70894.63,4157.11,2024-02-24,2025-10-13,79,2.6,0,17,3,4,4,Loyal,Active
C04908,Delhi,North,11,70914.39,-4284.39,2024-07-27,2025-12-17,14,2.5,3,17,5,4,4,Champions,Active
C05559,Maharashtra,West,9,70980.51,12104.58,2025-03-28,2025-12-27,4,3.0,1,13,5,4,4,Champions,Active
C05748,Uttar Pradesh,North,5,71047.81,4320.31,2025-01-15,2025-12-25,6,4.4,0,8,5,3,4,Loyal,Active
C00804,Delhi,North,5,71124.1,-5161.71,2024-02-21,2025-10-14,78,1.7,0,6,3,3,4,Loyal,Active
C06368,Tamil Nadu,South,1,71145.42,6937.84,2024-12-16,2024-12-16,380,1.0,0,1,1,1,4,Low value / lost,Churned
C00136,Tamil Nadu,South,2,71165.12,6989.75,2024-03-08,2024-04-28,612,3.0,0,3,1,2,4,Low value / lost,Churned
C02937,Maharashtra,West,17,71169.43,11612.5,2025-04-14,2025-12-21,10,2.3,1,23,5,5,4,Champions,Active
C08759,Delhi,North,8,71174.79,-3836.37,2024-10-24,2025-11-11,50,1.5,0,10,3,4,4,Loyal,Active
C02717,Maharashtra,West,9,71175.45,-8072.87,2024-04-10,2024-07-03,546,2.7,1,10,1,4,4,At risk,Churned
C03859,Uttar Pradesh,North,12,71182.17,6855.4,2024-04-02,2025-08-06,147,2.9,2,18,2,4,4,At risk,Churned
C04683,Gujarat,West,10,71271.03,7331.53,2025-02-06,2025-12-09,22,3.0,1,12,4,4,4,Champions,Active
C01288,Uttar Pradesh,North,7,71287.8,5160.81,2024-11-19,2025-12-15,16,2.8,1,10,5,4,4,Champions,Active
C11016,Karnataka,South,15,71296.92,7377.19,2024-09-22,2025-11-22,39,2.5,3,20,4,5,4,Champions,Active
C06948,Uttar Pradesh,North,6,71302.62,-1624.68,2025-06-02,2025-12-14,17,4.1,0,8,5,4,4,Champions,Active
C02498,Tamil Nadu,South,3,71307.81,-34611.56,2024-12-15,2025-10-29,63,2.5,1,4,3,3,4,Loyal,Active
C01007,Karnataka,South,5,71386.73,7432.57,2024-11-06,2025-10-28,64,2.3,1,9,3,3,4,Loyal,Active
C04078,Bihar,East,1,71408.65,5777.21,2024-08-02,2024-08-02,516,7.0,0,2,1,1,4,Low value / lost,Churned
C07058,Maharashtra,West,3,71415.57,9477.29,2025-03-04,2025-10-05,87,3.5,0,4,3,3,4,Loyal,Active
C11417,Madhya Pradesh,Central,3,71425.37,3032.36,2025-05-05,2025-11-15,46,3.1,0,7,4,3,4,Loyal,Active
C11185,Gujarat,West,2,71443.82,10427.57,2025-10-23,2025-11-17,44,3.0,1,4,4,2,4,New / promising,Active
C03143,Tamil Nadu,South,9,71484.94,5527.86,2025-07-03,2025-12-11,20,2.0,2,15,4,4,4,Champions,Active
C10937,Gujarat,West,10,71489.84,7247.73,2025-05-07,2025-12-22,9,2.8,3,16,5,4,4,Champions,Active
C05260,Karnataka,South,4,71522.01,-1941.88,2025-07-28,2025-12-05,26,2.2,2,5,4,3,4,Loyal,Active
C04253,Maharashtra,West,6,71540.62,7793.13,2024-02-16,2025-10-16,76,2.6,0,7,3,4,4,Loyal,Active
C09514,Uttar Pradesh,North,7,71619.5,-10455.33,2024-11-25,2025-08-26,127,3.5,1,8,2,4,4,At risk,Churned
C02167,Maharashtra,West,3,71719.36,9367.74,2025-08-06,2025-12-05,26,3.3,0,4,4,3,4,Loyal,Active
C03155,Rajasthan,North,16,71756.53,3714.51,2024-07-28,2025-12-20,11,3.9,0,20,5,5,4,Champions,Active
C07278,Delhi,North,6,71769.71,18068.77,2024-12-04,2025-11-29,32,2.8,1,12,4,4,4,Champions,Active
C08678,Telangana,South,4,71786.22,-2556.02,2025-02-13,2025-05-09,236,2.1,1,8,2,3,4,At risk,Churned
C00883,Delhi,North,12,71857.2,11129.94,2024-10-06,2025-12-24,7,2.5,1,15,5,4,4,Champions,Active
C01449,Maharashtra,West,11,71859.47,3124.0,2024-09-01,2025-11-15,46,2.3,2,15,4,4,4,Champions,Active
C04672,West Bengal,East,3,71864.52,1289.26,2025-07-18,2025-11-30,31,4.2,1,5,4,3,4,Loyal,Active
C02921,Rajasthan,North,5,71898.26,11491.85,2025-01-05,2025-06-19,195,4.7,0,7,2,3,4,At risk,Churned
C04768,Maharashtra,West,10,71923.9,8300.27,2024-01-12,2025-08-02,151,1.9,2,15,2,4,4,At risk,Churned
C08888,Telangana,South,5,71963.12,3824.89,2024-09-12,2025-06-01,213,2.7,2,9,2,3,4,At risk,Churned
C10485,Rajasthan,North,8,71972.47,6843.82,2024-02-04,2024-12-04,392,3.3,2,12,1,4,4,At risk,Churned
C08696,Tamil Nadu,South,8,72002.97,11953.05,2025-05-30,2025-12-05,26,2.5,0,13,4,4,4,Champions,Active
C09487,Maharashtra,West,5,72011.73,7889.51,2024-11-23,2025-11-11,50,2.9,1,9,3,3,4,Loyal,Active
C02099,Karnataka,South,14,72027.2,6785.26,2025-05-05,2025-12-04,27,2.7,2,18,4,5,4,Champions,Active
C03954,Assam,Northeast,18,72034.91,6059.77,2024-02-23,2024-05-06,604,7.1,4,25,1,5,4,At risk,Churned
C05679,Karnataka,South,8,72064.26,10704.7,2024-02-21,2025-03-24,282,2.4,0,9,1,4,4,At risk,Churned
C02782,Telangana,South,20,72127.6,-651.49,2024-07-02,2025-12-13,18,2.9,3,25,4,5,4,Champions,Active
C09221,West Bengal,East,15,72152.19,-13704.09,2025-04-19,2025-12-25,6,5.1,1,20,5,5,4,Champions,Active
C00850,Telangana,South,8,72177.2,12826.99,2025-06-23,2025-12-20,11,2.9,1,9,5,4,4,Champions,Active
C09736,Gujarat,West,5,72177.28,3026.57,2025-05-24,2025-11-23,38,2.6,0,7,4,3,4,Loyal,Active
C10223,Delhi,North,5,72193.26,4211.95,2024-03-23,2025-11-27,34,2.0,0,6,4,3,4,Loyal,Active
C09526,Karnataka,South,11,72196.08,8440.11,2024-11-21,2025-12-07,24,2.1,5,14,4,4,4,Champions,Active
C03047,Tamil Nadu,South,14,72232.64,-9853.73,2024-09-08,2025-12-31,0,2.3,3,21,5,5,4,Champions,Active
C06701,Gujarat,West,11,72250.46,6155.94,2024-10-15,2025-10-11,81,3.4,2,17,3,4,4,Loyal,Active
C04701,Delhi,North,2,72269.57,7967.08,2024-12-18,2025-12-18,13,1.0,1,4,5,2,4,New / promising,Active
C04992,Maharashtra,West,6,72289.59,5967.35,2024-09-18,2025-11-23,38,2.1,0,8,4,4,4,Champions,Active
C05791,Karnataka,South,12,72398.21,6472.48,2024-02-08,2025-05-29,216,2.5,1,15,2,4,4,At risk,Churned
C06237,Tamil Nadu,South,5,72412.21,1267.26,2024-02-19,2025-11-14,47,3.3,1,6,3,3,4,Loyal,Active
C11322,Telangana,South,9,72441.2,5301.35,2024-01-09,2024-05-09,601,2.3,0,12,1,4,4,At risk,Churned
C03775,West Bengal,East,9,72457.58,10386.97,2024-02-19,2024-07-01,548,5.0,0,11,1,4,4,At risk,Churned
C00344,Maharashtra,West,5,72506.12,-8548.36,2025-03-08,2025-12-08,23,3.3,2,8,4,3,4,Loyal,Active
C01646,Gujarat,West,7,72547.65,4991.57,2025-02-03,2025-11-25,36,3.3,2,9,4,4,4,Champions,Active
C02135,Tamil Nadu,South,14,72616.47,6432.07,2024-10-26,2025-12-18,13,3.1,5,19,5,5,4,Champions,Active
C08331,Karnataka,South,7,72648.36,8988.06,2024-06-21,2025-12-14,17,2.8,0,8,5,4,4,Champions,Active
C03182,Delhi,North,22,72651.37,17208.84,2024-06-26,2025-12-16,15,2.5,2,28,5,5,4,Champions,Active
C09445,Maharashtra,West,4,72832.02,2814.28,2025-05-11,2025-09-12,110,2.4,2,8,2,3,4,At risk,Churned
C07940,Delhi,North,19,72838.27,13638.64,2024-12-18,2025-12-25,6,2.3,1,34,5,5,4,Champions,Active
C00309,Rajasthan,North,19,72849.21,5198.89,2024-06-30,2025-09-28,94,4.3,2,23,3,5,4,Loyal,Churned
C01959,Odisha,East,9,72854.83,10814.07,2025-04-16,2025-12-07,24,5.9,3,17,4,4,4,Champions,Active
C01428,Telangana,South,6,72859.71,-312.92,2025-03-07,2025-11-20,41,2.7,1,7,4,4,4,Champions,Active
C05966,Tamil Nadu,South,11,72869.95,10935.82,2024-09-04,2025-09-20,102,2.9,2,16,3,4,4,Loyal,Churned
C05233,Rajasthan,North,4,72875.07,7082.53,2024-12-29,2025-06-22,192,4.0,0,4,2,3,4,At risk,Churned
C10794,Telangana,South,8,72889.04,12824.3,2024-08-17,2025-12-01,30,2.4,3,10,4,4,4,Champions,Active
C08564,Uttar Pradesh,North,5,72919.74,-4497.37,2024-08-04,2025-05-06,239,3.3,0,6,2,3,4,At risk,Churned
C10524,Madhya Pradesh,Central,10,72926.86,7255.91,2024-08-23,2025-04-10,265,3.8,0,10,2,4,4,At risk,Churned
C11498,Rajasthan,North,12,72935.79,8930.93,2024-02-11,2025-12-01,30,3.5,3,17,4,4,4,Champions,Active
C05974,Odisha,East,10,72954.49,2713.73,2024-01-16,2024-05-17,593,6.7,0,12,1,4,4,At risk,Churned
C11438,Maharashtra,West,11,72956.85,5033.44,2024-02-24,2025-06-25,189,2.5,3,17,2,4,4,At risk,Churned
C07032,Tamil Nadu,South,11,73038.21,6275.55,2024-04-01,2025-08-31,122,3.1,0,15,2,4,4,At risk,Churned
C11596,Tamil Nadu,South,2,73101.49,9184.85,2024-05-15,2024-06-04,575,2.5,0,4,1,2,4,Low value / lost,Churned
C02564,Gujarat,West,7,73113.04,-3747.02,2025-02-14,2025-11-29,32,3.1,1,9,4,4,4,Champions,Active
C10764,Karnataka,South,5,73177.64,5837.9,2024-05-02,2025-04-12,263,3.3,1,8,2,3,4,At risk,Churned
C11037,Tamil Nadu,South,11,73195.71,5207.3,2024-06-18,2025-12-11,20,3.7,4,15,4,4,4,Champions,Active
C08894,Delhi,North,10,73224.43,16262.58,2024-04-02,2024-10-31,426,2.1,2,18,1,4,4,At risk,Churned
C02460,Delhi,North,14,73257.62,14484.86,2024-02-03,2025-12-09,22,2.3,1,23,4,5,4,Champions,Active
C03534,West Bengal,East,9,73268.51,-7256.62,2024-10-09,2025-09-06,116,5.0,0,13,2,4,4,At risk,Churned
C00581,Tamil Nadu,South,5,73269.81,523.35,2024-09-23,2025-06-18,196,2.3,0,6,2,3,4,At risk,Churned
C11805,Delhi,North,9,73284.99,13230.65,2024-01-06,2025-12-30,1,2.4,4,15,5,4,4,Champions,Active
C11458,Maharashtra,West,2,73285.31,8244.2,2025-06-29,2025-08-05,148,2.0,0,3,2,2,4,Low value / lost,Churned
C06716,Telangana,South,4,73298.02,8537.27,2024-02-15,2024-11-16,410,2.3,1,6,1,3,4,At risk,Churned
C00551,Telangana,South,3,73329.75,4556.04,2025-02-24,2025-11-16,45,1.6,1,5,4,3,4,Loyal,Active
C11992,Telangana,South,15,73348.57,7265.42,2024-10-05,2025-12-26,5,2.3,0,20,5,5,4,Champions,Active
C05932,Tamil Nadu,South,9,73352.46,7979.31,2024-05-17,2025-12-04,27,2.6,1,12,4,4,4,Champions,Active
C06455,Gujarat,West,5,73363.32,5029.08,2025-08-21,2025-12-01,30,2.6,0,7,4,3,4,Loyal,Active
C04848,Odisha,East,9,73369.02,6334.95,2024-05-22,2025-08-11,142,6.0,0,13,2,4,4,At risk,Churned
C05070,Gujarat,West,8,73379.53,4385.63,2024-06-30,2025-09-12,110,2.9,2,11,2,4,4,At risk,Churned
C01822,Rajasthan,North,5,73388.53,9538.93,2025-06-16,2025-11-21,40,3.9,0,8,4,3,4,Loyal,Active
C00621,Karnataka,South,17,73411.01,17775.84,2024-04-07,2025-12-10,21,3.1,3,25,4,5,4,Champions,Active
C01221,Maharashtra,West,17,73444.13,12311.04,2024-09-26,2025-12-26,5,2.3,5,21,5,5,4,Champions,Active
C08028,Karnataka,South,7,73446.41,4964.84,2024-01-28,2025-11-27,34,1.7,0,9,4,4,4,Champions,Active
C01128,Maharashtra,West,13,73447.41,10097.56,2025-05-28,2025-12-16,15,2.2,5,19,5,5,4,Champions,Active
C09321,Odisha,East,15,73454.76,-8868.61,2024-03-16,2025-11-06,55,5.6,4,25,3,5,4,Loyal,Active
C04159,Karnataka,South,16,73490.11,15656.62,2024-04-10,2025-12-28,3,2.3,1,24,5,5,4,Champions,Active
C07422,Tamil Nadu,South,2,73513.52,343.95,2024-02-24,2024-06-20,559,3.5,0,2,1,2,4,Low value / lost,Churned
C10110,Uttar Pradesh,North,10,73522.85,12954.65,2024-01-03,2024-12-23,373,3.4,1,11,1,4,4,At risk,Churned
C08455,Rajasthan,North,5,73535.79,8664.49,2025-02-01,2025-10-09,83,4.0,1,8,3,3,4,Loyal,Active
C04517,Telangana,South,6,73542.1,-7837.05,2024-05-21,2025-07-22,162,1.5,0,10,2,4,4,At risk,Churned
C11192,Kerala,South,9,73563.09,-1.35,2025-01-04,2025-11-30,31,3.2,1,15,4,4,4,Champions,Active
C10314,Kerala,South,7,73568.84,-3191.51,2024-05-07,2025-01-20,345,3.8,2,8,1,4,4,At risk,Churned
C05155,Rajasthan,North,2,73569.63,2174.28,2025-02-08,2025-10-14,78,4.0,0,2,3,2,4,Low value / lost,Active
C09505,Maharashtra,West,12,73579.64,9253.71,2024-01-28,2024-08-21,497,2.8,4,18,1,4,4,At risk,Churned
C01804,Tamil Nadu,South,13,73595.77,2004.64,2024-10-03,2025-12-12,19,2.9,2,16,4,5,4,Champions,Active
C03269,Maharashtra,West,6,73612.85,5941.12,2025-05-12,2025-11-01,60,2.0,0,7,3,4,4,Loyal,Active
C01868,Gujarat,West,17,73624.17,6130.73,2024-04-13,2025-12-01,30,3.0,3,20,4,5,4,Champions,Active
C06543,Telangana,South,6,73626.97,-2250.29,2025-02-17,2025-12-04,27,2.4,0,7,4,4,4,Champions,Active
C07353,Rajasthan,North,9,73749.44,6708.05,2025-07-26,2025-12-19,12,4.2,0,10,5,4,4,Champions,Active
C10578,Karnataka,South,10,73775.49,-10185.91,2024-07-02,2025-12-29,2,2.6,0,10,5,4,4,Champions,Active
C05374,Maharashtra,West,8,73858.19,-9071.47,2025-01-12,2025-12-27,4,2.9,1,9,5,4,4,Champions,Active
C07731,Kerala,South,8,73886.09,-18289.91,2024-03-15,2025-12-25,6,3.6,0,10,5,4,4,Champions,Active
C11096,Uttar Pradesh,North,5,73889.0,8322.19,2024-07-26,2025-10-09,83,4.3,0,7,3,3,4,Loyal,Active
C09023,Karnataka,South,4,73961.61,5586.94,2025-01-05,2025-04-04,271,3.4,0,5,2,3,4,At risk,Churned
C10120,Telangana,South,7,73991.71,4526.4,2024-07-11,2025-08-22,131,2.5,2,13,2,4,4,At risk,Churned
C06549,Tamil Nadu,South,5,74038.16,4489.12,2024-05-17,2024-10-24,433,3.3,2,7,1,3,4,At risk,Churned
C05251,Rajasthan,North,9,74059.23,-547.94,2025-03-05,2025-09-20,102,4.8,1,12,3,4,4,Loyal,Churned
C09054,Maharashtra,West,9,74124.5,7975.03,2024-07-04,2025-04-16,259,2.5,1,11,2,4,4,At risk,Churned
C01572,Rajasthan,North,7,74138.08,-6658.52,2024-03-17,2024-12-25,371,3.7,3,9,1,4,4,At risk,Churned
C01988,Delhi,North,12,74215.68,3682.52,2024-06-21,2025-11-21,40,2.0,1,18,4,4,4,Champions,Active
C06426,Tamil Nadu,South,14,74216.27,11129.9,2024-04-22,2025-11-17,44,2.7,1,16,4,5,4,Champions,Active
C04553,Rajasthan,North,5,74264.13,-2308.19,2024-07-02,2024-11-16,410,3.0,0,9,1,3,4,At risk,Churned
C03010,West Bengal,East,15,74270.76,7102.25,2024-01-09,2025-05-18,227,4.5,2,19,2,5,4,At risk,Churned
C02170,Tamil Nadu,South,9,74309.4,3123.27,2024-09-17,2025-02-04,330,3.5,1,12,1,4,4,At risk,Churned
C11715,Telangana,South,3,74326.48,9080.58,2025-07-29,2025-11-05,56,3.8,1,4,3,3,4,Loyal,Active
C04249,Bihar,East,15,74345.71,5093.18,2024-03-13,2025-11-25,36,6.3,1,20,4,5,4,Champions,Active
C08689,Gujarat,West,4,74352.36,7607.66,2025-08-08,2025-12-10,21,3.2,1,6,4,3,4,Loyal,Active
C08310,Tamil Nadu,South,2,74398.0,4817.55,2024-10-08,2025-02-02,332,2.6,2,5,1,2,4,Low value / lost,Churned
C00525,Delhi,North,6,74410.01,6033.41,2025-05-27,2025-12-30,1,2.0,0,6,5,4,4,Champions,Active
C06794,Uttar Pradesh,North,3,74511.56,-30034.25,2025-08-11,2025-11-27,34,3.8,0,4,4,3,4,Loyal,Active
C06618,Karnataka,South,7,74527.76,-11040.13,2024-05-17,2025-05-07,238,2.5,0,10,2,4,4,At risk,Churned
C06121,Gujarat,West,17,74544.42,18603.65,2024-02-01,2024-08-29,489,2.9,1,24,1,5,4,At risk,Churned
C02300,Maharashtra,West,3,74557.17,8062.05,2025-03-20,2025-12-14,17,3.0,1,5,5,3,4,Loyal,Active
C11996,Rajasthan,North,17,74605.15,6007.98,2024-07-10,2025-12-07,24,3.7,3,22,4,5,4,Champions,Active
C05553,Odisha,East,6,74645.29,-2127.77,2024-05-04,2025-09-16,106,5.4,2,9,3,4,4,Loyal,Churned
C01781,Maharashtra,West,8,74764.11,10576.64,2024-12-14,2025-11-25,36,2.6,0,10,4,4,4,Champions,Active
C08051,Tamil Nadu,South,8,74774.59,-3656.81,2024-11-05,2025-12-29,2,2.9,0,13,5,4,4,Champions,Active
C07825,Delhi,North,6,74778.31,1720.08,2025-03-16,2025-11-13,48,2.6,2,10,3,4,4,Loyal,Active
C09973,Telangana,South,5,74785.65,10769.12,2024-02-06,2025-09-21,101,1.8,1,5,3,3,4,Loyal,Churned
C02289,Rajasthan,North,9,74793.66,-13348.31,2024-06-11,2025-09-12,110,3.1,0,15,2,4,4,At risk,Churned
C04052,Kerala,South,6,74811.72,14433.98,2024-07-07,2025-12-13,18,3.8,2,12,4,4,4,Champions,Active
C06993,Maharashtra,West,7,74813.92,4651.58,2025-01-18,2025-12-21,10,3.1,0,12,5,4,4,Champions,Active
C10232,Kerala,South,3,74864.44,7824.19,2025-03-12,2025-12-24,7,5.0,0,5,5,3,4,Loyal,Active
C09883,Maharashtra,West,10,75029.68,2840.52,2024-12-13,2025-12-06,25,2.8,1,13,4,4,4,Champions,Active
C00717,Karnataka,South,12,75065.33,1365.21,2025-02-18,2025-12-15,16,2.4,5,18,5,4,4,Champions,Active
C06695,Karnataka,South,12,75079.11,1295.65,2024-09-28,2025-12-24,7,1.9,2,12,5,4,4,Champions,Active
C00359,Tamil Nadu,South,10,75092.68,6711.72,2024-03-02,2024-12-11,385,3.4,2,14,1,4,4,At risk,Churned
C10100,Karnataka,South,8,75127.85,-1192.06,2024-02-15,2024-04-06,634,3.0,1,13,1,4,4,At risk,Churned
C09531,Karnataka,South,7,75187.04,3295.76,2024-06-21,2024-10-27,430,3.1,0,7,1,4,4,At risk,Churned
C01059,Madhya Pradesh,Central,7,75219.23,8002.35,2024-05-22,2025-10-27,65,3.6,2,10,3,4,4,Loyal,Active
C11244,Tamil Nadu,South,9,75220.68,7393.87,2024-04-07,2025-04-02,273,3.1,1,9,2,4,4,At risk,Churned
C08599,West Bengal,East,4,75298.03,1751.24,2025-05-15,2025-11-21,40,4.4,0,5,4,3,4,Loyal,Active
C05970,Odisha,East,6,75316.05,2815.67,2024-12-03,2025-11-12,49,6.3,0,9,3,4,4,Loyal,Active
C01728,Kerala,South,6,75379.57,4088.23,2024-01-16,2025-12-12,19,3.5,0,8,4,4,4,Champions,Active
C09729,Delhi,North,10,75451.25,6542.64,2024-01-06,2025-12-24,7,2.8,2,15,5,4,4,Champions,Active
C10707,Kerala,South,12,75451.44,7164.06,2024-04-08,2024-11-09,417,3.6,2,18,1,4,4,At risk,Churned
C02233,Madhya Pradesh,Central,18,75499.01,2320.59,2024-02-09,2025-12-23,8,3.7,3,21,5,5,4,Champions,Active
C05716,Uttar Pradesh,North,12,75504.97,12513.12,2024-01-24,2025-02-15,319,3.3,3,16,1,4,4,At risk,Churned
C08173,Uttar Pradesh,North,6,75534.86,2089.18,2024-10-21,2025-03-06,300,4.6,2,9,1,4,4,At risk,Churned
C05760,Uttar Pradesh,North,10,75590.29,15826.37,2024-02-18,2025-10-14,78,4.1,0,14,3,4,4,Loyal,Active
C07448,Madhya Pradesh,Central,4,75632.5,7462.02,2025-04-20,2025-10-17,75,4.3,1,7,3,3,4,Loyal,Active
C10708,Uttar Pradesh,North,14,75672.56,6207.86,2024-01-14,2024-08-19,499,3.5,2,23,1,5,4,At risk,Churned
C11314,Tamil Nadu,South,8,75986.91,10435.82,2025-03-09,2025-10-14,78,2.5,3,14,3,4,4,Loyal,Active
C04703,Karnataka,South,3,76023.93,-2075.4,2024-10-21,2025-10-03,89,2.8,2,6,3,3,4,Loyal,Active
C02847,Karnataka,South,8,76069.89,9238.24,2025-01-08,2025-08-09,144,2.8,0,12,2,4,4,At risk,Churned
C09424,Maharashtra,West,6,76083.96,-7461.62,2024-01-29,2025-08-29,124,2.9,1,8,2,4,4,At risk,Churned
C04014,Gujarat,West,5,76101.19,10406.36,2025-04-23,2025-12-11,20,2.8,0,5,4,3,4,Loyal,Active
C10390,Rajasthan,North,8,76162.86,11276.89,2024-12-31,2025-09-29,93,3.2,1,11,3,4,4,Loyal,Churned
C09057,Tamil Nadu,South,7,76166.82,-4434.42,2024-11-14,2025-11-29,32,3.1,2,8,4,4,4,Champions,Active
C11877,Rajasthan,North,5,76184.53,7950.73,2024-10-05,2025-06-21,193,4.8,1,8,2,3,4,At risk,Churned
C04592,Maharashtra,West,3,76196.43,4535.79,2025-07-09,2025-10-20,72,3.5,0,4,3,3,4,Loyal,Active
C05795,Gujarat,West,11,76224.96,-1779.92,2024-07-05,2025-12-21,10,2.8,0,16,5,4,4,Champions,Active
C04387,Madhya Pradesh,Central,5,76236.67,-11208.09,2024-07-31,2025-05-17,228,3.8,0,6,2,3,4,At risk,Churned
C06440,Uttar Pradesh,North,10,76246.65,-15160.23,2025-05-17,2025-12-19,12,3.2,2,13,5,4,4,Champions,Active
C11823,Delhi,North,7,76257.12,-3380.62,2025-04-04,2025-12-30,1,1.7,3,9,5,4,4,Champions,Active
C03190,Tamil Nadu,South,5,76334.57,1573.56,2024-01-17,2024-07-14,535,2.3,0,6,1,3,4,At risk,Churned
C01347,Karnataka,South,4,76353.01,-5060.39,2024-06-12,2024-08-12,506,2.8,3,5,1,3,4,At risk,Churned
C11516,Uttar Pradesh,North,23,76391.88,17344.21,2025-06-22,2025-12-29,2,3.8,11,31,5,5,4,Champions,Active
C05294,Maharashtra,West,9,76447.07,10743.71,2024-01-26,2024-07-03,546,2.4,0,10,1,4,4,At risk,Churned
C10967,Maharashtra,West,13,76487.43,10135.98,2025-01-07,2025-12-29,2,2.9,1,16,5,5,4,Champions,Active
C01061,Maharashtra,West,11,76545.59,6143.86,2024-06-29,2025-10-27,65,2.3,2,15,3,4,4,Loyal,Active
C11966,Gujarat,West,13,76555.03,-2232.2,2024-07-26,2025-12-21,10,2.8,0,16,5,5,4,Champions,Active
C01851,Tamil Nadu,South,6,76587.01,7353.94,2024-11-16,2025-08-02,151,3.0,1,8,2,4,4,At risk,Churned
C09494,Uttar Pradesh,North,4,76621.18,8956.52,2024-06-06,2025-08-28,125,3.7,3,6,2,3,4,At risk,Churned
C05687,Gujarat,West,3,76640.44,-1884.14,2024-12-11,2025-12-30,1,4.5,2,6,5,3,4,Loyal,Active
C07692,West Bengal,East,14,76699.38,11710.53,2024-01-22,2025-10-10,82,4.6,3,17,3,5,4,Loyal,Active
C06088,Gujarat,West,6,76709.49,5929.24,2024-09-06,2025-12-31,0,2.4,1,8,5,4,4,Champions,Active
C05352,Odisha,East,12,76723.55,8978.5,2024-07-27,2025-03-27,279,5.6,2,17,1,4,4,At risk,Churned
C11949,Delhi,North,10,76769.94,-10272.47,2024-08-31,2025-12-28,3,1.7,2,13,5,4,4,Champions,Active
C08875,Delhi,North,6,76777.69,5243.51,2024-06-18,2025-10-25,67,1.7,1,9,3,4,4,Loyal,Active
C03042,Delhi,North,9,76825.46,12767.17,2024-06-10,2025-08-01,152,2.1,1,14,2,4,4,At risk,Churned
C01634,Maharashtra,West,3,76834.33,-22313.46,2024-06-19,2025-04-06,269,2.5,1,4,2,3,4,At risk,Churned
C05404,Tamil Nadu,South,5,76877.4,8220.98,2025-04-06,2025-12-24,7,2.3,0,7,5,3,4,Loyal,Active
C05245,Tamil Nadu,South,8,76959.63,9742.83,2024-09-04,2025-10-22,70,2.3,0,10,3,4,4,Loyal,Active
C07601,Karnataka,South,4,77047.86,3480.41,2025-05-26,2025-09-03,119,2.2,3,6,2,3,4,At risk,Churned
C07180,Delhi,North,11,77055.33,11921.05,2024-05-10,2025-11-23,38,2.1,0,13,4,4,4,Champions,Active
C06576,Maharashtra,West,11,77057.18,2983.95,2024-04-01,2025-11-22,39,2.2,2,19,4,4,4,Champions,Active
C05300,Bihar,East,8,77115.85,3067.5,2025-01-30,2025-12-25,6,6.8,1,14,5,4,4,Champions,Active
C07299,Gujarat,West,11,77125.05,9200.13,2024-01-23,2025-08-23,130,4.1,2,19,2,4,4,At risk,Churned
C03028,Madhya Pradesh,Central,14,77139.1,14398.45,2024-08-08,2025-09-06,116,3.8,3,21,2,5,4,At risk,Churned
C07901,Delhi,North,18,77141.65,19526.95,2024-01-27,2025-12-29,2,2.3,10,24,5,5,4,Champions,Active
C05590,Rajasthan,North,3,77168.18,12376.04,2025-10-12,2025-12-14,17,4.0,0,4,5,3,4,Loyal,Active
C06291,Bihar,East,12,77307.72,6857.91,2025-01-09,2025-12-24,7,6.9,5,19,5,4,4,Champions,Active
C09170,Bihar,East,9,77329.29,1507.74,2024-12-24,2025-12-21,10,5.8,3,12,5,4,4,Champions,Active
C02410,Rajasthan,North,5,77402.55,9040.75,2025-01-20,2025-11-27,34,4.2,0,6,4,3,4,Loyal,Active
C01505,Bihar,East,7,77489.57,9642.86,2024-11-22,2025-12-27,4,6.2,1,10,5,4,4,Champions,Active
C11539,Telangana,South,3,77546.57,3770.86,2025-04-18,2025-09-15,107,3.7,1,6,3,3,4,Loyal,Churned
C09194,Delhi,North,10,77639.95,12538.8,2024-09-22,2025-11-10,51,2.0,3,11,3,4,4,Loyal,Active
C10965,Telangana,South,10,77657.54,10027.52,2024-11-26,2025-11-29,32,3.1,1,15,4,4,4,Champions,Active
C02524,Maharashtra,West,12,77686.99,13709.15,2025-04-20,2025-12-02,29,2.7,1,19,4,4,4,Champions,Active
C01131,Uttar Pradesh,North,9,77697.03,-7192.76,2025-01-07,2025-09-17,105,3.3,1,10,3,4,4,Loyal,Churned
C11857,Karnataka,South,3,77702.33,-1390.11,2024-04-13,2025-01-21,344,1.7,0,3,1,3,4,At risk,Churned
C05543,West Bengal,East,6,77713.07,-2250.92,2024-09-17,2025-12-02,29,5.1,2,7,4,4,4,Champions,Active
C11844,Karnataka,South,11,77715.62,12177.74,2024-09-30,2025-11-16,45,2.9,2,16,4,4,4,Champions,Active
C08852,Rajasthan,North,8,77720.91,7704.91,2024-06-14,2024-12-21,375,3.8,0,12,1,4,4,At risk,Churned
C10846,Maharashtra,West,4,77722.09,-3250.89,2025-08-22,2025-11-12,49,3.0,1,4,3,3,4,Loyal,Active
C03370,Gujarat,West,22,77746.33,16226.81,2024-02-09,2025-12-09,22,3.0,6,23,4,5,4,Champions,Active
C09981,Telangana,South,10,77747.86,-3276.03,2025-01-31,2025-11-04,57,3.7,1,14,3,4,4,Loyal,Active
C03436,Tamil Nadu,South,6,77853.46,832.9,2025-03-25,2025-12-19,12,3.1,3,7,5,4,4,Champions,Active
C10295,Odisha,East,8,77859.55,-3715.67,2024-09-13,2025-12-17,14,6.3,0,10,5,4,4,Champions,Active
C08758,Delhi,North,17,77886.79,11432.5,2025-01-11,2025-12-11,20,2.3,6,23,4,5,4,Champions,Active
C07975,Uttar Pradesh,North,7,77985.75,8922.72,2024-06-22,2024-12-29,367,2.8,1,8,1,4,4,At risk,Churned
C09764,Gujarat,West,9,77996.35,1572.42,2024-03-19,2025-11-04,57,2.9,2,10,3,4,4,Loyal,Active
C04647,Assam,Northeast,6,78020.6,-1617.58,2024-11-06,2025-11-20,41,7.5,0,10,4,4,4,Champions,Active
C06244,Madhya Pradesh,Central,9,78034.19,5002.79,2024-03-24,2024-06-14,565,4.0,0,14,1,4,4,At risk,Churned
C08515,Karnataka,South,7,78113.36,2214.93,2024-06-22,2025-12-02,29,2.2,1,9,4,4,4,Champions,Active
C06418,Madhya Pradesh,Central,9,78171.1,899.62,2024-11-14,2025-11-06,55,4.0,2,11,3,4,4,Loyal,Active
C05204,Maharashtra,West,8,78205.49,8719.07,2024-03-16,2024-08-31,487,2.2,1,9,1,4,4,At risk,Churned
C00906,Tamil Nadu,South,8,78218.02,3517.3,2024-11-04,2025-10-14,78,2.9,1,12,3,4,4,Loyal,Active
C10898,Maharashtra,West,3,78234.48,6031.95,2024-04-01,2024-12-21,375,2.3,0,3,1,3,4,At risk,Churned
C07738,Maharashtra,West,3,78236.47,1167.96,2024-03-14,2025-05-07,238,1.5,1,4,2,3,4,At risk,Churned
C11062,Delhi,North,3,78349.09,913.35,2024-11-16,2025-11-27,34,2.8,1,4,4,3,4,Loyal,Active
C11045,Gujarat,West,11,78352.56,11614.9,2024-08-19,2025-12-21,10,2.8,4,22,5,4,4,Champions,Active
C02052,Telangana,South,6,78418.08,-2170.98,2024-09-18,2025-09-05,117,2.8,0,6,2,4,4,At risk,Churned
C00374,Assam,Northeast,14,78468.36,-8971.98,2024-04-29,2025-12-20,11,7.1,2,22,5,5,4,Champions,Active
C00943,Karnataka,South,19,78521.49,4687.34,2024-01-30,2025-11-28,33,2.3,0,20,4,5,4,Champions,Active
C11922,Uttar Pradesh,North,14,78535.82,-4997.19,2025-03-21,2025-12-25,6,2.7,1,17,5,5,4,Champions,Active
C04486,Rajasthan,North,8,78544.69,8063.25,2025-05-17,2025-11-15,46,4.2,0,9,4,4,4,Champions,Active
C10352,Maharashtra,West,12,78546.83,8534.3,2024-11-30,2025-09-16,106,2.6,1,19,3,4,4,Loyal,Churned
C08668,Delhi,North,3,78589.89,7974.11,2024-07-01,2024-09-24,463,2.5,1,6,1,3,4,At risk,Churned
C06994,Telangana,South,6,78597.55,7166.94,2024-08-09,2025-12-10,21,1.9,2,7,4,4,4,Champions,Active
C08110,West Bengal,East,6,78621.16,-7055.89,2024-05-28,2025-12-26,5,4.5,0,12,5,4,4,Champions,Active
C01090,Karnataka,South,11,78632.09,11055.21,2024-05-28,2025-12-15,16,3.1,3,17,5,4,4,Champions,Active
C08492,Telangana,South,16,78649.16,2966.66,2024-06-20,2025-12-23,8,2.1,2,24,5,5,4,Champions,Active
C05156,Uttar Pradesh,North,7,78652.99,-655.07,2024-07-14,2025-12-05,26,4.1,6,15,4,4,4,Champions,Active
C01542,Karnataka,South,3,78720.51,4222.88,2025-02-20,2025-07-29,155,2.0,1,6,2,3,4,At risk,Churned
C00557,Gujarat,West,5,78741.29,4733.11,2024-09-25,2025-05-19,226,3.6,0,7,2,3,4,At risk,Churned
C08238,Uttar Pradesh,North,10,78750.83,-6849.71,2025-05-12,2025-10-16,76,2.7,0,12,3,4,4,Loyal,Active
C00704,Madhya Pradesh,Central,11,78781.22,2638.72,2025-02-22,2025-11-22,39,4.1,1,16,4,4,4,Champions,Active
C09691,Assam,Northeast,9,78815.94,10105.53,2024-08-16,2025-11-15,46,7.6,1,14,4,4,4,Champions,Active
C02820,Maharashtra,West,4,78825.1,8966.69,2025-02-25,2025-11-13,48,2.0,0,5,3,3,4,Loyal,Active
C00286,Delhi,North,7,78851.42,17307.81,2025-01-12,2025-11-01,60,2.3,1,11,3,4,4,Loyal,Active
C10993,Tamil Nadu,South,3,78856.5,2049.47,2025-08-30,2025-10-22,70,1.8,2,5,3,3,4,Loyal,Active
C09983,Bihar,East,13,78899.13,8722.39,2024-08-22,2025-09-24,98,6.1,0,21,3,5,4,Loyal,Churned
C07614,Gujarat,West,2,78981.26,8759.17,2025-03-17,2025-07-19,165,3.0,0,3,2,2,4,Low value / lost,Churned
C07164,Maharashtra,West,7,79034.04,7796.81,2024-08-11,2025-08-14,139,1.5,1,11,2,4,4,At risk,Churned
C09428,Delhi,North,10,79047.26,6985.11,2025-02-01,2025-12-12,19,2.2,2,15,4,4,4,Champions,Active
C00447,Telangana,South,15,79091.27,3684.47,2024-07-07,2025-12-05,26,3.2,3,25,4,5,4,Champions,Active
C07806,Madhya Pradesh,Central,12,79105.99,10272.56,2024-02-04,2025-10-08,84,3.7,5,15,3,4,4,Loyal,Active
C01892,Kerala,South,22,79135.64,13442.41,2024-06-11,2025-12-15,16,2.9,1,28,5,5,4,Champions,Active
C08812,Maharashtra,West,8,79205.3,-404.16,2024-09-01,2025-05-09,236,2.6,2,9,2,4,4,At risk,Churned
C05392,Maharashtra,West,7,79212.1,2789.0,2024-10-13,2025-07-22,162,2.3,3,10,2,4,4,At risk,Churned
C03851,Maharashtra,West,10,79219.9,9073.58,2024-05-11,2024-09-12,475,3.3,1,13,1,4,4,At risk,Churned
C11632,Gujarat,West,6,79243.96,6568.22,2024-12-16,2025-10-06,86,2.4,1,7,3,4,4,Loyal,Active
C04402,West Bengal,East,3,79248.95,1633.6,2025-07-31,2025-10-20,72,6.4,2,5,3,3,4,Loyal,Active
C02088,Gujarat,West,1,79270.89,5949.78,2024-04-20,2024-04-20,620,4.0,1,3,1,1,4,Low value / lost,Churned
C07203,Madhya Pradesh,Central,16,79272.49,6289.18,2024-04-28,2025-11-22,39,4.2,2,20,4,5,4,Champions,Active
C04444,Maharashtra,West,5,79288.65,11202.56,2025-06-22,2025-11-13,48,3.6,0,8,3,3,4,Loyal,Active
C01372,Maharashtra,West,4,79306.16,6781.72,2025-02-07,2025-11-18,43,1.4,1,5,4,3,4,Loyal,Active
C01404,Telangana,South,12,79313.32,7044.5,2024-11-27,2025-12-31,0,2.6,2,19,5,4,4,Champions,Active
C00741,Rajasthan,North,13,79348.16,6087.16,2024-12-12,2025-12-23,8,4.1,1,14,5,5,4,Champions,Active
C03602,Rajasthan,North,13,79367.09,10529.31,2024-02-17,2025-12-13,18,4.4,0,16,4,5,4,Champions,Active
C11008,Bihar,East,5,79389.11,929.41,2024-11-04,2025-06-26,188,7.3,3,8,2,3,4,At risk,Churned
C02796,Rajasthan,North,12,79419.19,-2727.29,2024-08-04,2025-08-02,151,3.7,1,15,2,4,4,At risk,Churned
C06066,Madhya Pradesh,Central,13,79419.81,8063.37,2024-04-15,2025-09-27,95,3.9,4,21,3,5,4,Loyal,Churned
C06901,Karnataka,South,3,79428.78,2728.71,2025-06-11,2025-10-25,67,2.2,0,5,3,3,4,Loyal,Active
C04504,Delhi,North,5,79454.69,1243.71,2024-04-18,2025-06-25,189,2.1,1,13,2,3,4,At risk,Churned
C11758,Uttar Pradesh,North,10,79548.06,2992.52,2024-05-01,2025-03-07,299,3.9,1,12,1,4,4,At risk,Churned
C05676,Uttar Pradesh,North,11,79551.49,5599.25,2024-08-09,2025-12-22,9,4.1,1,14,5,4,4,Champions,Active
C02613,Maharashtra,West,9,79623.12,11884.97,2025-05-10,2025-11-03,58,2.1,3,14,3,4,4,Loyal,Active
C03393,Karnataka,South,11,79628.44,8335.57,2024-10-12,2025-11-23,38,2.5,0,13,4,4,4,Champions,Active
C04762,Maharashtra,West,21,79640.53,7493.67,2024-03-01,2025-12-18,13,2.4,2,27,5,5,4,Champions,Active
C11653,Maharashtra,West,10,79688.18,5453.99,2024-05-31,2025-09-17,105,2.5,0,15,3,4,4,Loyal,Churned
C01035,Maharashtra,West,19,79721.64,7549.76,2024-07-31,2025-11-04,57,2.7,4,22,3,5,4,Loyal,Active
C06687,Bihar,East,6,79747.85,-4391.77,2025-03-31,2025-12-28,3,7.0,0,8,5,4,4,Champions,Active
C00985,Delhi,North,7,79750.73,5251.08,2024-07-11,2025-12-15,16,2.4,4,14,5,4,4,Champions,Active
C09846,Maharashtra,West,9,79907.41,12336.35,2024-11-09,2025-12-03,28,2.6,3,19,4,4,4,Champions,Active
C05296,Maharashtra,West,5,79936.45,12116.99,2024-11-13,2025-09-24,98,2.3,1,8,3,3,4,Loyal,Churned
C07882,Rajasthan,North,5,79998.08,8571.0,2024-11-30,2025-12-29,2,3.7,2,10,5,3,4,Loyal,Active
C00431,Maharashtra,West,14,80024.7,7586.26,2024-03-18,2025-11-28,33,2.4,3,20,4,5,4,Champions,Active
C06089,Uttar Pradesh,North,7,80091.73,10360.71,2024-12-24,2025-10-16,76,3.4,1,9,3,4,4,Loyal,Active
C07061,Madhya Pradesh,Central,12,80120.15,17890.16,2024-08-30,2025-12-11,20,4.5,1,17,4,4,4,Champions,Active
C09224,Rajasthan,North,15,80150.06,9003.77,2024-03-25,2025-12-18,13,4.1,3,20,5,5,4,Champions,Active
C11179,Madhya Pradesh,Central,7,80176.93,4544.49,2025-07-20,2025-12-26,5,4.1,1,9,5,4,4,Champions,Active
C08912,Uttar Pradesh,North,5,80213.61,6451.13,2024-02-26,2025-12-18,13,2.9,3,9,5,3,4,Loyal,Active
C02608,Maharashtra,West,3,80224.51,-5334.59,2025-01-18,2025-10-12,80,2.4,1,5,3,3,4,Loyal,Active
C04943,Odisha,East,11,80266.59,11515.75,2024-10-12,2025-12-08,23,5.9,0,16,4,4,4,Champions,Active
C10569,Maharashtra,West,5,80266.78,177.43,2024-12-06,2025-08-01,152,3.2,0,9,2,3,4,At risk,Churned
C11637,West Bengal,East,6,80291.78,2535.34,2025-05-01,2025-12-12,19,5.4,2,7,4,4,4,Champions,Active
C05031,Assam,Northeast,15,80310.04,13457.91,2025-05-24,2025-12-28,3,7.7,6,26,5,5,4,Champions,Active
C03107,Tamil Nadu,South,4,80328.59,10764.49,2024-09-07,2025-10-05,87,3.9,0,7,3,3,4,Loyal,Active
C00888,Rajasthan,North,8,80351.91,1602.44,2024-03-04,2025-08-09,144,3.9,0,8,2,4,4,At risk,Churned
C01579,Odisha,East,7,80366.39,14375.47,2024-05-20,2025-08-15,138,5.4,2,14,2,4,4,At risk,Churned
C06830,West Bengal,East,7,80379.53,8667.88,2024-07-22,2025-12-09,22,5.6,1,13,4,4,4,Champions,Active
C04830,Gujarat,West,10,80390.87,-698.35,2024-07-18,2025-11-24,37,4.1,1,13,4,4,4,Champions,Active
C03647,Odisha,East,19,80507.26,-373.21,2024-05-28,2024-12-23,373,5.8,2,25,1,5,4,At risk,Churned
C10983,Delhi,North,12,80577.9,821.56,2024-09-06,2025-12-27,4,2.1,3,15,5,4,4,Champions,Active
C00781,Odisha,East,11,80590.05,10017.27,2024-05-25,2025-07-20,164,6.1,1,13,2,4,4,At risk,Churned
C10323,Tamil Nadu,South,10,80604.87,-1470.7,2024-09-22,2025-11-22,39,3.2,1,11,4,4,4,Champions,Active
C08860,West Bengal,East,7,80610.98,16210.87,2024-04-28,2025-11-18,43,5.9,0,9,4,4,4,Champions,Active
C01584,Uttar Pradesh,North,7,80783.35,-611.57,2024-12-01,2025-12-14,17,3.8,1,11,5,4,4,Champions,Active
C04126,Uttar Pradesh,North,14,80814.48,9732.76,2024-12-10,2025-11-24,37,3.9,2,18,4,5,4,Champions,Active
C10169,Delhi,North,7,80876.59,16279.47,2024-04-27,2025-12-23,8,2.1,0,11,5,4,4,Champions,Active
C01522,Rajasthan,North,4,80892.17,-3023.25,2024-03-02,2024-04-23,617,3.6,1,5,1,3,4,At risk,Churned
C10514,Rajasthan,North,9,80957.73,-3745.52,2024-01-18,2025-12-18,13,4.6,1,12,5,4,4,Champions,Active
C09894,Uttar Pradesh,North,14,80995.06,11940.05,2024-02-04,2025-10-12,80,3.7,2,18,3,5,4,Loyal,Active
C11726,Madhya Pradesh,Central,6,81001.39,9207.52,2025-03-13,2025-10-13,79,4.1,3,9,3,4,4,Loyal,Active
C11291,West Bengal,East,13,81073.22,718.63,2025-01-14,2025-12-06,25,4.9,0,19,4,5,4,Champions,Active
C02141,Uttar Pradesh,North,11,81188.27,-310.22,2024-10-16,2025-12-02,29,3.3,6,16,4,4,4,Champions,Active
C02032,Gujarat,West,11,81204.2,5440.42,2024-08-18,2025-11-27,34,3.3,3,16,4,4,4,Champions,Active
C03050,Karnataka,South,5,81221.99,-5829.68,2024-10-03,2025-11-27,34,2.4,3,7,4,3,4,Loyal,Active
C09105,Rajasthan,North,12,81238.45,16191.02,2024-08-09,2025-12-20,11,4.2,3,17,5,4,4,Champions,Active
C00448,Maharashtra,West,4,81249.98,4617.98,2025-02-19,2025-12-03,28,2.4,1,5,4,3,4,Loyal,Active
C08345,Kerala,South,15,81291.95,10330.69,2024-01-26,2025-09-10,112,3.7,4,21,2,5,4,At risk,Churned
C07106,Delhi,North,12,81394.96,8150.58,2024-09-12,2025-12-24,7,1.9,1,15,5,4,4,Champions,Active
C09362,Maharashtra,West,7,81544.25,-5658.57,2025-03-15,2025-12-01,30,2.3,3,14,4,4,4,Champions,Active
C11697,Kerala,South,21,81725.12,14657.15,2024-06-25,2025-10-06,86,3.5,2,27,3,5,4,Loyal,Active
C09319,Kerala,South,17,81726.19,12507.06,2024-05-21,2025-12-14,17,3.2,2,22,5,5,4,Champions,Active
C11672,Delhi,North,13,81738.26,8432.13,2024-07-14,2025-11-24,37,1.6,2,19,4,5,4,Champions,Active
C10240,West Bengal,East,10,81759.18,8106.13,2024-12-24,2025-05-21,224,5.1,3,11,2,4,4,At risk,Churned
C06037,Maharashtra,West,5,81759.67,-3950.52,2024-05-29,2025-05-08,237,2.6,2,9,2,3,4,At risk,Churned
C05610,Uttar Pradesh,North,8,81806.86,9764.78,2024-04-08,2025-12-24,7,3.3,1,15,5,4,4,Champions,Active
C00572,Gujarat,West,10,81826.15,-2258.78,2024-01-22,2024-11-30,396,3.1,1,12,1,4,4,At risk,Churned
C06751,Maharashtra,West,8,81833.74,-2613.57,2025-08-20,2025-12-20,11,2.5,0,11,5,4,4,Champions,Active
C00747,Karnataka,South,9,81905.63,9934.71,2024-02-24,2025-12-31,0,2.9,1,10,5,4,4,Champions,Active
C10584,Karnataka,South,4,81952.34,14444.23,2025-02-04,2025-09-25,97,1.9,2,8,3,3,4,Loyal,Churned
C04295,Uttar Pradesh,North,8,81958.24,3294.74,2024-02-03,2025-11-14,47,3.8,3,11,3,4,4,Loyal,Active
C04847,Rajasthan,North,10,81969.18,989.86,2024-03-17,2025-05-01,244,4.2,2,13,2,4,4,At risk,Churned
C00854,Gujarat,West,3,81974.16,12539.96,2024-06-12,2025-12-28,3,3.3,1,4,5,3,4,Loyal,Active
C07095,Karnataka,South,4,81980.42,10024.45,2025-03-14,2025-12-27,4,2.5,0,4,5,3,4,Loyal,Active
C01583,Madhya Pradesh,Central,13,82014.53,-219.15,2024-07-06,2025-11-28,33,3.7,2,18,4,5,4,Champions,Active
C08315,Assam,Northeast,6,82019.74,7944.01,2024-06-30,2025-02-09,325,7.6,2,10,1,4,4,At risk,Churned
C07578,Delhi,North,16,82027.71,10272.69,2024-05-15,2025-11-24,37,2.5,2,26,4,5,4,Champions,Active
C01008,Uttar Pradesh,North,12,82045.64,7476.58,2024-03-18,2025-12-31,0,3.2,2,18,5,4,4,Champions,Active
C00281,Karnataka,South,12,82125.72,7656.85,2025-01-15,2025-11-02,59,2.3,4,14,3,4,4,Loyal,Active
C09285,Karnataka,South,17,82146.36,10728.87,2024-06-20,2025-11-28,33,1.9,2,25,4,5,4,Champions,Active
C02067,Uttar Pradesh,North,14,82159.2,5319.41,2024-07-24,2025-10-24,68,2.9,5,22,3,5,4,Loyal,Active
C11903,Rajasthan,North,10,82162.84,7607.5,2024-11-08,2025-12-29,2,3.9,0,13,5,4,4,Champions,Active
C09888,Tamil Nadu,South,4,82182.12,358.22,2024-10-27,2025-06-11,203,4.0,0,5,2,3,4,At risk,Churned
C04669,Delhi,North,9,82206.08,11591.13,2024-06-25,2025-11-24,37,1.7,6,12,4,4,4,Champions,Active
C07070,Bihar,East,14,82257.16,13036.19,2024-06-25,2025-11-22,39,6.4,1,22,4,5,4,Champions,Active
C07326,Karnataka,South,13,82291.94,-34815.82,2025-02-28,2025-12-23,8,2.2,0,14,5,5,4,Champions,Active
C06737,Maharashtra,West,4,82347.48,6893.66,2025-01-14,2025-08-14,139,2.8,0,4,2,3,4,At risk,Churned
C04528,Rajasthan,North,12,82354.45,7134.52,2024-10-07,2025-12-31,0,4.1,3,16,5,4,4,Champions,Active
C00120,Delhi,North,21,82420.53,18085.73,2024-06-30,2025-11-11,50,2.3,3,36,3,5,4,Loyal,Active
C05871,Madhya Pradesh,Central,12,82435.08,10385.6,2024-03-20,2025-06-08,206,4.0,2,20,2,4,4,At risk,Churned
C06105,Karnataka,South,18,82461.02,1312.36,2024-01-31,2025-12-18,13,3.1,3,22,5,5,4,Champions,Active
C05316,Odisha,East,8,82487.03,2062.88,2024-07-25,2025-11-16,45,6.2,1,11,4,4,4,Champions,Active
C10516,Telangana,South,16,82500.18,-3437.44,2024-02-06,2025-10-06,86,2.2,2,21,3,5,4,Loyal,Active
C03382,Delhi,North,10,82515.8,8726.87,2024-01-16,2025-12-15,16,2.3,4,18,5,4,4,Champions,Active
C02027,Karnataka,South,3,82544.22,5463.18,2025-01-26,2025-07-16,168,2.3,0,4,2,3,4,At risk,Churned
C11089,Telangana,South,6,82574.16,287.65,2024-06-23,2025-10-26,66,2.5,0,8,3,4,4,Loyal,Active
C02095,Maharashtra,West,16,82593.59,20097.96,2024-08-05,2025-12-29,2,2.2,1,20,5,5,4,Champions,Active
C02719,Maharashtra,West,5,82672.86,9316.57,2024-04-26,2025-10-25,67,2.2,0,6,3,3,4,Loyal,Active
C00919,Karnataka,South,3,82678.63,8723.06,2024-11-25,2025-10-08,84,2.8,1,5,3,3,4,Loyal,Active
C09318,Maharashtra,West,19,82682.79,9893.12,2025-05-12,2025-12-25,6,2.7,5,27,5,5,4,Champions,Active
C03597,Maharashtra,West,15,82699.06,13769.68,2024-02-04,2025-12-06,25,2.3,1,22,4,5,4,Champions,Active
C00239,Uttar Pradesh,North,10,82730.6,1890.33,2024-11-07,2025-12-07,24,3.2,2,15,4,4,4,Champions,Active
C01485,Uttar Pradesh,North,10,82750.28,7295.91,2024-06-18,2025-06-17,197,3.4,1,11,2,4,4,At risk,Churned
C00569,Delhi,North,9,82750.61,-3646.31,2025-01-01,2025-12-27,4,1.9,3,12,5,4,4,Champions,Active
C02313,Tamil Nadu,South,7,82765.0,9569.23,2024-08-15,2024-12-21,375,3.4,2,10,1,4,4,At risk,Churned
C09235,West Bengal,East,8,82793.48,3390.96,2024-09-22,2025-11-07,54,5.8,1,12,3,4,4,Loyal,Active
C01074,West Bengal,East,8,82806.66,-2439.39,2024-05-25,2025-12-03,28,5.5,0,11,4,4,4,Champions,Active
C01874,West Bengal,East,8,82857.48,3133.95,2025-03-09,2025-12-04,27,4.4,3,16,4,4,4,Champions,Active
C10191,Maharashtra,West,24,82882.36,23139.89,2024-05-11,2025-10-06,86,2.4,4,31,3,5,4,Loyal,Active
C07209,Odisha,East,8,82913.48,9634.61,2024-10-18,2025-06-09,205,5.4,0,9,2,4,4,At risk,Churned
C04293,Delhi,North,7,82958.54,9856.03,2024-10-14,2025-10-22,70,1.9,3,9,3,4,4,Loyal,Active
C11209,West Bengal,East,8,82969.93,8743.65,2025-07-21,2025-12-29,2,5.3,1,12,5,4,4,Champions,Active
C03264,Maharashtra,West,13,83031.48,14166.39,2024-03-11,2025-07-21,163,3.0,1,20,2,5,4,At risk,Churned
C05707,Telangana,South,8,83129.23,5712.63,2025-03-09,2025-12-21,10,2.5,1,13,5,4,4,Champions,Active
C02506,Gujarat,West,13,83194.13,-7224.36,2024-11-17,2025-10-18,74,2.9,4,16,3,5,4,Loyal,Active
C11136,Telangana,South,8,83208.53,11110.04,2025-02-05,2025-12-25,6,2.2,4,13,5,4,4,Champions,Active
C04278,Karnataka,South,8,83232.3,253.65,2025-02-17,2025-12-31,0,2.4,1,14,5,4,4,Champions,Active
C08052,Delhi,North,5,83270.51,3610.02,2024-01-27,2024-11-14,412,2.8,0,11,1,3,4,At risk,Churned
C07103,Maharashtra,West,16,83318.57,-4507.88,2024-10-09,2025-11-03,58,2.3,2,24,3,5,4,Loyal,Active
C01146,Uttar Pradesh,North,12,83326.36,13920.41,2024-10-10,2025-12-24,7,3.2,0,16,5,4,4,Champions,Active
C08047,Maharashtra,West,7,83338.34,-24945.33,2024-06-17,2025-07-20,164,3.1,0,9,2,4,4,At risk,Churned
C05096,Gujarat,West,18,83347.1,11152.31,2024-02-28,2025-11-18,43,2.8,3,22,4,5,4,Champions,Active
C09882,Gujarat,West,12,83368.11,10159.86,2024-08-23,2025-07-13,171,3.1,0,17,2,4,4,At risk,Churned
C02551,Gujarat,West,9,83402.76,14352.46,2024-11-23,2025-11-08,53,2.8,1,13,3,4,4,Loyal,Active
C06122,Uttar Pradesh,North,16,83433.11,17425.92,2024-06-04,2025-12-30,1,3.8,0,20,5,5,4,Champions,Active
C03349,Karnataka,South,11,83452.16,16696.57,2024-12-07,2025-11-28,33,2.0,5,15,4,4,4,Champions,Active
C03390,Gujarat,West,7,83460.47,6714.9,2025-01-13,2025-12-01,30,2.3,4,12,4,4,4,Champions,Active
C08015,Uttar Pradesh,North,7,83483.49,10199.43,2025-01-23,2025-10-25,67,4.3,1,8,3,4,4,Loyal,Active
C04807,Maharashtra,West,17,83602.17,-2756.72,2025-06-22,2025-12-31,0,2.6,3,23,5,5,4,Champions,Active
C06598,Tamil Nadu,South,12,83642.55,5789.08,2024-07-11,2025-11-11,50,2.7,1,14,3,4,4,Loyal,Active
C04882,Gujarat,West,11,83657.46,5848.44,2024-10-19,2025-11-10,51,3.0,2,15,3,4,4,Loyal,Active
C08287,Tamil Nadu,South,12,83680.96,379.61,2025-06-03,2025-10-28,64,3.1,0,13,3,4,4,Loyal,Active
C06010,West Bengal,East,5,83697.05,9013.93,2025-04-26,2025-12-30,1,4.6,1,7,5,3,4,Loyal,Active
C03682,Gujarat,West,8,83711.85,502.2,2024-08-13,2025-12-05,26,3.5,1,11,4,4,4,Champions,Active
C11848,Tamil Nadu,South,5,83717.75,4240.8,2024-09-20,2025-11-09,52,3.0,1,6,3,3,4,Loyal,Active
C01991,Tamil Nadu,South,6,83731.92,6510.22,2024-02-28,2025-12-17,14,2.6,0,10,5,4,4,Champions,Active
C09902,Uttar Pradesh,North,10,83748.81,-4714.93,2024-02-06,2025-08-26,127,3.7,0,14,2,4,4,At risk,Churned
C00185,Delhi,North,10,83754.26,11597.88,2024-03-20,2025-05-08,237,1.9,3,14,2,4,4,At risk,Churned
C00635,Telangana,South,3,83754.85,2360.4,2025-04-22,2025-12-04,27,2.3,0,3,4,3,4,Loyal,Active
C08961,Kerala,South,4,83806.86,4140.8,2024-12-12,2025-12-17,14,3.6,1,7,5,3,4,Loyal,Active
C06915,Maharashtra,West,8,83808.79,2057.33,2024-04-03,2025-10-15,77,3.4,0,13,3,4,4,Loyal,Active
C00282,West Bengal,East,23,83837.98,15776.45,2024-11-11,2025-11-02,59,4.9,5,27,3,5,4,Loyal,Active
C04819,Karnataka,South,13,83841.49,-14663.7,2024-04-20,2025-11-09,52,2.8,3,17,3,5,4,Loyal,Active
C02764,Tamil Nadu,South,9,83914.83,14885.3,2025-07-28,2025-12-29,2,2.3,3,14,5,4,4,Champions,Active
C10282,Odisha,East,9,83983.1,-929.49,2024-11-22,2025-12-17,14,5.5,0,11,5,4,4,Champions,Active
C06848,Kerala,South,8,84031.87,-10667.6,2024-03-17,2025-03-22,284,3.2,1,11,1,4,4,At risk,Churned
C04731,Kerala,South,13,84064.17,15112.92,2024-04-20,2025-11-08,53,3.9,0,20,3,5,4,Loyal,Active
C11703,Rajasthan,North,8,84066.67,11556.63,2025-04-21,2025-11-15,46,3.7,1,12,4,4,4,Champions,Active
C05675,Rajasthan,North,9,84070.78,-4448.35,2024-06-27,2025-11-23,38,2.9,0,11,4,4,4,Champions,Active
C05837,Delhi,North,7,84134.09,-3668.56,2025-05-23,2025-12-14,17,2.7,3,12,5,4,4,Champions,Active
C09957,Delhi,North,7,84230.81,-22234.04,2025-02-04,2025-12-15,16,1.7,2,12,5,4,4,Champions,Active
C11880,Telangana,South,9,84300.72,-5366.16,2025-05-26,2025-12-04,27,2.2,0,17,4,4,4,Champions,Active
C05979,Kerala,South,5,84323.92,-225.7,2025-09-02,2025-12-13,18,3.0,2,7,4,3,4,Loyal,Active
C08581,Tamil Nadu,South,14,84342.29,22452.08,2025-01-26,2025-12-14,17,2.9,3,24,5,5,4,Champions,Active
C00822,Karnataka,South,12,84374.65,9321.13,2024-09-20,2025-05-02,243,2.3,4,16,2,4,4,At risk,Churned
C07097,Delhi,North,5,84460.14,1825.54,2024-10-23,2025-10-26,66,2.4,2,8,3,3,4,Loyal,Active
C03170,Kerala,South,23,84605.7,14496.25,2024-05-29,2025-12-26,5,3.8,2,30,5,5,4,Champions,Active
C00895,Rajasthan,North,15,84647.73,12862.43,2024-09-23,2025-11-09,52,3.4,1,18,3,5,4,Loyal,Active
C03081,Karnataka,South,7,84763.62,-3896.13,2024-10-05,2025-09-25,97,3.1,0,11,3,4,4,Loyal,Churned
C02432,Karnataka,South,4,84872.25,1397.43,2024-01-12,2025-08-29,124,3.0,0,4,2,3,4,At risk,Churned
C01585,Gujarat,West,8,84900.16,-11545.76,2024-08-29,2025-10-21,71,3.7,1,10,3,4,4,Loyal,Active
C06713,Maharashtra,West,16,84997.56,5118.5,2024-03-25,2025-12-17,14,2.1,0,19,5,5,4,Champions,Active
C10571,Tamil Nadu,South,2,85055.49,5203.55,2025-10-08,2025-10-28,64,3.6,0,5,3,2,4,Low value / lost,Active
C06951,Maharashtra,West,4,85056.65,-5715.77,2024-05-09,2024-12-16,380,2.9,0,7,1,3,4,At risk,Churned
C00947,Kerala,South,17,85071.18,18453.47,2024-01-26,2024-11-03,423,3.8,4,26,1,5,4,At risk,Churned
C08106,Madhya Pradesh,Central,5,85108.19,9249.17,2024-08-14,2024-09-24,463,4.0,4,8,1,3,4,At risk,Churned
C03173,Uttar Pradesh,North,6,85134.15,7991.13,2024-03-04,2025-03-24,282,3.7,3,12,1,4,4,At risk,Churned
C00413,Rajasthan,North,6,85331.33,12825.64,2024-10-10,2025-07-15,169,4.6,1,9,2,4,4,At risk,Churned
C09149,Rajasthan,North,10,85332.16,17146.37,2025-01-16,2025-12-05,26,3.9,3,14,4,4,4,Champions,Active
C03633,Maharashtra,West,12,85381.77,4329.54,2024-09-28,2025-12-23,8,1.7,3,17,5,4,4,Champions,Active
C00839,Delhi,North,6,85388.4,10781.11,2025-09-21,2025-12-03,28,2.9,2,10,4,4,4,Champions,Active
C00371,Rajasthan,North,2,85420.87,9874.24,2024-06-07,2024-06-28,551,5.0,1,4,1,2,4,Low value / lost,Churned
C04362,Telangana,South,6,85426.19,7989.15,2025-01-29,2025-11-06,55,2.7,3,6,3,4,4,Loyal,Active
C09412,Karnataka,South,5,85431.68,12028.12,2025-03-15,2025-12-09,22,2.8,3,9,4,3,4,Loyal,Active
C06970,Madhya Pradesh,Central,12,85455.65,-13042.96,2024-07-03,2025-11-13,48,3.9,2,17,3,4,4,Loyal,Active
C10991,West Bengal,East,10,85461.4,11094.92,2024-08-23,2025-12-04,27,5.0,0,11,4,4,4,Champions,Active
C09745,West Bengal,East,15,85485.0,8274.02,2024-03-09,2025-03-22,284,4.6,2,18,1,5,4,At risk,Churned
C07677,Delhi,North,8,85549.04,5093.93,2024-07-08,2025-11-05,56,2.0,0,9,3,4,4,Loyal,Active
C00216,Gujarat,West,11,85561.5,-8691.63,2024-07-14,2025-10-01,91,3.0,3,15,3,4,4,Loyal,Churned
C06594,Rajasthan,North,8,85577.86,-11525.55,2024-01-25,2024-09-04,483,3.9,0,8,1,4,4,At risk,Churned
C05075,Tamil Nadu,South,9,85639.05,11148.66,2024-05-12,2025-12-19,12,2.8,6,13,5,4,4,Champions,Active
C00332,Maharashtra,West,7,85683.27,5347.91,2024-01-08,2024-12-30,366,2.8,2,8,1,4,4,At risk,Churned
C07787,Gujarat,West,17,85734.11,7147.81,2024-12-01,2025-12-28,3,3.0,3,22,5,5,4,Champions,Active
C01907,Karnataka,South,8,85739.21,2134.73,2024-08-30,2025-12-15,16,2.3,2,11,5,4,4,Champions,Active
C03629,Maharashtra,West,15,85746.77,11774.98,2024-04-29,2025-12-09,22,1.8,3,20,4,5,4,Champions,Active
C11444,Odisha,East,6,85765.16,-2599.52,2025-02-15,2025-12-27,4,6.4,2,7,5,4,4,Champions,Active
C02266,Kerala,South,15,85767.65,16278.51,2025-04-04,2025-12-23,8,3.3,5,19,5,5,4,Champions,Active
C09263,Uttar Pradesh,North,8,85809.87,-3217.26,2024-01-29,2025-12-14,17,3.1,2,10,5,4,4,Champions,Active
C09907,Gujarat,West,7,85837.91,6933.42,2024-12-22,2025-11-08,53,3.3,0,10,3,4,4,Loyal,Active
C10287,Bihar,East,5,85853.8,8845.11,2025-04-15,2025-12-16,15,6.3,0,7,5,3,4,Loyal,Active
C01001,Bihar,East,6,85888.52,8714.06,2025-02-06,2025-12-02,29,6.7,0,10,4,4,4,Champions,Active
C10816,Maharashtra,West,7,85903.6,10838.38,2025-07-20,2025-11-28,33,2.9,3,13,4,4,4,Champions,Active
C04017,Maharashtra,West,4,85991.08,11968.09,2024-05-10,2025-05-27,218,3.5,0,4,2,3,4,At risk,Churned
C05915,Maharashtra,West,10,85996.8,-3809.06,2025-02-08,2025-12-20,11,2.1,3,16,5,4,4,Champions,Active
C11941,Delhi,North,10,86059.99,11018.87,2024-11-19,2025-12-26,5,1.7,2,12,5,4,4,Champions,Active
C06288,West Bengal,East,7,86082.36,11414.7,2025-01-04,2025-10-02,90,5.2,0,10,3,4,4,Loyal,Active
C11410,Uttar Pradesh,North,17,86090.79,-5708.22,2024-05-24,2025-12-16,15,3.1,1,28,5,5,4,Champions,Active
C07101,Kerala,South,5,86124.87,13185.11,2024-11-09,2025-12-08,23,3.0,0,6,4,3,4,Loyal,Active
C02019,Uttar Pradesh,North,7,86175.98,10425.97,2024-08-06,2025-12-28,3,2.9,0,12,5,4,4,Champions,Active
C06585,West Bengal,East,6,86214.5,9489.87,2024-05-28,2025-02-05,329,4.1,2,8,1,4,4,At risk,Churned
C11093,Uttar Pradesh,North,9,86330.04,5228.31,2024-08-09,2025-12-31,0,3.5,1,13,5,4,4,Champions,Active
C04213,Tamil Nadu,South,9,86489.76,5908.32,2024-05-16,2025-08-29,124,3.0,2,12,2,4,4,At risk,Churned
C03559,Tamil Nadu,South,15,86653.09,7299.88,2024-03-11,2024-12-15,381,3.0,0,22,1,5,4,At risk,Churned
C11504,Maharashtra,West,13,86667.89,12217.21,2024-10-11,2025-12-10,21,3.0,1,19,4,5,4,Champions,Active
C06610,Madhya Pradesh,Central,10,86700.94,116.65,2024-08-28,2025-11-18,43,3.9,1,15,4,4,4,Champions,Active
C01815,Karnataka,South,4,86734.92,4542.07,2024-02-09,2025-02-24,310,2.5,0,4,1,3,4,At risk,Churned
C01739,Maharashtra,West,14,86801.83,11858.27,2024-01-18,2025-11-06,55,3.4,1,17,3,5,4,Loyal,Active
C05493,Telangana,South,15,86883.46,4664.48,2025-01-09,2025-12-30,1,2.1,2,19,5,5,4,Champions,Active
C01618,Madhya Pradesh,Central,5,86946.03,4533.13,2025-03-25,2025-09-23,99,3.6,3,9,3,3,4,Loyal,Churned
C10501,West Bengal,East,4,86997.77,970.83,2025-09-05,2025-12-27,4,4.3,0,4,5,3,4,Loyal,Active
C11937,Tamil Nadu,South,8,87002.6,9328.42,2024-03-30,2025-12-11,20,3.1,1,9,4,4,4,Champions,Active
C01135,Maharashtra,West,17,87007.32,16243.51,2024-04-28,2025-12-16,15,2.3,4,26,5,5,4,Champions,Active
C09050,Telangana,South,4,87097.44,-10931.77,2024-03-02,2024-08-10,508,2.0,0,5,1,3,4,At risk,Churned
C01695,Uttar Pradesh,North,10,87116.38,6769.13,2024-05-24,2025-07-17,167,3.3,1,12,2,4,4,At risk,Churned
C00107,Maharashtra,West,8,87140.41,2987.04,2025-06-04,2025-12-26,5,2.2,2,12,5,4,4,Champions,Active
C09654,Telangana,South,13,87167.01,13668.1,2025-01-31,2025-12-18,13,3.1,5,19,5,5,4,Champions,Active
C02770,Assam,Northeast,17,87210.23,-6877.6,2024-02-17,2024-08-23,495,7.3,2,27,1,5,4,At risk,Churned
C09522,Karnataka,South,11,87231.95,3503.03,2024-01-18,2025-08-24,129,2.9,4,16,2,4,4,At risk,Churned
C10125,Karnataka,South,8,87248.46,9739.1,2024-09-28,2025-04-01,274,3.1,1,10,2,4,4,At risk,Churned
C07382,Maharashtra,West,11,87319.57,3740.82,2024-07-12,2025-11-22,39,3.1,1,17,4,4,4,Champions,Active
C08873,Uttar Pradesh,North,5,87329.94,-2302.88,2024-08-13,2024-10-13,444,3.3,1,7,1,3,4,At risk,Churned
C08525,Gujarat,West,7,87337.27,11098.52,2025-08-09,2025-11-12,49,2.9,1,13,3,4,4,Loyal,Active
C08609,Odisha,East,8,87386.32,5115.92,2024-08-28,2024-11-11,415,6.0,1,13,1,4,4,At risk,Churned
C08972,Tamil Nadu,South,4,87437.61,11932.17,2024-10-09,2025-11-14,47,3.4,0,5,3,3,4,Loyal,Active
C11932,Telangana,South,7,87472.41,3255.44,2025-01-14,2025-12-23,8,2.6,1,11,5,4,4,Champions,Active
C05056,Kerala,South,7,87473.11,7919.79,2024-05-18,2025-07-04,180,4.6,2,8,2,4,4,At risk,Churned
C00074,Kerala,South,9,87491.37,24050.92,2024-05-30,2025-12-30,1,3.8,1,13,5,4,4,Champions,Active
C11233,Telangana,South,8,87528.92,10040.49,2025-05-08,2025-09-07,115,2.2,1,11,2,4,4,At risk,Churned
C00439,Uttar Pradesh,North,11,87550.53,11512.97,2025-01-29,2025-12-17,14,3.7,0,13,5,4,4,Champions,Active
C04279,Rajasthan,North,14,87664.69,7531.98,2024-10-26,2025-12-03,28,3.9,3,16,4,5,4,Champions,Active
C11409,Tamil Nadu,South,5,87665.62,5051.9,2024-10-05,2025-05-10,235,3.4,0,5,2,3,4,At risk,Churned
C10273,Karnataka,South,30,87680.56,13473.17,2024-09-24,2025-12-31,0,2.2,6,42,5,5,4,Champions,Active
C07464,Rajasthan,North,14,87734.44,7806.34,2024-10-14,2025-12-16,15,4.5,1,20,5,5,4,Champions,Active
C11800,Telangana,South,6,87744.02,11926.1,2024-04-14,2024-06-22,557,2.0,0,6,1,4,4,At risk,Churned
C02332,Rajasthan,North,5,87759.41,2592.3,2025-05-17,2025-11-25,36,3.8,2,6,4,3,4,Loyal,Active
C00274,West Bengal,East,8,87764.75,9391.15,2024-09-24,2025-09-28,94,5.1,0,9,3,4,4,Loyal,Churned
C10845,Gujarat,West,4,87774.68,12629.46,2025-05-02,2025-08-19,134,2.5,2,4,2,3,4,At risk,Churned
C07996,Karnataka,South,7,87777.07,10092.9,2024-08-02,2024-10-20,437,2.5,0,11,1,4,4,At risk,Churned
C10833,West Bengal,East,12,87940.39,-7984.14,2025-01-31,2025-12-26,5,4.7,2,19,5,4,4,Champions,Active
C03191,Maharashtra,West,9,87942.66,3603.21,2024-08-27,2025-10-19,73,2.2,5,13,3,4,4,Loyal,Active
C04779,Odisha,East,15,87957.41,16436.54,2024-05-23,2025-10-28,64,5.5,1,24,3,5,4,Loyal,Active
C04083,Telangana,South,8,88007.96,1711.47,2024-11-04,2025-12-11,20,2.6,4,13,4,4,4,Champions,Active
C03862,Gujarat,West,17,88015.31,19813.31,2025-01-19,2025-12-26,5,3.2,6,25,5,5,4,Champions,Active
C06061,West Bengal,East,12,88047.73,8171.08,2024-09-02,2025-12-22,9,4.9,1,17,5,4,4,Champions,Active
C00708,West Bengal,East,8,88114.93,1702.81,2024-08-28,2025-12-17,14,5.1,1,8,5,4,4,Champions,Active
C00300,Karnataka,South,7,88129.68,-13467.46,2025-03-06,2025-12-22,9,2.5,1,10,5,4,4,Champions,Active
C08997,Karnataka,South,5,88138.92,-201.77,2024-07-26,2024-12-16,380,1.8,1,6,1,3,4,At risk,Churned
C00486,Madhya Pradesh,Central,12,88221.63,5702.9,2024-11-05,2025-11-20,41,3.9,0,18,4,4,4,Champions,Active
C00733,Delhi,North,19,88260.92,9227.87,2024-03-01,2025-10-10,82,2.0,3,29,3,5,4,Loyal,Active
C05438,Rajasthan,North,11,88291.75,1520.24,2024-07-03,2025-05-20,225,3.4,0,14,2,4,4,At risk,Churned
C04563,Kerala,South,8,88417.95,-2478.21,2025-08-07,2025-12-13,18,3.1,1,13,4,4,4,Champions,Active
C05835,Kerala,South,9,88439.73,-6454.76,2024-03-13,2025-07-21,163,2.9,3,13,2,4,4,At risk,Churned
C10486,Gujarat,West,12,88455.93,-6388.22,2024-10-30,2025-12-25,6,3.0,1,17,5,4,4,Champions,Active
C10664,Tamil Nadu,South,2,88475.96,660.17,2024-08-15,2025-08-27,126,2.0,0,2,2,2,4,Low value / lost,Churned
C02149,Rajasthan,North,4,88489.71,9823.63,2025-02-28,2025-07-15,169,4.0,1,6,2,3,4,At risk,Churned
C00206,Madhya Pradesh,Central,4,88558.72,-138.47,2025-09-09,2025-10-20,72,3.6,0,5,3,3,4,Loyal,Active
C00082,Gujarat,West,13,88634.17,2806.63,2024-12-05,2025-10-30,62,2.8,3,22,3,5,4,Loyal,Active
C07860,Tamil Nadu,South,12,88681.22,9698.92,2024-05-10,2025-12-26,5,2.9,2,16,5,4,4,Champions,Active
C08884,Maharashtra,West,6,88696.39,4945.79,2025-04-26,2025-12-24,7,2.5,0,8,5,4,4,Champions,Active
C06364,Delhi,North,4,88829.11,5369.34,2025-06-15,2025-12-05,26,1.8,2,6,4,3,4,Loyal,Active
C05674,Bihar,East,15,88845.42,4717.73,2024-06-08,2024-12-26,370,6.6,2,23,1,5,4,At risk,Churned
C04904,Uttar Pradesh,North,10,88959.17,-6240.14,2024-04-10,2025-12-07,24,3.2,5,17,4,4,4,Champions,Active
C08176,Maharashtra,West,15,89001.65,-6046.51,2024-04-01,2025-11-28,33,3.2,2,20,4,5,4,Champions,Active
C08020,Karnataka,South,11,89040.35,13985.84,2025-04-12,2025-12-16,15,2.3,0,12,5,4,4,Champions,Active
C01132,Uttar Pradesh,North,7,89085.94,-442.81,2024-12-10,2025-11-09,52,3.2,1,11,3,4,4,Loyal,Active
C08132,Uttar Pradesh,North,9,89117.56,12067.08,2025-08-01,2025-12-22,9,4.2,0,11,5,4,4,Champions,Active
C04743,Maharashtra,West,8,89122.18,13083.21,2025-08-27,2025-12-29,2,2.6,1,16,5,4,4,Champions,Active
C10615,Telangana,South,3,89157.39,-1337.51,2025-04-26,2025-09-28,94,3.5,0,4,3,3,4,Loyal,Churned
C11871,Karnataka,South,3,89195.07,-4189.43,2025-07-18,2025-11-01,60,2.3,0,4,3,3,4,Loyal,Active
C09223,Maharashtra,West,19,89197.46,-8008.55,2024-01-17,2025-12-20,11,2.6,0,21,5,5,4,Champions,Active
C09783,Delhi,North,12,89257.5,2519.4,2025-07-14,2025-12-13,18,2.3,1,14,4,4,4,Champions,Active
C10623,Gujarat,West,13,89259.9,5709.68,2024-06-01,2025-11-29,32,3.0,1,18,4,5,4,Champions,Active
C05996,Maharashtra,West,5,89289.14,3659.67,2024-08-22,2025-10-06,86,2.0,4,10,3,3,4,Loyal,Active
C03015,Bihar,East,5,89317.13,2915.71,2025-04-18,2025-12-19,12,6.6,1,5,5,3,4,Loyal,Active
C05342,Telangana,South,19,89467.5,19556.63,2024-01-02,2024-08-19,499,2.8,1,20,1,5,4,At risk,Churned
C11682,Uttar Pradesh,North,13,89488.19,7594.49,2024-09-05,2025-11-30,31,2.9,0,20,4,5,4,Champions,Active
C01248,Madhya Pradesh,Central,11,89495.9,-3360.87,2025-06-20,2025-12-18,13,4.0,1,16,5,4,4,Champions,Active
C06895,Telangana,South,6,89515.94,4684.47,2025-03-24,2025-10-26,66,3.0,1,8,3,4,4,Loyal,Active
C03291,Karnataka,South,5,89543.79,7001.4,2024-09-05,2025-05-17,228,2.6,0,10,2,3,4,At risk,Churned
C02999,Karnataka,South,16,89571.7,13353.03,2024-10-08,2025-12-05,26,2.2,3,21,4,5,4,Champions,Active
C07560,Delhi,North,11,89615.97,7744.73,2025-01-17,2025-12-31,0,1.9,2,15,5,4,4,Champions,Active
C04221,Uttar Pradesh,North,14,89634.63,11961.89,2024-07-05,2025-10-10,82,3.5,1,19,3,5,4,Loyal,Active
C07665,Delhi,North,25,89644.45,14498.31,2024-11-14,2025-12-28,3,2.3,3,37,5,5,4,Champions,Active
C09001,West Bengal,East,5,89707.45,256.81,2024-06-05,2025-09-24,98,5.8,1,8,3,3,4,Loyal,Churned
C00746,Kerala,South,13,89730.96,14128.84,2024-06-22,2025-12-08,23,3.7,0,19,4,5,4,Champions,Active
C09032,Rajasthan,North,7,89764.41,8718.5,2025-08-31,2025-12-27,4,3.7,2,11,5,4,4,Champions,Active
C05564,Delhi,North,4,89794.38,1417.73,2025-02-25,2025-12-23,8,3.3,0,8,5,3,4,Loyal,Active
C05378,West Bengal,East,17,89806.8,10623.75,2024-11-09,2025-12-20,11,4.0,1,23,5,5,4,Champions,Active
C04952,Uttar Pradesh,North,5,89840.63,5964.34,2024-03-21,2024-12-06,390,4.2,0,5,1,3,4,At risk,Churned
C00451,Tamil Nadu,South,10,89856.34,9518.73,2025-04-13,2025-12-23,8,3.1,0,12,5,4,4,Champions,Active
C11171,Maharashtra,West,15,89860.26,10646.93,2024-02-21,2024-10-02,455,2.5,1,18,1,5,4,At risk,Churned
C05635,Odisha,East,4,89893.65,-4640.89,2024-05-03,2024-12-07,389,6.9,1,7,1,3,4,At risk,Churned
C00292,Karnataka,South,7,89896.01,12372.85,2025-03-17,2025-12-13,18,3.0,1,9,4,4,4,Champions,Active
C11828,Kerala,South,4,89924.29,858.25,2025-06-09,2025-08-27,126,3.0,0,8,2,3,4,At risk,Churned
C09022,Kerala,South,10,89941.4,2523.46,2024-06-13,2025-11-10,51,3.4,0,11,3,4,4,Loyal,Active
C10928,Telangana,South,10,89944.72,7815.16,2024-05-23,2025-06-25,189,2.4,1,14,2,4,4,At risk,Churned
C02656,Gujarat,West,11,89993.38,13879.43,2024-12-07,2025-11-29,32,3.0,3,17,4,4,4,Champions,Active
C06748,Telangana,South,15,90124.09,12265.8,2024-08-15,2025-11-26,35,2.1,4,21,4,5,4,Champions,Active
C01655,Telangana,South,6,90135.89,10110.34,2025-03-12,2025-12-01,30,2.9,1,9,4,4,4,Champions,Active
C08994,Maharashtra,West,10,90222.06,-29353.19,2025-03-09,2025-11-21,40,2.5,3,13,4,4,4,Champions,Active
C01359,Telangana,South,5,90300.76,4450.99,2024-11-08,2025-12-25,6,2.6,1,5,5,3,4,Loyal,Active
C07781,West Bengal,East,15,90303.94,14788.26,2024-07-01,2025-12-16,15,5.0,4,21,5,5,4,Champions,Active
C08551,Tamil Nadu,South,9,90306.63,-5210.95,2025-01-30,2025-11-13,48,3.5,1,13,3,4,4,Loyal,Active
C09474,Gujarat,West,10,90312.74,1823.64,2024-12-14,2025-12-26,5,2.9,0,11,5,4,4,Champions,Active
C04595,Uttar Pradesh,North,7,90362.34,10042.75,2024-11-29,2025-07-06,178,4.2,3,9,2,4,4,At risk,Churned
C06435,Uttar Pradesh,North,6,90410.61,1546.31,2025-05-07,2025-12-21,10,3.1,0,9,5,4,4,Champions,Active
C07852,Bihar,East,13,90452.03,4183.72,2024-03-13,2025-12-22,9,6.6,1,20,5,5,4,Champions,Active
C10392,Tamil Nadu,South,10,90555.98,-2857.1,2024-03-18,2025-08-03,150,2.9,6,15,2,4,4,At risk,Churned
C08925,Delhi,North,6,90628.11,-8470.5,2024-12-25,2025-11-09,52,1.9,2,8,3,4,4,Loyal,Active
C05758,Bihar,East,20,90645.94,5887.24,2024-09-07,2025-11-22,39,6.6,3,30,4,5,4,Champions,Active
C07895,Karnataka,South,13,90665.35,18154.64,2024-12-28,2025-12-24,7,3.0,3,20,5,5,4,Champions,Active
C09082,Assam,Northeast,7,90678.76,-2053.3,2024-07-31,2025-11-16,45,7.5,2,10,4,4,4,Champions,Active
C08073,Gujarat,West,14,90682.87,5122.63,2024-09-21,2025-12-11,20,3.2,1,25,4,5,4,Champions,Active
C01775,Maharashtra,West,4,90771.17,8513.53,2024-11-12,2025-10-23,69,1.6,2,5,3,3,4,Loyal,Active
C08125,Maharashtra,West,9,90812.71,-5769.72,2024-03-07,2024-08-08,510,2.5,2,11,1,4,4,At risk,Churned
C02248,Karnataka,South,10,90892.29,15747.21,2024-04-11,2025-12-09,22,2.5,0,11,4,4,4,Champions,Active
C05866,Gujarat,West,6,90898.95,6805.43,2024-06-11,2025-10-02,90,3.2,0,6,3,4,4,Loyal,Active
C00640,Karnataka,South,13,90901.35,11811.18,2024-03-16,2025-08-05,148,2.7,2,21,2,5,4,At risk,Churned
C10529,Tamil Nadu,South,10,91049.3,6702.53,2025-04-09,2025-10-31,61,2.6,3,15,3,4,4,Loyal,Active
C05488,Tamil Nadu,South,13,91085.22,-5702.59,2025-03-09,2025-12-02,29,3.1,6,17,4,5,4,Champions,Active
C03965,Maharashtra,West,9,91227.52,16496.58,2024-02-18,2025-12-31,0,2.1,1,12,5,4,4,Champions,Active
C00196,Telangana,South,14,91250.61,11072.67,2024-12-07,2025-12-24,7,3.0,5,20,5,5,4,Champions,Active
C02895,Telangana,South,11,91254.07,11259.01,2024-01-05,2025-09-20,102,2.6,1,17,3,4,4,Loyal,Churned
C04003,West Bengal,East,15,91386.71,14673.06,2024-03-16,2025-11-13,48,5.3,1,16,3,5,4,Loyal,Active
C08957,Maharashtra,West,12,91500.33,-20688.57,2025-06-14,2025-12-05,26,1.6,2,16,4,4,4,Champions,Active
C09349,Maharashtra,West,17,91570.8,4436.89,2024-11-01,2025-12-29,2,2.5,2,22,5,5,4,Champions,Active
C10912,Delhi,North,13,91624.01,4410.39,2024-12-22,2025-12-26,5,1.8,5,20,5,5,4,Champions,Active
C00724,Gujarat,West,10,91713.0,-21.63,2024-03-07,2025-08-08,145,3.1,3,12,2,4,4,At risk,Churned
C10046,Delhi,North,3,91720.21,14045.99,2024-11-13,2025-08-29,124,1.3,1,4,2,3,4,At risk,Churned
C01368,Telangana,South,5,91725.65,982.41,2024-10-15,2025-11-23,38,2.4,0,12,4,3,4,Loyal,Active
C01150,Karnataka,South,13,91773.77,8609.17,2024-04-24,2024-12-01,395,2.4,1,17,1,5,4,At risk,Churned
C03275,Gujarat,West,3,91800.32,-25566.54,2025-05-23,2025-09-22,100,2.5,0,4,3,3,4,Loyal,Churned
C05911,Delhi,North,5,91812.44,-986.72,2025-04-25,2025-11-19,42,1.2,1,9,4,3,4,Loyal,Active
C01396,Kerala,South,18,91866.55,15427.43,2024-06-08,2025-12-13,18,3.7,4,27,4,5,4,Champions,Active
C01628,Rajasthan,North,5,91968.61,-1300.63,2025-04-09,2025-12-10,21,3.5,0,6,4,3,4,Loyal,Active
C04139,Maharashtra,West,20,91970.05,12383.2,2024-06-15,2025-12-27,4,2.9,3,25,5,5,4,Champions,Active
C09314,Karnataka,South,10,91972.7,6641.34,2025-06-21,2025-12-14,17,2.9,2,19,5,4,4,Champions,Active
C08660,West Bengal,East,8,91976.74,-1497.31,2024-03-07,2024-11-06,420,4.3,3,10,1,4,4,At risk,Churned
C05556,Uttar Pradesh,North,11,92005.9,-2211.62,2024-08-29,2025-12-24,7,3.7,3,15,5,4,4,Champions,Active
C06698,Maharashtra,West,18,92016.32,3792.55,2025-02-28,2025-12-18,13,2.5,4,26,5,5,4,Champions,Active
C08442,Maharashtra,West,8,92118.23,15097.17,2025-07-25,2025-11-16,45,2.3,1,12,4,4,4,Champions,Active
C10041,Tamil Nadu,South,9,92135.66,8523.09,2024-06-25,2025-12-19,12,2.3,0,16,5,4,4,Champions,Active
C04836,Gujarat,West,11,92161.84,-13320.56,2024-10-29,2025-12-26,5,3.3,1,17,5,4,4,Champions,Active
C02271,Uttar Pradesh,North,4,92205.51,-169.01,2024-04-16,2025-05-14,231,3.5,1,8,2,3,4,At risk,Churned
C05734,Assam,Northeast,1,92207.98,277.67,2024-03-28,2024-03-28,643,9.0,0,3,1,1,4,Low value / lost,Churned
C05476,Rajasthan,North,3,92219.35,5570.26,2025-06-19,2025-11-16,45,6.1,1,7,4,3,4,Loyal,Active
C03214,Bihar,East,9,92280.27,1865.24,2024-04-12,2024-08-11,507,6.6,1,13,1,4,4,At risk,Churned
C07034,Tamil Nadu,South,9,92283.62,12937.92,2024-03-03,2024-09-13,474,2.4,1,16,1,4,4,At risk,Churned
C10815,Bihar,East,12,92289.09,6549.22,2024-02-12,2024-04-14,626,6.9,2,19,1,4,4,At risk,Churned
C05271,Maharashtra,West,14,92301.64,9785.54,2024-03-06,2025-10-23,69,2.1,3,24,3,5,4,Loyal,Active
C01290,Karnataka,South,16,92461.13,10159.66,2024-11-16,2025-12-11,20,2.7,0,18,4,5,4,Champions,Active
C00113,Maharashtra,West,18,92533.22,10886.14,2024-04-17,2025-10-15,77,3.1,2,20,3,5,4,Loyal,Active
C04215,Karnataka,South,7,92562.74,3563.65,2025-06-07,2025-10-21,71,3.2,2,13,3,4,4,Loyal,Active
C09418,Karnataka,South,6,92597.72,7592.29,2024-08-30,2025-12-12,19,2.5,1,10,4,4,4,Champions,Active
C03051,Kerala,South,10,92604.68,2121.21,2024-02-20,2025-08-29,124,3.6,1,14,2,4,4,At risk,Churned
C02186,Gujarat,West,3,92731.09,-2070.09,2025-04-21,2025-12-02,29,2.6,0,5,4,3,4,Loyal,Active
C09186,Odisha,East,5,92810.95,4773.28,2024-11-03,2025-10-21,71,6.6,0,10,3,3,4,Loyal,Active
C04195,Delhi,North,15,92815.87,-6880.21,2024-02-10,2024-10-24,433,1.9,0,20,1,5,4,At risk,Churned
C10796,Gujarat,West,17,92818.12,9497.74,2024-07-24,2025-12-14,17,2.9,0,20,5,5,4,Champions,Active
C05435,Maharashtra,West,9,92838.15,5883.36,2024-11-11,2025-11-09,52,2.6,4,12,3,4,4,Loyal,Active
C02698,West Bengal,East,11,92841.52,-4106.22,2024-12-20,2025-10-08,84,5.2,1,15,3,4,4,Loyal,Active
C02584,Uttar Pradesh,North,9,92860.27,-1983.43,2025-01-02,2025-11-30,31,3.0,1,14,4,4,4,Champions,Active
C06269,West Bengal,East,17,92868.97,3716.51,2024-02-08,2025-11-20,41,5.1,8,25,4,5,4,Champions,Active
C00722,Tamil Nadu,South,5,92869.83,-262.36,2025-02-11,2025-08-10,143,2.3,1,6,2,3,4,At risk,Churned
C01234,Tamil Nadu,South,18,92890.29,10639.69,2024-01-24,2024-07-07,542,2.6,1,25,1,5,4,At risk,Churned
C07038,Gujarat,West,5,92971.42,-2719.3,2024-08-31,2025-12-17,14,2.3,0,8,5,3,4,Loyal,Active
C09196,Telangana,South,23,92976.21,11733.07,2024-05-01,2025-11-23,38,3.0,3,30,4,5,4,Champions,Active
C04363,Karnataka,South,7,92977.6,11115.07,2024-06-20,2025-11-05,56,1.9,3,10,3,4,4,Loyal,Active
C00156,Gujarat,West,7,93082.31,8761.5,2024-08-16,2025-09-30,92,3.3,0,10,3,4,4,Loyal,Churned
C09663,Delhi,North,7,93094.62,9811.48,2024-10-01,2025-10-29,63,1.7,0,10,3,4,4,Loyal,Active
C04881,Telangana,South,10,93100.57,16302.02,2024-04-17,2025-12-31,0,2.6,0,13,5,4,4,Champions,Active
C00808,Karnataka,South,6,93141.95,2755.73,2024-08-28,2025-12-27,4,2.8,0,6,5,4,4,Champions,Active
C05017,West Bengal,East,9,93217.67,13185.25,2025-04-20,2025-12-31,0,4.9,2,12,5,4,4,Champions,Active
C04627,Karnataka,South,9,93239.29,-4455.63,2025-04-18,2025-12-31,0,2.6,1,17,5,4,4,Champions,Active
C07261,Maharashtra,West,2,93507.62,5825.0,2024-06-03,2024-12-22,374,1.8,0,4,1,2,4,Low value / lost,Churned
C10136,West Bengal,East,28,93575.9,1174.99,2024-02-27,2025-12-05,26,5.1,5,36,4,5,4,Champions,Active
C07447,Rajasthan,North,7,93580.71,739.38,2025-05-30,2025-12-21,10,4.4,0,10,5,4,4,Champions,Active
C09642,West Bengal,East,13,93600.39,9360.21,2025-04-19,2025-12-08,23,5.3,3,17,4,5,4,Champions,Active
C11057,Kerala,South,4,93609.89,12063.33,2025-03-08,2025-11-13,48,3.7,0,7,3,3,4,Loyal,Active
C06007,Rajasthan,North,4,93652.67,14777.21,2024-07-03,2025-07-17,167,4.0,0,7,2,3,4,At risk,Churned
C06275,Karnataka,South,5,93659.46,2813.43,2025-03-25,2025-11-16,45,3.0,3,10,4,3,4,Loyal,Active
C00596,Delhi,North,7,93689.86,4128.26,2025-03-04,2025-12-26,5,2.3,3,11,5,4,4,Champions,Active
C01743,Rajasthan,North,22,93699.63,12699.03,2024-01-22,2025-06-23,191,4.2,6,29,2,5,4,At risk,Churned
C03546,Telangana,South,14,93739.67,8326.26,2024-09-27,2025-09-16,106,2.5,2,18,3,5,4,Loyal,Churned
C03748,Karnataka,South,7,93824.38,11760.89,2024-03-10,2025-08-27,126,2.9,3,9,2,4,4,At risk,Churned
C10690,Uttar Pradesh,North,11,93831.35,15025.58,2024-11-03,2025-11-07,54,3.5,3,13,3,4,4,Loyal,Active
C05223,Madhya Pradesh,Central,11,93955.41,3086.45,2025-02-10,2025-12-01,30,4.3,1,16,4,4,4,Champions,Active
C05200,Rajasthan,North,17,93974.72,16199.34,2024-06-30,2025-11-19,42,3.2,3,23,4,5,4,Champions,Active
C09743,Telangana,South,17,94002.93,14967.35,2024-12-10,2025-12-23,8,2.7,4,27,5,5,4,Champions,Active
C07889,Rajasthan,North,8,94051.24,5312.18,2024-04-13,2024-08-31,487,4.1,1,9,1,4,4,At risk,Churned
C00847,Delhi,North,5,94141.38,914.52,2024-04-08,2025-05-22,223,3.2,0,6,2,3,4,At risk,Churned
C01201,West Bengal,East,13,94278.01,8815.49,2025-06-03,2025-12-21,10,5.2,2,17,5,5,4,Champions,Active
C11267,Maharashtra,West,5,94281.8,14725.4,2024-03-11,2025-11-06,55,2.2,0,9,3,3,4,Loyal,Active
C01723,West Bengal,East,13,94294.34,-3494.09,2025-02-03,2025-12-27,4,5.3,4,18,5,5,4,Champions,Active
C10377,Karnataka,South,11,94302.94,-11269.68,2024-05-09,2025-11-16,45,2.7,1,14,4,4,4,Champions,Active
C08617,Telangana,South,15,94319.8,7866.46,2024-10-21,2025-12-11,20,3.3,5,20,4,5,4,Champions,Active
C05011,Maharashtra,West,17,94359.64,11762.34,2024-04-26,2024-11-11,415,2.5,1,20,1,5,4,At risk,Churned
C04861,Delhi,North,16,94442.67,10794.51,2024-03-30,2025-11-18,43,2.3,4,20,4,5,4,Champions,Active
C11878,Karnataka,South,5,94458.63,9010.73,2024-04-07,2025-12-15,16,2.0,1,7,5,3,4,Loyal,Active
C05210,Uttar Pradesh,North,17,94460.49,19870.26,2024-09-01,2025-04-19,256,3.5,4,26,2,5,4,At risk,Churned
C05600,Bihar,East,7,94503.18,8424.85,2024-03-12,2024-05-15,595,7.0,0,10,1,4,4,At risk,Churned
C04098,Uttar Pradesh,North,9,94524.56,-1489.0,2024-03-17,2025-09-17,105,3.8,0,12,3,4,4,Loyal,Churned
C02015,Karnataka,South,11,94528.86,9262.8,2025-06-10,2025-12-23,8,2.5,0,13,5,4,4,Champions,Active
C06558,Maharashtra,West,8,94563.95,14188.94,2025-06-25,2025-12-10,21,2.8,0,8,4,4,4,Champions,Active
C07891,Tamil Nadu,South,8,94625.22,7500.75,2025-05-21,2025-12-31,0,3.3,0,10,5,4,4,Champions,Active
C02960,Maharashtra,West,5,94635.81,1170.1,2024-01-27,2025-10-13,79,2.7,1,10,3,3,4,Loyal,Active
C00870,Bihar,East,10,94715.72,7789.66,2025-02-20,2025-11-30,31,5.6,3,18,4,4,4,Champions,Active
C02269,Rajasthan,North,11,94859.43,-4572.91,2025-02-16,2025-11-20,41,4.0,0,15,4,4,4,Champions,Active
C02183,Maharashtra,West,11,94897.21,-7563.33,2024-12-23,2025-12-22,9,2.3,5,15,5,4,4,Champions,Active
C07508,Maharashtra,West,7,94898.42,6094.89,2024-07-18,2025-12-11,20,2.2,3,9,4,4,4,Champions,Active
C11540,Uttar Pradesh,North,14,95014.79,13828.06,2024-04-22,2025-12-06,25,3.4,1,21,4,5,4,Champions,Active
C00218,Delhi,North,7,95176.38,825.2,2025-04-29,2025-12-31,0,2.0,0,11,5,4,4,Champions,Active
C05216,Karnataka,South,8,95204.86,2543.31,2024-07-16,2025-11-25,36,1.9,1,10,4,4,4,Champions,Active
C10595,Kerala,South,7,95359.03,9965.29,2024-12-31,2025-12-03,28,3.8,2,9,4,4,4,Champions,Active
C07501,Rajasthan,North,15,95376.62,7838.59,2024-11-23,2025-11-24,37,3.6,5,20,4,5,4,Champions,Active
C06537,Tamil Nadu,South,13,95457.2,12713.6,2024-01-29,2025-11-19,42,3.3,1,18,4,5,4,Champions,Active
C06321,Gujarat,West,20,95461.2,5265.93,2024-05-29,2025-12-03,28,3.1,3,29,4,5,4,Champions,Active
C00154,Uttar Pradesh,North,20,95466.41,10127.76,2024-09-29,2025-12-29,2,3.5,5,29,5,5,4,Champions,Active
C01397,Gujarat,West,10,95528.91,14032.77,2025-06-22,2025-12-26,5,3.3,0,18,5,4,4,Champions,Active
C01779,Uttar Pradesh,North,9,95560.59,5703.61,2025-02-17,2025-12-12,19,2.9,0,13,4,4,4,Champions,Active
C00084,Tamil Nadu,South,17,95627.36,16788.79,2024-03-14,2025-11-16,45,2.6,6,22,4,5,4,Champions,Active
C04225,West Bengal,East,8,95662.18,7482.9,2024-04-28,2025-11-05,56,5.3,2,11,3,4,4,Loyal,Active
C06479,Delhi,North,13,95808.9,3345.08,2024-12-31,2025-12-24,7,1.7,3,19,5,5,4,Champions,Active
C11422,Bihar,East,5,95867.81,10516.27,2024-07-24,2025-02-23,311,6.1,1,8,1,3,4,At risk,Churned
C11719,Rajasthan,North,6,95897.84,-2369.14,2024-05-09,2025-07-11,173,4.0,3,7,2,4,4,At risk,Churned
C04903,Maharashtra,West,16,95919.06,-2261.39,2024-01-24,2025-10-02,90,2.2,0,23,3,5,4,Loyal,Active
C01361,Delhi,North,11,95939.88,17388.2,2024-02-21,2025-10-11,81,2.0,4,17,3,4,4,Loyal,Active
C10218,Delhi,North,22,96067.87,9055.22,2024-08-11,2025-12-12,19,2.1,10,31,4,5,4,Champions,Active
C03027,Delhi,North,12,96153.42,10904.99,2024-09-03,2025-11-04,57,1.8,2,15,3,4,4,Loyal,Active
C07193,Karnataka,South,11,96160.05,-1460.17,2024-01-31,2025-10-30,62,2.1,1,14,3,4,4,Loyal,Active
C01812,Delhi,North,6,96175.55,-3001.56,2024-03-07,2025-05-04,241,2.3,0,8,2,4,4,At risk,Churned
C06562,Karnataka,South,5,96184.88,-750.39,2024-10-28,2025-12-10,21,2.8,0,6,4,3,4,Loyal,Active
C00389,Delhi,North,21,96194.07,-19411.8,2024-02-02,2025-12-05,26,2.1,1,26,4,5,4,Champions,Active
C06196,Karnataka,South,12,96220.67,12272.69,2024-02-14,2025-10-10,82,2.3,2,15,3,4,4,Loyal,Active
C06524,Delhi,North,5,96246.51,1560.16,2024-03-13,2025-04-17,258,1.1,3,7,2,3,4,At risk,Churned
C07715,Rajasthan,North,4,96266.6,10540.59,2024-11-21,2025-10-21,71,3.3,2,6,3,3,4,Loyal,Active
C10957,Uttar Pradesh,North,5,96381.1,-5784.42,2024-10-18,2025-06-08,206,3.3,2,9,2,3,4,At risk,Churned
C05538,Maharashtra,West,7,96530.97,7091.79,2024-01-28,2024-03-03,668,2.3,1,8,1,4,4,At risk,Churned
C06667,Gujarat,West,3,96601.37,12913.82,2024-06-05,2025-06-19,195,2.5,1,4,2,3,4,At risk,Churned
C05361,Karnataka,South,6,96693.58,-6171.54,2024-10-23,2025-10-27,65,2.9,2,9,3,4,4,Loyal,Active
C01141,Tamil Nadu,South,22,96815.98,21470.83,2024-08-24,2025-11-24,37,2.7,4,32,4,5,4,Champions,Active
C01705,Tamil Nadu,South,15,96855.02,5751.07,2024-05-03,2025-12-11,20,2.7,1,22,4,5,4,Champions,Active
C04156,Uttar Pradesh,North,12,96860.75,6815.03,2024-06-26,2025-03-05,301,2.9,2,17,1,4,4,At risk,Churned
C11936,Karnataka,South,6,96891.28,-529.99,2024-06-29,2025-11-22,39,3.1,2,7,4,4,4,Champions,Active
C05311,Uttar Pradesh,North,21,96928.1,11123.71,2024-02-06,2025-09-30,92,3.3,5,32,3,5,4,Loyal,Churned
C03755,Karnataka,South,14,96975.44,19469.46,2024-03-21,2025-12-29,2,2.9,4,18,5,5,4,Champions,Active
C04086,Kerala,South,9,96997.34,-4730.31,2024-09-08,2025-12-15,16,4.2,0,11,5,4,4,Champions,Active
C04009,Karnataka,South,11,97003.86,2629.97,2024-04-23,2025-05-06,239,2.6,1,14,2,4,4,At risk,Churned
C03932,Delhi,North,15,97093.55,7105.12,2024-09-11,2025-12-16,15,2.1,1,22,5,5,4,Champions,Active
C06962,Telangana,South,10,97103.99,3349.6,2024-10-08,2025-10-31,61,2.8,3,19,3,4,4,Loyal,Active
C10373,Rajasthan,North,10,97114.22,-7601.19,2024-08-04,2025-02-18,316,4.3,2,16,1,4,4,At risk,Churned
C04697,Gujarat,West,3,97127.94,802.28,2024-09-24,2025-03-17,289,2.0,2,5,1,3,4,At risk,Churned
C08524,West Bengal,East,4,97175.46,3746.24,2025-05-21,2025-10-07,85,4.3,0,6,3,3,4,Loyal,Active
C01856,Telangana,South,20,97180.03,2793.92,2024-11-03,2025-11-17,44,2.9,5,31,4,5,4,Champions,Active
C08359,Karnataka,South,10,97203.4,2157.02,2025-04-23,2025-12-30,1,1.9,0,16,5,4,4,Champions,Active
C02284,West Bengal,East,4,97368.56,2269.44,2025-02-15,2025-11-11,50,5.1,2,7,3,3,4,Loyal,Active
C00026,Tamil Nadu,South,11,97397.06,11311.33,2024-08-19,2025-12-01,30,2.7,1,15,4,4,4,Champions,Active
C11712,Delhi,North,6,97570.76,-4374.34,2025-03-27,2025-12-28,3,1.8,2,10,5,4,4,Champions,Active
C03949,Odisha,East,10,97619.35,-20740.65,2024-11-15,2025-12-21,10,5.9,2,10,5,4,4,Champions,Active
C06165,Tamil Nadu,South,15,97627.96,5569.97,2024-08-06,2025-12-21,10,2.9,3,20,5,5,4,Champions,Active
C05126,Rajasthan,North,11,97646.09,10430.41,2024-09-07,2025-10-02,90,4.7,0,15,3,4,4,Loyal,Active
C02632,Telangana,South,8,97724.99,11468.37,2024-07-02,2025-11-21,40,2.3,0,10,4,4,4,Champions,Active
C08043,Uttar Pradesh,North,11,97760.06,12130.88,2024-08-25,2025-11-17,44,3.9,3,17,4,4,4,Champions,Active
C02024,Karnataka,South,13,97767.68,-12069.12,2024-06-05,2025-12-04,27,3.0,2,17,4,5,4,Champions,Active
C00254,Tamil Nadu,South,3,97780.16,10141.98,2024-01-20,2025-04-27,248,1.8,0,4,2,3,4,At risk,Churned
C01310,Maharashtra,West,15,97790.44,-11960.34,2024-12-26,2025-10-23,69,2.4,2,17,3,5,4,Loyal,Active
C01890,Tamil Nadu,South,15,97902.28,15430.87,2024-05-27,2025-10-17,75,3.4,5,18,3,5,4,Loyal,Active
C05417,Maharashtra,West,12,97977.5,7284.35,2024-12-04,2025-11-15,46,2.7,1,14,4,4,4,Champions,Active
C10696,Delhi,North,4,98028.65,-871.6,2024-09-14,2025-10-11,81,1.9,2,7,3,3,4,Loyal,Active
C10532,Maharashtra,West,12,98141.92,-16573.5,2024-02-26,2025-01-16,349,2.7,3,16,1,4,4,At risk,Churned
C04077,Madhya Pradesh,Central,12,98164.49,5182.08,2024-08-27,2025-12-20,11,3.6,0,18,5,4,4,Champions,Active
C06566,Delhi,North,14,98218.14,17315.12,2024-05-09,2025-12-13,18,2.4,4,17,4,5,4,Champions,Active
C04526,Tamil Nadu,South,16,98300.76,2571.98,2024-07-22,2025-12-23,8,2.8,1,26,5,5,4,Champions,Active
C11630,Telangana,South,6,98358.41,14702.6,2025-06-20,2025-11-22,39,2.3,1,9,4,4,4,Champions,Active
C09530,Delhi,North,4,98403.14,3691.57,2025-06-02,2025-11-29,32,1.3,0,4,4,3,4,Loyal,Active
C00081,West Bengal,East,4,98416.12,2217.83,2025-01-27,2025-12-06,25,4.1,1,7,4,3,4,Loyal,Active
C04618,Maharashtra,West,9,98628.75,933.14,2024-07-13,2025-07-10,174,2.3,0,12,2,4,4,At risk,Churned
C08951,Kerala,South,13,98630.37,-11714.43,2024-01-16,2024-12-29,367,3.1,1,16,1,5,4,At risk,Churned
C02616,West Bengal,East,7,98649.39,-13796.99,2024-09-20,2025-04-11,264,4.6,2,7,2,4,4,At risk,Churned
C04028,Uttar Pradesh,North,13,98672.11,-8782.3,2024-08-11,2025-11-30,31,4.1,1,17,4,5,4,Champions,Active
C08640,West Bengal,East,4,98691.9,-2889.9,2025-03-07,2025-12-07,24,5.4,1,8,4,3,4,Loyal,Active
C04142,Uttar Pradesh,North,11,98713.18,10743.05,2025-01-04,2025-12-01,30,3.3,1,16,4,4,4,Champions,Active
C00375,Kerala,South,5,98732.15,5124.96,2025-08-17,2025-10-11,81,3.3,1,6,3,3,4,Loyal,Active
C06185,Maharashtra,West,6,98753.48,-9638.66,2024-06-13,2025-06-30,184,3.0,4,9,2,4,4,At risk,Churned
C05977,Delhi,North,11,98760.5,-3027.36,2024-02-11,2025-07-23,161,2.1,1,12,2,4,4,At risk,Churned
C06313,Madhya Pradesh,Central,20,98778.16,1995.86,2024-03-07,2025-12-03,28,4.1,2,23,4,5,4,Champions,Active
C05933,Maharashtra,West,9,98891.88,574.39,2025-05-02,2025-12-15,16,2.6,1,14,5,4,4,Champions,Active
C05514,Delhi,North,16,98934.42,-7351.44,2024-02-29,2025-12-15,16,2.4,2,20,5,5,4,Champions,Active
C06615,Tamil Nadu,South,4,98938.51,8120.52,2024-09-08,2025-12-23,8,3.9,2,7,5,3,4,Loyal,Active
C00674,Maharashtra,West,8,98948.79,-13197.46,2025-06-29,2025-12-14,17,2.3,1,12,5,4,4,Champions,Active
C00618,Odisha,East,5,98975.98,7221.81,2024-09-02,2025-10-02,90,7.0,0,7,3,3,4,Loyal,Active
C03724,Assam,Northeast,5,99003.02,845.19,2025-07-16,2025-11-03,58,7.0,1,8,3,3,4,Loyal,Active
C00513,Maharashtra,West,6,99010.68,7196.58,2024-08-03,2025-12-18,13,2.0,1,7,5,4,4,Champions,Active
C04305,Delhi,North,14,99026.24,10005.86,2024-05-07,2025-11-26,35,2.0,1,22,4,5,4,Champions,Active
C11430,Uttar Pradesh,North,9,99181.67,-9917.59,2024-02-08,2025-11-29,32,2.8,0,12,4,4,4,Champions,Active
C11048,Rajasthan,North,15,99194.62,4153.19,2024-06-03,2025-12-07,24,4.7,3,18,4,5,4,Champions,Active
C10757,Bihar,East,10,99247.6,7806.65,2024-10-21,2025-12-14,17,6.7,0,12,5,4,4,Champions,Active
C11421,Maharashtra,West,16,99270.62,7133.62,2024-01-03,2025-12-25,6,2.3,4,20,5,5,4,Champions,Active
C11087,Rajasthan,North,10,99316.63,11460.48,2025-02-10,2025-12-20,11,3.1,0,15,5,4,4,Champions,Active
C01202,Odisha,East,8,99332.2,-375.26,2024-11-10,2025-11-02,59,6.2,0,9,3,4,4,Loyal,Active
C04794,Telangana,South,7,99388.21,-3553.62,2024-06-08,2025-12-22,9,2.3,2,12,5,4,4,Champions,Active
C03866,Karnataka,South,12,99389.17,12895.32,2024-10-13,2025-12-18,13,2.2,1,19,5,4,4,Champions,Active
C08667,Gujarat,West,14,99522.04,11961.07,2024-07-15,2025-11-12,49,3.0,2,20,3,5,4,Loyal,Active
C11199,Gujarat,West,14,99542.22,9741.51,2024-04-18,2025-12-26,5,3.1,1,16,5,5,4,Champions,Active
C03038,Uttar Pradesh,North,17,99564.98,11116.23,2024-06-23,2025-12-30,1,3.4,3,22,5,5,4,Champions,Active
C08670,Delhi,North,11,99569.85,16081.93,2024-01-28,2025-11-20,41,1.6,2,17,4,4,4,Champions,Active
C00339,Delhi,North,7,99608.37,12281.04,2024-10-26,2025-10-10,82,2.2,0,11,3,4,4,Loyal,Active
C10468,Telangana,South,6,99711.85,3178.17,2024-11-04,2025-04-26,249,3.6,1,10,2,4,4,At risk,Churned
C01453,Tamil Nadu,South,26,99812.05,11544.5,2024-02-12,2025-12-26,5,3.2,0,34,5,5,4,Champions,Active
C08138,Gujarat,West,9,99815.96,10976.28,2024-09-11,2025-12-09,22,2.8,3,15,4,4,4,Champions,Active
C09218,Madhya Pradesh,Central,6,99833.64,7593.64,2025-04-25,2025-11-04,57,4.4,1,9,3,4,4,Loyal,Active
C11931,Telangana,South,8,99928.03,13681.6,2024-08-14,2025-11-14,47,2.7,2,14,3,4,4,Loyal,Active
C01043,Rajasthan,North,7,99982.76,-13767.42,2024-01-26,2024-04-20,620,3.6,4,8,1,4,4,At risk,Churned
C05253,Maharashtra,West,16,100012.21,-1142.24,2024-06-11,2025-11-29,32,2.1,0,25,4,5,4,Champions,Active
C01645,Delhi,North,11,100108.15,7853.67,2025-06-29,2025-12-25,6,1.5,0,15,5,4,4,Champions,Active
C09575,Tamil Nadu,South,15,100161.55,4048.5,2025-03-24,2025-11-24,37,3.1,0,20,4,5,4,Champions,Active
C03158,Karnataka,South,11,100195.55,-430.42,2024-05-23,2025-08-07,146,2.6,3,14,2,4,4,At risk,Churned
C10253,Delhi,North,11,100302.19,14689.71,2024-09-07,2025-12-26,5,2.8,0,18,5,4,4,Champions,Active
C02710,West Bengal,East,6,100328.68,10597.36,2024-07-06,2025-09-12,110,4.9,0,10,2,4,4,At risk,Churned
C03896,Rajasthan,North,15,100339.17,20887.02,2024-09-10,2025-12-25,6,3.8,0,20,5,5,4,Champions,Active
C01882,Tamil Nadu,South,17,100344.1,14176.78,2024-07-04,2025-12-27,4,3.9,3,25,5,5,4,Champions,Active
C03471,Rajasthan,North,3,100345.32,-2712.32,2025-09-07,2025-12-19,12,3.7,0,7,5,3,4,Loyal,Active
C09998,Gujarat,West,9,100399.63,3803.41,2024-09-26,2025-12-18,13,2.8,2,14,5,4,4,Champions,Active
C01058,Maharashtra,West,17,100532.0,17290.36,2024-01-26,2025-09-07,115,2.0,5,27,2,5,4,At risk,Churned
C03966,Karnataka,South,21,100534.63,12709.06,2024-02-02,2025-12-14,17,3.0,3,26,5,5,4,Champions,Active
C08154,Tamil Nadu,South,12,100541.02,5420.73,2024-11-24,2025-12-30,1,2.9,3,14,5,4,4,Champions,Active
C09113,West Bengal,East,11,100575.24,-9454.64,2024-05-11,2024-08-11,507,4.6,2,14,1,4,4,At risk,Churned
C06199,Uttar Pradesh,North,8,100601.92,13751.52,2024-02-08,2024-11-05,421,2.7,4,13,1,4,4,At risk,Churned
C11621,Delhi,North,9,100604.62,-14435.64,2024-01-27,2025-03-03,303,2.1,2,14,1,4,4,At risk,Churned
C10505,Karnataka,South,9,100610.21,1532.84,2024-08-29,2025-11-07,54,2.4,0,14,3,4,4,Loyal,Active
C08075,Kerala,South,2,100638.46,11737.71,2025-02-15,2025-11-05,56,2.3,1,4,3,2,4,Low value / lost,Active
C03828,Maharashtra,West,9,100683.5,15114.81,2024-05-14,2025-08-15,138,2.3,2,10,2,4,4,At risk,Churned
C02441,Bihar,East,21,100773.22,-4697.44,2024-01-13,2025-11-26,35,6.3,6,26,4,5,4,Champions,Active
C04856,Delhi,North,10,100872.72,-15191.85,2024-09-25,2025-12-27,4,2.8,3,14,5,4,4,Champions,Active
C02148,Kerala,South,8,100925.24,12866.33,2024-12-29,2025-11-17,44,3.1,3,14,4,4,4,Champions,Active
C08845,Rajasthan,North,9,100934.0,11335.72,2024-03-06,2025-12-31,0,3.4,2,14,5,4,4,Champions,Active
C08633,Maharashtra,West,8,101146.64,2218.06,2024-05-23,2025-12-26,5,2.5,0,13,5,4,4,Champions,Active
C05867,Tamil Nadu,South,22,101153.25,13266.99,2024-03-06,2024-11-19,407,2.7,4,33,1,5,4,At risk,Churned
C10305,Rajasthan,North,7,101167.98,-14075.52,2024-09-25,2025-10-08,84,4.6,1,11,3,4,4,Loyal,Active
C03943,West Bengal,East,15,101408.15,3283.47,2024-01-29,2025-07-31,153,5.2,4,23,2,5,4,At risk,Churned
C08167,Maharashtra,West,12,101415.65,-2579.8,2024-08-22,2025-11-24,37,2.8,1,12,4,4,4,Champions,Active
C05321,Kerala,South,11,101494.19,-10923.25,2025-01-07,2025-07-29,155,3.3,5,15,2,4,4,At risk,Churned
C08975,Kerala,South,7,101541.87,15684.19,2024-10-27,2025-12-25,6,3.5,0,13,5,4,4,Champions,Active
C06111,Maharashtra,West,6,101572.25,355.32,2024-05-31,2025-12-30,1,2.9,3,9,5,4,4,Champions,Active
C11464,West Bengal,East,17,101593.73,10382.97,2024-06-17,2024-12-24,372,4.8,5,18,1,5,4,At risk,Churned
C08733,Gujarat,West,10,101598.26,10300.49,2024-06-19,2025-11-04,57,2.6,1,14,3,4,4,Loyal,Active
C03510,Maharashtra,West,13,101609.36,14423.99,2024-05-03,2025-09-06,116,2.9,3,18,2,5,4,At risk,Churned
C08022,Karnataka,South,14,101622.11,5405.74,2024-12-15,2025-09-13,109,3.4,6,25,3,5,4,Loyal,Churned
C07169,Rajasthan,North,8,101645.25,-6986.13,2024-06-30,2025-11-06,55,3.9,1,11,3,4,4,Loyal,Active
C09232,Uttar Pradesh,North,17,101674.51,16984.26,2024-05-13,2025-12-29,2,3.4,2,24,5,5,4,Champions,Active
C03939,Kerala,South,2,101693.25,2218.25,2024-12-30,2025-07-12,172,3.7,0,3,2,2,4,Low value / lost,Churned
C08953,Karnataka,South,7,101734.8,12695.28,2025-05-19,2025-11-03,58,2.4,0,10,3,4,4,Loyal,Active
C09092,Tamil Nadu,South,16,101817.65,8402.0,2024-07-16,2025-12-29,2,3.3,2,31,5,5,4,Champions,Active
C09137,Delhi,North,11,101871.71,-2606.28,2024-02-21,2025-07-23,161,1.8,2,17,2,4,4,At risk,Churned
C03053,Madhya Pradesh,Central,9,101906.19,15228.62,2024-10-31,2025-12-14,17,3.6,1,16,5,4,4,Champions,Active
C06727,Maharashtra,West,5,102033.54,593.07,2024-04-30,2024-12-31,365,2.8,1,5,1,3,4,At risk,Churned
C08389,Tamil Nadu,South,7,102068.99,6011.08,2024-04-07,2025-12-20,11,2.7,1,12,5,4,4,Champions,Active
C05044,Tamil Nadu,South,7,102084.91,10968.81,2025-01-08,2025-12-30,1,3.1,1,8,5,4,4,Champions,Active
C04489,Tamil Nadu,South,14,102137.97,6057.74,2025-01-18,2025-11-26,35,2.7,3,18,4,5,4,Champions,Active
C03139,Uttar Pradesh,North,9,102222.1,5519.24,2024-11-24,2025-12-31,0,4.4,0,13,5,4,4,Champions,Active
C01309,Karnataka,South,4,102241.95,-6350.58,2024-11-26,2025-10-23,69,3.6,0,5,3,3,4,Loyal,Active
C06447,West Bengal,East,15,102380.91,-33066.77,2024-02-23,2025-12-02,29,4.8,4,19,4,5,4,Champions,Active
C01982,Telangana,South,19,102401.13,-1217.45,2024-05-19,2025-10-14,78,2.6,5,30,3,5,4,Loyal,Active
C11609,West Bengal,East,7,102414.34,5894.81,2024-02-14,2024-10-19,438,5.3,1,8,1,4,4,At risk,Churned
C05109,Karnataka,South,12,102416.8,-10497.31,2024-05-14,2025-11-28,33,2.5,0,13,4,4,4,Champions,Active
C06675,Kerala,South,17,102429.42,13556.24,2024-01-31,2025-12-23,8,3.8,2,23,5,5,4,Champions,Active
C08438,Uttar Pradesh,North,6,102466.26,9149.98,2024-02-28,2025-08-23,130,3.3,0,10,2,4,4,At risk,Churned
C10297,Uttar Pradesh,North,10,102473.47,6047.31,2025-04-05,2025-12-28,3,4.1,2,16,5,4,4,Champions,Active
C02611,Maharashtra,West,10,102475.57,-6302.42,2024-07-12,2025-10-21,71,2.6,0,12,3,4,4,Loyal,Active
C08748,Maharashtra,West,4,102539.95,7753.04,2024-04-08,2024-10-26,431,2.6,2,7,1,3,4,At risk,Churned
C02903,Rajasthan,North,13,102569.27,16345.1,2024-11-15,2025-11-24,37,4.2,2,19,4,5,4,Champions,Active
C09126,Uttar Pradesh,North,12,102602.92,16150.72,2025-04-30,2025-12-23,8,3.6,3,19,5,5,4,Champions,Active
C05324,Tamil Nadu,South,7,102709.93,5523.89,2024-09-08,2025-09-05,117,3.8,0,13,2,4,4,At risk,Churned
C07100,Karnataka,South,15,102758.14,5062.44,2024-07-06,2025-11-14,47,2.4,1,21,3,5,4,Loyal,Active
C03282,Madhya Pradesh,Central,4,102785.85,9283.93,2025-03-28,2025-04-18,257,4.0,1,4,2,3,5,At risk,Churned
C01480,Gujarat,West,18,102793.3,4469.67,2024-02-29,2025-12-15,16,3.3,3,23,5,5,5,Champions,Active
C04237,Telangana,South,12,102827.33,9507.01,2024-08-29,2025-12-23,8,2.5,2,16,5,5,5,Champions,Active
C04849,Karnataka,South,17,102898.52,36.09,2024-07-30,2025-11-13,48,2.6,6,22,3,5,5,Loyal,Active
C05856,Kerala,South,15,102952.07,10007.13,2024-04-16,2025-09-02,120,3.7,1,22,2,5,5,At risk,Churned
C03572,Uttar Pradesh,North,8,102982.85,8118.64,2025-03-02,2025-12-29,2,3.6,2,13,5,4,5,Champions,Active
C00005,West Bengal,East,5,103005.3,17623.98,2024-12-24,2025-11-21,40,4.8,0,8,4,3,5,Loyal,Active
C09911,Madhya Pradesh,Central,12,103019.73,4205.86,2024-06-06,2025-08-13,140,4.5,2,20,2,5,5,At risk,Churned
C09746,Delhi,North,14,103098.11,11398.64,2024-12-04,2025-11-20,41,2.1,1,19,4,5,5,Champions,Active
C09457,Maharashtra,West,13,103145.37,12171.74,2024-09-26,2025-10-21,71,2.8,3,16,3,5,5,Loyal,Active
C02553,Maharashtra,West,4,103179.48,10486.04,2025-05-08,2025-11-25,36,3.3,0,7,4,3,5,Loyal,Active
C01526,Kerala,South,12,103226.65,12540.99,2024-11-16,2025-12-28,3,3.1,0,15,5,5,5,Champions,Active
C08048,Delhi,North,10,103288.91,14050.93,2024-09-26,2025-11-29,32,1.9,0,16,4,4,5,Champions,Active
C05333,Tamil Nadu,South,8,103311.05,9112.35,2024-04-16,2025-12-29,2,3.1,1,13,5,4,5,Champions,Active
C01876,Delhi,North,10,103320.95,282.51,2025-03-21,2025-09-18,104,1.8,2,11,3,4,5,Loyal,Churned
C05770,Tamil Nadu,South,9,103327.01,4100.11,2024-06-24,2025-12-06,25,3.4,2,10,4,4,5,Champions,Active
C03227,Telangana,South,6,103331.59,5268.27,2025-07-20,2025-11-02,59,2.8,2,10,3,4,5,Loyal,Active
C01632,Maharashtra,West,15,103336.57,18433.21,2024-05-20,2025-11-14,47,2.1,5,20,3,5,5,Loyal,Active
C07909,Gujarat,West,7,103395.02,-23826.87,2025-04-02,2025-10-31,61,2.5,1,11,3,4,5,Loyal,Active
C03244,Kerala,South,18,103415.68,11698.04,2024-10-23,2025-12-11,20,3.8,4,22,4,5,5,Champions,Active
C06032,Karnataka,South,10,103496.97,-6042.13,2024-07-23,2025-10-18,74,2.6,2,17,3,4,5,Loyal,Active
C00610,Maharashtra,West,19,103625.67,14861.63,2024-09-11,2025-12-22,9,2.0,6,26,5,5,5,Champions,Active
C05603,Maharashtra,West,5,103655.56,10781.67,2024-02-20,2025-09-26,96,2.8,3,5,3,3,5,Loyal,Churned
C01722,Uttar Pradesh,North,10,103662.48,18859.21,2024-12-05,2025-12-24,7,3.6,0,12,5,4,5,Champions,Active
C06024,Gujarat,West,12,103665.71,9493.76,2024-08-20,2025-06-28,186,3.2,3,15,2,5,5,At risk,Churned
C10780,Bihar,East,8,103738.23,18328.35,2024-03-07,2025-11-23,38,7.1,2,12,4,4,5,Champions,Active
C05767,Maharashtra,West,8,103779.24,-4233.08,2024-11-07,2025-11-13,48,1.9,1,15,3,4,5,Loyal,Active
C06763,Delhi,North,7,103844.84,-2482.5,2025-02-01,2025-11-25,36,2.0,2,9,4,4,5,Champions,Active
C10079,Uttar Pradesh,North,11,103890.64,-10863.36,2024-05-02,2025-12-21,10,4.1,0,15,5,4,5,Champions,Active
C05019,Rajasthan,North,14,103903.85,7298.22,2024-10-28,2025-10-06,86,4.5,4,22,3,5,5,Loyal,Active
C01415,Karnataka,South,5,104081.06,5099.66,2025-04-24,2025-11-08,53,2.1,1,8,3,3,5,Loyal,Active
C08848,Maharashtra,West,8,104101.29,-6846.16,2025-04-20,2025-12-10,21,3.2,0,14,4,4,5,Champions,Active
C08785,Odisha,East,10,104153.63,4479.16,2024-07-05,2025-11-13,48,5.9,2,16,3,4,5,Loyal,Active
C03398,Maharashtra,West,19,104161.97,13180.9,2024-09-24,2025-11-03,58,2.5,6,30,3,5,5,Loyal,Active
C06314,Madhya Pradesh,Central,9,104172.22,-1859.08,2024-04-09,2025-09-10,112,5.0,1,16,2,4,5,At risk,Churned
C02064,West Bengal,East,12,104229.79,10708.93,2024-07-07,2025-08-26,127,4.6,2,14,2,5,5,At risk,Churned
C06057,Karnataka,South,7,104237.35,20.89,2024-06-08,2025-05-14,231,2.8,0,9,2,4,5,At risk,Churned
C04906,Rajasthan,North,11,104335.34,4803.31,2024-01-15,2025-12-27,4,4.1,3,15,5,4,5,Champions,Active
C03783,Telangana,South,17,104346.96,4712.58,2024-06-29,2025-11-29,32,3.0,2,25,4,5,5,Champions,Active
C05599,Rajasthan,North,8,104368.43,11386.73,2024-09-04,2025-12-01,30,4.6,0,10,4,4,5,Champions,Active
C00905,Uttar Pradesh,North,17,104368.94,8777.39,2024-01-25,2025-12-29,2,3.0,5,24,5,5,5,Champions,Active
C08941,Delhi,North,28,104391.84,16663.22,2024-03-07,2025-12-28,3,1.9,6,38,5,5,5,Champions,Active
C05969,Tamil Nadu,South,8,104549.63,-19990.36,2024-09-14,2025-11-25,36,2.1,1,11,4,4,5,Champions,Active
C04158,Maharashtra,West,13,104592.3,11339.14,2025-01-23,2025-12-10,21,2.3,2,16,4,5,5,Champions,Active
C04093,Tamil Nadu,South,18,104605.1,6771.71,2024-05-29,2025-10-05,87,2.8,2,26,3,5,5,Loyal,Active
C08427,Maharashtra,West,10,104781.16,-290.35,2024-09-08,2025-12-23,8,2.3,5,17,5,4,5,Champions,Active
C07356,Uttar Pradesh,North,8,104821.1,5077.24,2024-02-29,2025-12-07,24,2.3,0,12,4,4,5,Champions,Active
C03117,Uttar Pradesh,North,12,104889.42,890.94,2024-06-18,2025-12-17,14,3.2,4,19,5,5,5,Champions,Active
C04736,Uttar Pradesh,North,18,104946.45,7294.58,2024-01-10,2025-12-11,20,3.8,3,20,4,5,5,Champions,Active
C08246,Madhya Pradesh,Central,12,105016.0,2438.43,2025-03-09,2025-11-26,35,4.4,1,14,4,5,5,Champions,Active
C06468,Maharashtra,West,15,105105.33,8355.68,2024-11-04,2025-12-19,12,2.2,1,19,5,5,5,Champions,Active
C10581,Tamil Nadu,South,5,105132.8,5764.72,2025-06-21,2025-12-04,27,3.3,1,8,4,3,5,Loyal,Active
C01126,Delhi,North,23,105149.67,25278.6,2024-04-04,2025-12-03,28,2.0,2,34,4,5,5,Champions,Active
C06992,Gujarat,West,9,105289.44,4448.62,2024-04-23,2024-12-18,378,2.5,0,13,1,4,5,At risk,Churned
C01998,Tamil Nadu,South,8,105355.47,-5560.42,2024-11-01,2025-12-25,6,2.8,1,11,5,4,5,Champions,Active
C00330,Tamil Nadu,South,12,105363.8,8749.3,2025-06-01,2025-12-11,20,3.3,2,19,4,5,5,Champions,Active
C11688,Karnataka,South,25,105402.86,13220.98,2024-01-06,2025-05-26,219,2.8,4,34,2,5,5,At risk,Churned
C11725,Maharashtra,West,8,105455.64,1271.46,2024-04-22,2025-12-04,27,2.5,1,12,4,4,5,Champions,Active
C01302,Rajasthan,North,5,105491.72,-2565.17,2025-05-16,2025-11-28,33,5.1,0,7,4,3,5,Loyal,Active
C08200,West Bengal,East,10,105544.71,-5283.77,2025-03-27,2025-11-25,36,5.5,3,13,4,4,5,Champions,Active
C04174,Gujarat,West,11,105627.59,1828.4,2024-10-14,2025-12-27,4,3.2,1,16,5,4,5,Champions,Active
C00974,West Bengal,East,12,105672.42,-7079.09,2024-12-04,2025-12-27,4,4.1,3,21,5,5,5,Champions,Active
C04082,Rajasthan,North,12,105723.13,8625.33,2025-03-21,2025-12-16,15,3.8,0,18,5,5,5,Champions,Active
C10332,Bihar,East,7,105811.58,-16143.35,2024-03-15,2025-12-05,26,6.7,2,10,4,4,5,Champions,Active
C11695,Rajasthan,North,19,105844.8,11670.49,2024-05-11,2025-12-02,29,3.9,3,26,4,5,5,Champions,Active
C00992,Uttar Pradesh,North,7,105919.71,-9705.39,2024-07-21,2025-11-19,42,3.3,1,12,4,4,5,Champions,Active
C09959,Karnataka,South,23,105923.72,-8655.55,2024-02-05,2025-12-21,10,2.5,7,33,5,5,5,Champions,Active
C08329,Assam,Northeast,5,105955.64,-9324.03,2025-05-25,2025-12-27,4,7.9,0,7,5,3,5,Loyal,Active
C02761,Karnataka,South,8,106046.06,-11851.51,2024-04-20,2025-07-02,182,2.6,4,11,2,4,5,At risk,Churned
C04784,Rajasthan,North,8,106046.29,-3505.13,2024-09-05,2025-10-04,88,3.8,3,12,3,4,5,Loyal,Active
C04435,Karnataka,South,11,106077.02,12949.95,2025-05-11,2025-12-17,14,2.1,1,18,5,4,5,Champions,Active
C07179,Karnataka,South,15,106138.76,-27020.35,2024-03-19,2025-10-18,74,2.6,2,19,3,5,5,Loyal,Active
C06512,Delhi,North,13,106244.4,12172.98,2025-04-03,2025-12-04,27,2.4,6,17,4,5,5,Champions,Active
C06383,Telangana,South,3,106257.45,5288.03,2025-06-08,2025-08-25,128,1.6,1,5,2,3,5,At risk,Churned
C03172,Tamil Nadu,South,16,106359.17,1071.1,2024-01-20,2024-06-04,575,2.5,5,23,1,5,5,At risk,Churned
C11958,Tamil Nadu,South,18,106367.46,14097.59,2024-04-12,2025-10-25,67,3.2,1,24,3,5,5,Loyal,Active
C03745,Rajasthan,North,12,106374.42,12349.64,2024-02-23,2025-11-08,53,4.4,1,18,3,5,5,Loyal,Active
C09795,Delhi,North,9,106441.68,13264.64,2025-08-20,2025-12-03,28,2.3,1,17,4,4,5,Champions,Active
C00190,Delhi,North,22,106488.81,-4594.02,2024-04-07,2025-12-12,19,2.1,9,33,4,5,5,Champions,Active
C10456,Kerala,South,16,106510.22,26135.26,2025-03-12,2025-12-31,0,3.4,3,20,5,5,5,Champions,Active
C03984,Delhi,North,11,106571.03,18812.12,2024-10-21,2025-12-10,21,2.7,0,15,4,4,5,Champions,Active
C06629,Rajasthan,North,8,106665.66,537.24,2025-06-07,2025-11-01,60,4.1,4,13,3,4,5,Loyal,Active
C06776,Uttar Pradesh,North,13,106734.77,14919.69,2024-05-15,2025-12-31,0,3.6,2,17,5,5,5,Champions,Active
C01133,Maharashtra,West,12,106742.26,-5037.58,2025-02-18,2025-12-20,11,2.6,2,18,5,5,5,Champions,Active
C11368,Madhya Pradesh,Central,17,106864.0,15658.59,2024-01-31,2025-09-28,94,3.9,3,25,3,5,5,Loyal,Churned
C05908,Maharashtra,West,14,106913.83,815.04,2024-03-26,2025-12-10,21,2.6,2,16,4,5,5,Champions,Active
C09905,Odisha,East,8,106924.56,6075.28,2024-08-15,2025-11-26,35,6.3,1,12,4,4,5,Champions,Active
C00748,Maharashtra,West,8,106960.13,-1251.36,2024-08-29,2025-11-09,52,2.4,2,15,3,4,5,Loyal,Active
C03940,Delhi,North,7,107093.14,11806.42,2024-09-04,2025-04-01,274,2.5,1,13,2,4,5,At risk,Churned
C09917,Telangana,South,9,107150.59,9427.5,2025-02-26,2025-12-28,3,3.2,2,13,5,4,5,Champions,Active
C07069,Delhi,North,16,107175.55,23012.07,2024-08-16,2025-12-19,12,2.0,3,24,5,5,5,Champions,Active
C06535,Uttar Pradesh,North,16,107275.98,-270.47,2024-04-25,2025-11-04,57,3.2,1,23,3,5,5,Loyal,Active
C06800,Bihar,East,6,107374.03,-1185.79,2025-06-04,2025-12-20,11,6.9,0,8,5,4,5,Champions,Active
C00044,Karnataka,South,34,107407.34,24319.58,2024-06-04,2025-12-03,28,2.7,5,49,4,5,5,Champions,Active
C11293,Telangana,South,10,107436.01,-1509.55,2024-01-11,2025-03-28,278,2.5,3,17,1,4,5,At risk,Churned
C04332,Uttar Pradesh,North,11,107456.03,-3435.86,2024-07-17,2025-10-13,79,3.3,0,18,3,4,5,Loyal,Active
C05482,Gujarat,West,14,107505.48,2146.68,2024-03-09,2025-11-20,41,2.2,4,21,4,5,5,Champions,Active
C06120,Bihar,East,6,107559.83,2706.45,2024-08-27,2025-09-24,98,7.0,2,12,3,4,5,Loyal,Churned
C02787,Maharashtra,West,9,107559.93,20493.19,2024-09-04,2025-11-28,33,2.5,0,15,4,4,5,Champions,Active
C10786,Delhi,North,20,107592.91,14422.49,2024-10-21,2025-12-17,14,2.0,3,31,5,5,5,Champions,Active
C05004,Gujarat,West,11,107737.36,10669.53,2024-04-02,2025-12-03,28,3.1,3,12,4,4,5,Champions,Active
C11663,Assam,Northeast,4,107764.53,7004.07,2025-06-13,2025-12-19,12,7.8,0,5,5,3,5,Loyal,Active
C09760,Delhi,North,14,107891.87,7901.33,2024-03-18,2025-12-21,10,2.2,1,19,5,5,5,Champions,Active
C08760,Gujarat,West,9,107962.99,14133.08,2024-05-22,2025-12-24,7,2.6,3,15,5,4,5,Champions,Active
C00182,Rajasthan,North,8,107963.5,13215.35,2024-02-12,2025-07-09,175,3.3,2,12,2,4,5,At risk,Churned
C09661,Telangana,South,14,108106.89,17043.63,2024-05-28,2025-12-06,25,2.3,2,22,4,5,5,Champions,Active
C09850,Maharashtra,West,3,108117.0,7284.02,2024-09-14,2025-12-10,21,2.0,0,5,4,3,5,Loyal,Active
C07263,Rajasthan,North,16,108135.68,9138.3,2024-03-13,2025-12-02,29,3.9,5,25,4,5,5,Champions,Active
C10329,Telangana,South,19,108181.02,-25756.46,2024-01-27,2025-09-06,116,3.0,3,27,2,5,5,At risk,Churned
C03701,Bihar,East,12,108182.16,5860.9,2024-09-13,2025-10-10,82,6.3,1,16,3,5,5,Loyal,Active
C04150,Rajasthan,North,18,108187.79,7085.27,2024-03-14,2025-12-13,18,3.8,3,22,4,5,5,Champions,Active
C08520,Uttar Pradesh,North,14,108263.91,6875.36,2024-01-16,2025-08-03,150,3.5,1,16,2,5,5,At risk,Churned
C07862,West Bengal,East,6,108285.34,22265.65,2024-07-02,2025-10-15,77,5.0,1,10,3,4,5,Loyal,Active
C02323,West Bengal,East,6,108300.99,2079.31,2024-06-09,2024-10-01,456,5.0,0,6,1,4,5,At risk,Churned
C07495,Delhi,North,2,108352.83,8049.51,2024-05-18,2025-08-29,124,1.4,0,5,2,2,5,Low value / lost,Churned
C08807,Delhi,North,15,108370.15,-11240.25,2024-05-26,2025-11-30,31,2.4,4,20,4,5,5,Champions,Active
C10060,Tamil Nadu,South,12,108485.78,16816.74,2024-12-26,2025-11-30,31,3.0,3,14,4,5,5,Champions,Active
C05794,Karnataka,South,2,108493.27,2148.14,2024-07-02,2025-08-11,142,3.5,0,4,2,2,5,Low value / lost,Churned
C02888,Madhya Pradesh,Central,6,108561.69,7135.63,2024-06-21,2025-12-20,11,4.0,0,9,5,4,5,Champions,Active
C10470,Uttar Pradesh,North,5,108629.97,-14303.59,2025-06-17,2025-12-04,27,3.5,1,6,4,3,5,Loyal,Active
C02459,Maharashtra,West,7,108697.98,12457.46,2025-09-08,2025-12-30,1,3.4,1,8,5,4,5,Champions,Active
C06650,Maharashtra,West,2,108727.23,11143.85,2025-08-12,2025-10-25,67,2.0,0,4,3,2,5,Low value / lost,Active
C02699,Telangana,South,13,108729.66,8294.55,2024-05-31,2025-12-20,11,2.7,4,20,5,5,5,Champions,Active
C01232,Maharashtra,West,10,108742.96,9474.72,2024-02-18,2025-11-06,55,2.7,3,14,3,4,5,Loyal,Active
C04714,Telangana,South,6,108797.91,14537.35,2025-01-15,2025-04-03,272,2.4,1,8,2,4,5,At risk,Churned
C03359,Karnataka,South,4,108898.59,6805.06,2025-05-30,2025-12-19,12,3.1,1,7,5,3,5,Loyal,Active
C01174,Rajasthan,North,15,108946.85,14605.03,2024-07-07,2025-12-24,7,3.7,2,21,5,5,5,Champions,Active
C06067,Telangana,South,10,108988.79,3857.07,2024-06-11,2025-11-27,34,2.3,4,18,4,4,5,Champions,Active
C03439,Maharashtra,West,16,109000.07,194.86,2024-06-08,2025-12-18,13,2.1,2,21,5,5,5,Champions,Active
C10404,Telangana,South,12,109034.26,-1133.56,2024-05-08,2025-12-18,13,2.9,3,14,5,5,5,Champions,Active
C03480,Maharashtra,West,30,109064.71,-9715.34,2024-04-09,2025-12-06,25,2.6,2,37,4,5,5,Champions,Active
C03848,Uttar Pradesh,North,15,109119.03,10424.42,2024-09-12,2025-11-22,39,3.5,3,21,4,5,5,Champions,Active
C07605,Maharashtra,West,16,109128.49,-2064.14,2024-04-15,2025-12-26,5,2.8,0,24,5,5,5,Champions,Active
C05594,Telangana,South,8,109148.57,6974.38,2024-01-04,2025-12-30,1,3.0,1,12,5,4,5,Champions,Active
C04119,Delhi,North,10,109187.19,8125.58,2024-09-08,2025-12-27,4,1.9,0,11,5,4,5,Champions,Active
C11286,Karnataka,South,17,109234.53,10547.81,2024-12-04,2025-12-21,10,2.6,3,23,5,5,5,Champions,Active
C02083,West Bengal,East,12,109263.67,7551.33,2024-03-12,2025-12-12,19,5.3,4,16,4,5,5,Champions,Active
C07633,Delhi,North,8,109268.02,3851.98,2024-03-18,2025-08-31,122,2.4,0,9,2,4,5,At risk,Churned
C00272,Delhi,North,11,109329.95,6707.36,2024-04-16,2025-11-28,33,2.7,2,18,4,4,5,Champions,Active
C01820,Assam,Northeast,7,109333.96,3596.4,2024-08-12,2025-06-23,191,6.9,1,14,2,4,5,At risk,Churned
C08824,Rajasthan,North,5,109340.33,6376.24,2024-12-02,2025-11-19,42,3.5,0,6,4,3,5,Loyal,Active
C04138,Karnataka,South,20,109354.44,11153.12,2024-09-21,2025-12-26,5,2.7,3,26,5,5,5,Champions,Active
C11437,Tamil Nadu,South,13,109355.05,9862.55,2024-11-22,2025-11-24,37,2.6,4,24,4,5,5,Champions,Active
C07047,Tamil Nadu,South,10,109379.9,10109.71,2024-02-18,2024-12-11,385,3.2,3,12,1,4,5,At risk,Churned
C04121,West Bengal,East,8,109432.62,9103.09,2025-02-02,2025-12-23,8,4.8,2,10,5,4,5,Champions,Active
C06416,Bihar,East,8,109527.33,-4894.28,2024-03-18,2025-08-21,132,6.7,0,15,2,4,5,At risk,Churned
C01099,Maharashtra,West,13,109606.61,3540.92,2024-04-03,2025-12-27,4,3.0,1,17,5,5,5,Champions,Active
C08221,Tamil Nadu,South,15,109633.06,10050.06,2024-09-15,2025-08-16,137,3.3,0,21,2,5,5,At risk,Churned
C04448,Maharashtra,West,10,109694.15,13509.64,2025-05-17,2025-12-24,7,2.3,5,18,5,4,5,Champions,Active
C09216,Maharashtra,West,11,109721.75,-2608.69,2024-09-19,2025-07-05,179,2.1,1,16,2,4,5,At risk,Churned
C07672,Tamil Nadu,South,13,109765.46,22470.13,2024-06-06,2025-12-06,25,2.8,1,19,4,5,5,Champions,Active
C00979,Telangana,South,23,109797.94,11883.77,2024-02-15,2025-11-15,46,2.9,2,31,4,5,5,Champions,Active
C09490,Rajasthan,North,12,109812.34,-4614.32,2025-06-08,2025-12-19,12,4.9,0,14,5,5,5,Champions,Active
C11600,West Bengal,East,8,109857.34,-2153.96,2025-02-18,2025-12-22,9,4.8,1,9,5,4,5,Champions,Active
C11165,Rajasthan,North,11,109921.11,19035.14,2025-04-06,2025-12-30,1,2.6,2,16,5,4,5,Champions,Active
C10132,Uttar Pradesh,North,22,109949.88,2630.67,2024-03-08,2025-11-26,35,3.5,7,31,4,5,5,Champions,Active
C03614,Gujarat,West,12,110020.1,14443.13,2024-11-26,2025-12-06,25,3.6,1,19,4,5,5,Champions,Active
C04496,Tamil Nadu,South,10,110272.23,141.01,2025-03-02,2025-10-13,79,3.0,4,17,3,4,5,Loyal,Active
C01476,Maharashtra,West,10,110469.51,7147.88,2025-01-28,2025-12-12,19,2.0,0,15,4,4,5,Champions,Active
C08931,Gujarat,West,8,110567.24,6036.8,2024-02-14,2024-12-25,371,3.9,3,12,1,4,5,At risk,Churned
C06394,Delhi,North,11,110656.73,-31884.1,2024-09-29,2025-12-21,10,2.4,1,11,5,4,5,Champions,Active
C05724,Tamil Nadu,South,5,110664.25,2605.46,2024-11-08,2025-12-23,8,3.5,1,11,5,3,5,Loyal,Active
C04091,West Bengal,East,10,110672.77,4913.58,2024-05-13,2025-08-19,134,5.5,0,14,2,4,5,At risk,Churned
C02808,Uttar Pradesh,North,13,110695.42,5042.75,2024-08-10,2025-09-20,102,3.4,0,17,3,5,5,Loyal,Churned
C06790,Telangana,South,11,110793.07,-6722.9,2024-04-10,2025-11-04,57,2.2,1,18,3,4,5,Loyal,Active
C09552,Assam,Northeast,15,110805.13,2299.0,2024-04-13,2025-12-28,3,7.4,4,22,5,5,5,Champions,Active
C08114,Tamil Nadu,South,16,110810.28,9164.28,2025-06-09,2025-12-27,4,3.0,4,23,5,5,5,Champions,Active
C00331,Tamil Nadu,South,12,110837.47,-2365.46,2024-06-07,2025-08-04,149,2.9,4,19,2,5,5,At risk,Churned
C09063,Karnataka,South,11,110959.17,12408.62,2024-06-21,2025-11-15,46,2.8,3,15,4,4,5,Champions,Active
C11710,Maharashtra,West,7,111007.04,2881.58,2024-11-16,2025-06-23,191,2.7,1,9,2,4,5,At risk,Churned
C10956,Tamil Nadu,South,11,111030.62,-8713.46,2024-07-15,2025-12-11,20,2.9,3,13,4,4,5,Champions,Active
C04648,Kerala,South,25,111158.05,15196.89,2024-01-12,2024-08-05,513,3.3,5,34,1,5,5,At risk,Churned
C02833,Odisha,East,10,111213.95,1924.57,2024-01-08,2024-06-08,571,6.1,1,12,1,4,5,At risk,Churned
C00515,Odisha,East,4,111333.42,5401.87,2025-08-06,2025-12-16,15,6.4,0,5,5,3,5,Loyal,Active
C06431,Uttar Pradesh,North,24,111345.13,13041.74,2024-02-06,2025-12-16,15,4.1,3,36,5,5,5,Champions,Active
C02354,Tamil Nadu,South,4,111386.66,-17603.04,2025-03-29,2025-12-14,17,2.4,0,7,5,3,5,Loyal,Active
C01270,Kerala,South,7,111399.4,15136.96,2025-06-10,2025-11-13,48,3.6,2,13,3,4,5,Loyal,Active
C06229,Assam,Northeast,11,111581.38,5222.03,2024-05-31,2024-12-27,369,7.2,4,15,1,4,5,At risk,Churned
C06643,Maharashtra,West,14,111618.73,12295.61,2025-02-07,2025-10-25,67,2.0,2,21,3,5,5,Loyal,Active
C01600,Tamil Nadu,South,19,111666.44,-12839.69,2025-03-15,2025-12-03,28,2.8,2,26,4,5,5,Champions,Active
C01975,Maharashtra,West,12,111688.65,9295.81,2024-06-07,2024-12-05,391,2.7,2,17,1,5,5,At risk,Churned
C01060,Maharashtra,West,3,111695.77,5734.93,2024-09-01,2024-11-12,414,1.4,0,5,1,3,5,At risk,Churned
C09195,Uttar Pradesh,North,20,111713.17,14154.35,2024-03-10,2025-12-08,23,3.4,4,27,4,5,5,Champions,Active
C09820,Rajasthan,North,6,111760.94,10757.05,2025-02-13,2025-11-25,36,3.8,3,8,4,4,5,Champions,Active
C08883,Uttar Pradesh,North,5,111833.27,-411.71,2024-12-04,2025-07-12,172,3.9,1,10,2,3,5,At risk,Churned
C05532,Gujarat,West,5,111856.78,4708.32,2024-05-31,2025-03-21,285,2.6,0,7,1,3,5,At risk,Churned
C07608,Gujarat,West,15,112040.93,1149.25,2024-04-21,2025-12-26,5,3.1,8,21,5,5,5,Champions,Active
C07859,Assam,Northeast,10,112052.53,16547.33,2025-04-27,2025-12-09,22,7.1,1,16,4,4,5,Champions,Active
C04202,Delhi,North,15,112052.84,7904.27,2024-12-01,2025-12-27,4,2.1,3,20,5,5,5,Champions,Active
C10621,West Bengal,East,13,112080.25,13427.15,2024-04-03,2025-12-22,9,4.8,2,18,5,5,5,Champions,Active
C11642,Delhi,North,16,112080.29,3282.88,2024-12-23,2025-12-01,30,2.4,3,25,4,5,5,Champions,Active
C04105,Telangana,South,15,112105.46,12897.14,2024-01-30,2024-07-19,530,2.3,4,26,1,5,5,At risk,Churned
C01105,Uttar Pradesh,North,3,112153.06,10543.28,2024-03-20,2024-06-23,556,2.2,0,6,1,3,5,At risk,Churned
C03267,Maharashtra,West,4,112257.64,-12986.55,2025-11-04,2025-12-08,23,3.0,0,6,4,3,5,Loyal,Active
C05712,Rajasthan,North,24,112280.01,2171.59,2024-10-23,2025-12-16,15,4.2,2,32,5,5,5,Champions,Active
C01143,Delhi,North,18,112284.2,15051.56,2024-02-27,2025-12-10,21,1.7,3,21,4,5,5,Champions,Active
C04460,Uttar Pradesh,North,12,112294.72,8684.29,2024-12-03,2025-11-18,43,3.3,1,19,4,5,5,Champions,Active
C00892,Delhi,North,4,112566.87,10218.17,2025-07-12,2025-11-11,50,2.3,0,7,3,3,5,Loyal,Active
C05214,Maharashtra,West,8,112890.42,18254.63,2024-12-04,2025-11-26,35,2.2,1,13,4,4,5,Champions,Active
C02128,Rajasthan,North,10,113133.44,8862.56,2024-07-01,2025-12-22,9,3.9,0,14,5,4,5,Champions,Active
C06290,Tamil Nadu,South,20,113152.04,17482.15,2025-01-23,2025-12-18,13,3.1,2,30,5,5,5,Champions,Active
C06704,Uttar Pradesh,North,18,113209.03,6714.57,2024-07-27,2025-12-05,26,3.4,3,22,4,5,5,Champions,Active
C11255,Uttar Pradesh,North,9,113264.73,10524.29,2024-05-05,2025-12-14,17,3.6,0,14,5,4,5,Champions,Active
C08328,Karnataka,South,8,113526.51,-10941.05,2024-06-28,2025-10-25,67,2.3,3,12,3,4,5,Loyal,Active
C01715,Uttar Pradesh,North,13,113646.69,1067.26,2024-09-01,2025-12-11,20,3.4,3,22,4,5,5,Champions,Active
C07075,Telangana,South,15,113653.52,-12731.61,2024-03-14,2025-09-20,102,2.2,1,22,3,5,5,Loyal,Churned
C03908,Karnataka,South,15,113663.71,9653.65,2024-08-12,2025-09-30,92,2.0,1,21,3,5,5,Loyal,Churned
C01760,Gujarat,West,8,113779.31,8992.25,2024-10-28,2025-11-16,45,3.5,0,11,4,4,5,Champions,Active
C00841,Karnataka,South,10,113815.63,7561.92,2024-12-05,2025-12-13,18,2.6,2,15,4,4,5,Champions,Active
C01406,Gujarat,West,12,113817.64,879.41,2024-10-18,2025-03-15,291,3.1,1,17,1,5,5,At risk,Churned
C07842,Rajasthan,North,11,114002.21,-6465.8,2025-05-18,2025-11-28,33,3.9,1,16,4,4,5,Champions,Active
C09506,Gujarat,West,7,114113.69,-8753.89,2024-08-12,2025-10-13,79,2.2,0,9,3,4,5,Loyal,Active
C05615,Bihar,East,11,114121.11,6918.56,2025-04-19,2025-12-22,9,7.5,1,17,5,4,5,Champions,Active
C09486,Telangana,South,8,114125.51,-7421.67,2025-01-07,2025-12-30,1,3.3,5,15,5,4,5,Champions,Active
C02187,Madhya Pradesh,Central,5,114152.2,8259.1,2024-12-19,2025-12-09,22,4.6,0,8,4,3,5,Loyal,Active
C01159,Kerala,South,11,114243.5,17472.41,2024-05-24,2025-09-06,116,3.6,3,19,2,4,5,At risk,Churned
C09080,Karnataka,South,16,114389.63,-1241.38,2024-01-19,2024-08-30,488,2.4,1,21,1,5,5,At risk,Churned
C08892,Gujarat,West,7,114396.0,5327.57,2024-10-03,2025-12-17,14,3.5,0,11,5,4,5,Champions,Active
C03132,Karnataka,South,14,114402.7,12332.01,2024-12-20,2025-12-15,16,2.3,4,18,5,5,5,Champions,Active
C00184,Kerala,South,10,114413.9,8130.86,2025-01-20,2025-12-11,20,4.0,1,14,4,4,5,Champions,Active
C08178,Maharashtra,West,18,114441.92,-3987.75,2024-01-11,2024-05-15,595,2.6,1,26,1,5,5,At risk,Churned
C09499,Telangana,South,13,114510.6,11031.3,2024-06-16,2024-09-22,465,2.4,1,16,1,5,5,At risk,Churned
C10342,Delhi,North,22,114691.04,28097.92,2024-02-06,2025-11-21,40,2.2,2,31,4,5,5,Champions,Active
C06905,Rajasthan,North,14,114767.54,312.54,2024-05-07,2024-11-15,411,3.8,2,17,1,5,5,At risk,Churned
C03060,Karnataka,South,20,114782.84,-2303.81,2024-05-25,2025-12-11,20,2.5,10,29,4,5,5,Champions,Active
C07384,Maharashtra,West,5,114823.22,21023.47,2025-02-18,2025-12-22,9,2.8,1,9,5,3,5,Loyal,Active
C02548,West Bengal,East,14,114842.0,13763.62,2024-08-20,2025-12-21,10,4.8,2,20,5,5,5,Champions,Active
C11040,Maharashtra,West,18,114844.8,8400.7,2024-01-07,2025-10-22,70,2.8,2,28,3,5,5,Loyal,Active
C10936,Gujarat,West,11,114891.77,861.89,2024-11-22,2025-11-28,33,3.4,3,16,4,4,5,Champions,Active
C08563,Maharashtra,West,12,114925.95,-518.46,2024-08-29,2025-11-22,39,2.5,4,18,4,5,5,Champions,Active
C00958,Bihar,East,13,114966.61,-3905.28,2024-01-16,2025-10-02,90,6.6,1,18,3,5,5,Loyal,Active
C09767,Tamil Nadu,South,16,114997.58,-2442.88,2024-11-18,2025-12-28,3,3.1,1,20,5,5,5,Champions,Active
C09990,Gujarat,West,21,115098.95,8071.42,2024-04-06,2025-12-03,28,3.4,2,27,4,5,5,Champions,Active
C07866,Tamil Nadu,South,8,115133.21,13838.22,2024-11-06,2025-03-04,302,2.9,1,15,1,4,5,At risk,Churned
C08379,Karnataka,South,10,115141.02,4551.38,2025-01-25,2025-09-18,104,3.2,3,14,3,4,5,Loyal,Churned
C09454,Gujarat,West,5,115149.41,-1917.54,2024-11-19,2025-10-16,76,3.3,0,7,3,3,5,Loyal,Active
C09985,Maharashtra,West,13,115151.59,7242.57,2024-09-15,2025-12-02,29,2.1,1,17,4,5,5,Champions,Active
C06454,Tamil Nadu,South,7,115207.46,13334.69,2025-01-02,2025-09-09,113,2.7,0,10,2,4,5,At risk,Churned
C06725,Uttar Pradesh,North,20,115315.92,28715.48,2024-05-27,2025-09-21,101,3.6,5,32,3,5,5,Loyal,Churned
C04417,Gujarat,West,12,115318.41,11911.29,2024-11-05,2025-11-15,46,3.2,1,17,4,5,5,Champions,Active
C08282,Tamil Nadu,South,9,115425.85,-18653.45,2024-04-07,2025-11-22,39,2.4,2,12,4,4,5,Champions,Active
C09806,Tamil Nadu,South,15,115440.13,15782.74,2024-05-27,2025-11-20,41,3.1,1,18,4,5,5,Champions,Active
C06366,Telangana,South,19,115440.61,21337.89,2024-11-07,2025-12-29,2,2.5,1,27,5,5,5,Champions,Active
C01546,Gujarat,West,6,115638.02,8513.47,2025-01-27,2025-12-09,22,3.4,1,8,4,4,5,Champions,Active
C04072,Rajasthan,North,12,115638.18,9249.93,2024-02-24,2025-12-06,25,3.3,1,21,4,5,5,Champions,Active
C07445,Gujarat,West,10,115646.62,6936.16,2024-11-27,2025-11-07,54,3.2,3,17,3,4,5,Loyal,Active
C10395,Rajasthan,North,15,115692.85,1460.58,2024-09-07,2025-09-13,109,3.8,2,18,3,5,5,Loyal,Churned
C03098,Maharashtra,West,8,115782.99,10749.93,2024-10-29,2025-07-28,156,2.9,1,8,2,4,5,At risk,Churned
C02878,West Bengal,East,14,115816.69,-12537.84,2024-09-14,2025-12-22,9,5.3,3,19,5,5,5,Champions,Active
C03609,Kerala,South,25,115899.41,-6377.35,2024-03-03,2025-12-10,21,3.2,4,30,4,5,5,Champions,Active
C07978,Maharashtra,West,6,115955.21,7346.84,2024-11-28,2025-10-05,87,2.0,0,10,3,4,5,Loyal,Active
C02127,Rajasthan,North,12,116186.54,10627.38,2024-09-30,2025-12-22,9,3.4,0,16,5,5,5,Champions,Active
C01699,Gujarat,West,9,116243.32,12610.55,2025-05-22,2025-12-02,29,3.2,2,13,4,4,5,Champions,Active
C04602,Karnataka,South,7,116293.69,16860.69,2024-11-25,2025-12-04,27,2.7,4,12,4,4,5,Champions,Active
C00707,Maharashtra,West,10,116350.96,955.75,2024-05-23,2025-07-14,170,2.8,3,13,2,4,5,At risk,Churned
C02246,Assam,Northeast,9,116392.15,10282.22,2024-10-02,2025-11-10,51,7.6,1,14,3,4,5,Loyal,Active
C08481,Uttar Pradesh,North,30,116432.29,8642.61,2024-03-12,2025-10-26,66,3.2,3,40,3,5,5,Loyal,Active
C10073,Tamil Nadu,South,15,116465.73,6658.39,2024-04-03,2025-09-01,121,2.8,3,27,2,5,5,At risk,Churned
C01999,Odisha,East,7,116607.85,11341.19,2024-03-07,2025-06-02,212,5.4,0,9,2,4,5,At risk,Churned
C09585,West Bengal,East,14,116620.04,16784.26,2024-07-10,2025-12-20,11,4.6,3,18,5,5,5,Champions,Active
C01427,Telangana,South,7,116662.63,1119.61,2024-05-05,2025-08-13,140,2.2,1,12,2,4,5,At risk,Churned
C07470,Gujarat,West,11,116666.73,6140.69,2024-03-24,2025-12-23,8,3.2,0,13,5,4,5,Champions,Active
C11035,Madhya Pradesh,Central,17,116710.57,16964.47,2024-04-14,2025-12-17,14,4.0,7,24,5,5,5,Champions,Active
C08538,Gujarat,West,10,116715.12,-1162.58,2024-07-08,2025-11-09,52,3.5,0,11,3,4,5,Loyal,Active
C02718,Telangana,South,11,116719.61,17943.04,2024-02-09,2025-04-28,247,3.1,1,14,2,4,5,At risk,Churned
C06601,Maharashtra,West,18,116883.74,21811.08,2025-04-18,2025-12-29,2,2.5,3,23,5,5,5,Champions,Active
C00871,Madhya Pradesh,Central,12,116956.08,-818.5,2024-08-11,2025-12-21,10,3.3,2,16,5,5,5,Champions,Active
C11193,Maharashtra,West,12,117055.6,-7731.61,2024-09-11,2025-11-27,34,2.7,1,16,4,5,5,Champions,Active
C09111,Tamil Nadu,South,23,117155.73,16695.85,2024-01-06,2024-05-03,607,2.8,2,33,1,5,5,At risk,Churned
C09045,Karnataka,South,7,117242.44,5268.78,2024-11-18,2025-11-09,52,2.0,1,11,3,4,5,Loyal,Active
C06811,Karnataka,South,13,117252.55,7141.72,2024-02-12,2025-12-28,3,2.8,2,16,5,5,5,Champions,Active
C04505,Madhya Pradesh,Central,14,117266.48,-6361.06,2025-01-04,2025-10-22,70,4.2,3,19,3,5,5,Loyal,Active
C00457,Maharashtra,West,11,117285.28,-408.92,2024-06-09,2025-12-08,23,3.0,4,14,4,4,5,Champions,Active
C10822,Gujarat,West,18,117469.98,2161.66,2024-07-11,2025-12-20,11,3.3,5,24,5,5,5,Champions,Active
C10340,Tamil Nadu,South,16,117492.19,874.22,2024-07-28,2025-12-27,4,2.8,3,21,5,5,5,Champions,Active
C11910,Telangana,South,12,117539.74,14139.49,2025-02-20,2025-12-16,15,2.2,1,16,5,5,5,Champions,Active
C08364,Karnataka,South,15,117557.01,12745.65,2024-12-27,2025-11-24,37,2.4,2,21,4,5,5,Champions,Active
C06635,Odisha,East,8,117582.13,10102.2,2024-08-17,2025-10-15,77,6.4,2,16,3,4,5,Loyal,Active
C08839,Rajasthan,North,13,117688.52,-4189.6,2025-02-08,2025-12-30,1,3.5,1,17,5,5,5,Champions,Active
C01484,Gujarat,West,4,117715.72,1512.52,2025-01-13,2025-10-08,84,3.8,1,10,3,3,5,Loyal,Active
C04501,Maharashtra,West,19,117744.96,19053.94,2024-01-30,2025-12-05,26,2.9,2,31,4,5,5,Champions,Active
C03225,Telangana,South,11,117858.34,16875.02,2024-02-23,2024-07-22,527,2.6,7,16,1,4,5,At risk,Churned
C03595,Madhya Pradesh,Central,15,117900.71,11581.36,2024-12-24,2025-10-17,75,4.1,0,21,3,5,5,Loyal,Active
C09036,Rajasthan,North,25,118013.74,7662.13,2024-03-07,2024-08-27,491,3.7,2,28,1,5,5,At risk,Churned
C01242,Kerala,South,7,118027.81,-18135.52,2025-07-01,2025-10-28,64,3.9,1,10,3,4,5,Loyal,Active
C01690,Delhi,North,15,118174.93,-1875.63,2024-03-20,2025-11-27,34,2.1,3,19,4,5,5,Champions,Active
C05246,Maharashtra,West,2,118183.03,478.79,2024-04-22,2025-09-21,101,5.0,3,3,3,2,5,Low value / lost,Churned
C00499,Gujarat,West,10,118244.35,1366.24,2025-03-20,2025-12-19,12,2.5,3,13,5,4,5,Champions,Active
C07982,West Bengal,East,9,118246.75,-558.41,2025-03-01,2025-12-20,11,5.0,1,11,5,4,5,Champions,Active
C08523,Maharashtra,West,11,118311.99,7451.84,2024-12-06,2025-10-05,87,2.7,6,19,3,4,5,Loyal,Active
C01520,Maharashtra,West,5,118581.09,18839.34,2024-07-18,2025-06-13,201,2.3,1,7,2,3,5,At risk,Churned
C01335,Rajasthan,North,20,118598.34,17433.68,2025-01-21,2025-10-29,63,3.6,6,33,3,5,5,Loyal,Active
C04223,Uttar Pradesh,North,20,118603.82,8383.66,2024-05-22,2025-11-09,52,3.8,1,25,3,5,5,Loyal,Active
C02963,Karnataka,South,8,118610.22,10416.1,2024-10-26,2025-12-25,6,2.5,2,15,5,4,5,Champions,Active
C02136,Delhi,North,20,118787.42,18962.73,2024-04-27,2025-11-28,33,2.1,4,27,4,5,5,Champions,Active
C06662,Kerala,South,7,118825.44,13623.6,2025-06-03,2025-12-30,1,3.1,0,8,5,4,5,Champions,Active
C02450,Maharashtra,West,8,118907.53,-21751.23,2024-07-03,2025-07-26,158,2.8,2,17,2,4,5,At risk,Churned
C03212,Tamil Nadu,South,8,118922.96,10738.83,2024-10-01,2025-11-19,42,2.8,1,13,4,4,5,Champions,Active
C07734,Karnataka,South,17,118929.83,4158.97,2024-03-01,2025-12-14,17,2.1,4,24,5,5,5,Champions,Active
C10426,Madhya Pradesh,Central,15,119069.27,8786.48,2024-03-29,2025-11-07,54,3.7,9,19,3,5,5,Loyal,Active
C07026,Delhi,North,7,119073.64,14307.02,2025-06-08,2025-12-22,9,2.3,5,17,5,4,5,Champions,Active
C06607,Karnataka,South,8,119097.79,6104.43,2025-08-03,2025-12-03,28,3.3,1,13,4,4,5,Champions,Active
C11252,Delhi,North,7,119140.41,10353.97,2024-04-25,2025-11-05,56,2.6,0,9,3,4,5,Loyal,Active
C10155,Karnataka,South,15,119241.21,9492.82,2024-04-19,2025-11-19,42,2.7,1,22,4,5,5,Champions,Active
C11220,Uttar Pradesh,North,9,119246.19,12569.39,2024-10-23,2025-11-27,34,3.6,2,12,4,4,5,Champions,Active
C04032,Rajasthan,North,6,119258.17,4733.04,2025-02-24,2025-10-23,69,3.9,3,13,3,4,5,Loyal,Active
C03700,Karnataka,South,12,119373.07,-12304.97,2024-02-27,2025-12-10,21,2.8,2,19,4,5,5,Champions,Active
C00357,Karnataka,South,4,119403.83,10090.02,2024-06-12,2025-05-24,221,3.0,1,7,2,3,5,At risk,Churned
C03660,Gujarat,West,7,119483.38,-8537.19,2025-01-01,2025-12-04,27,3.1,0,9,4,4,5,Champions,Active
C02523,Tamil Nadu,South,6,119495.03,3426.61,2024-11-24,2025-12-04,27,2.1,2,12,4,4,5,Champions,Active
C11494,Uttar Pradesh,North,6,119637.79,-8636.19,2024-05-02,2025-11-27,34,2.6,0,9,4,4,5,Champions,Active
C00122,Delhi,North,12,119656.27,-14460.51,2024-02-20,2025-09-17,105,2.4,2,18,3,5,5,Loyal,Churned
C03012,Telangana,South,9,119725.51,-8860.63,2025-01-13,2025-12-21,10,3.4,2,12,5,4,5,Champions,Active
C10309,Telangana,South,10,119759.87,-734.84,2024-11-21,2025-12-02,29,2.6,2,16,4,4,5,Champions,Active
C11381,Maharashtra,West,19,119771.13,6568.64,2024-11-26,2025-12-27,4,2.3,3,27,5,5,5,Champions,Active
C10233,Rajasthan,North,21,119932.83,11468.49,2025-03-19,2025-12-24,7,4.5,1,28,5,5,5,Champions,Active
C06624,Odisha,East,15,120020.54,13921.6,2025-02-12,2025-11-01,60,6.8,4,26,3,5,5,Loyal,Active
C02996,Rajasthan,North,20,120031.67,-2839.54,2024-05-01,2025-12-08,23,4.0,4,26,4,5,5,Champions,Active
C10842,Rajasthan,North,10,120039.1,-4712.8,2024-04-03,2025-11-04,57,3.7,2,15,3,4,5,Loyal,Active
C10777,Karnataka,South,10,120087.53,-15487.02,2024-08-02,2025-08-11,142,2.2,0,11,2,4,5,At risk,Churned
C05508,Maharashtra,West,20,120101.17,11027.69,2025-02-13,2025-12-14,17,2.1,3,27,5,5,5,Champions,Active
C05094,Gujarat,West,8,120161.34,14399.83,2024-01-23,2025-11-09,52,3.3,1,11,3,4,5,Loyal,Active
C04089,Delhi,North,14,120242.46,9465.76,2025-01-06,2025-12-07,24,2.3,2,19,4,5,5,Champions,Active
C09175,Rajasthan,North,16,120285.35,8322.84,2024-11-19,2025-12-27,4,4.0,3,21,5,5,5,Champions,Active
C10830,Delhi,North,8,120339.25,10013.74,2024-02-29,2025-10-27,65,2.2,0,14,3,4,5,Loyal,Active
C01379,Karnataka,South,13,120393.3,5527.61,2025-06-14,2025-12-15,16,2.4,1,15,5,5,5,Champions,Active
C10728,Telangana,South,17,120440.59,19098.03,2025-05-03,2025-12-31,0,2.7,0,28,5,5,5,Champions,Active
C07699,Delhi,North,12,120488.34,6503.75,2025-04-20,2025-11-10,51,2.1,1,19,3,5,5,Loyal,Active
C09958,Rajasthan,North,12,120525.72,-5264.6,2024-11-06,2025-10-24,68,4.4,1,17,3,5,5,Loyal,Active
C06503,Telangana,South,8,120661.62,-4856.02,2024-08-03,2025-11-24,37,2.0,0,12,4,4,5,Champions,Active
C10612,Delhi,North,12,120688.64,16090.21,2024-11-30,2025-12-11,20,1.9,1,14,4,5,5,Champions,Active
C01503,Madhya Pradesh,Central,12,120737.43,-762.34,2024-01-31,2024-07-10,539,3.6,3,16,1,5,5,At risk,Churned
C00316,Telangana,South,20,120796.38,9773.03,2024-01-24,2024-07-05,544,2.0,1,26,1,5,5,At risk,Churned
C01821,West Bengal,East,11,120850.47,-4726.74,2025-03-29,2025-12-30,1,4.5,1,15,5,4,5,Champions,Active
C06656,West Bengal,East,5,120872.55,-2229.08,2024-06-15,2025-08-23,130,5.1,1,8,2,3,5,At risk,Churned
C07546,West Bengal,East,15,120983.64,13488.78,2024-04-06,2025-12-03,28,5.5,5,22,4,5,5,Champions,Active
C01665,Karnataka,South,17,120996.31,6936.17,2024-07-06,2025-12-15,16,2.9,5,23,5,5,5,Champions,Active
C00669,Rajasthan,North,11,121026.2,-7384.19,2024-03-04,2025-11-11,50,4.8,4,12,3,4,5,Loyal,Active
C04162,Rajasthan,North,26,121082.98,14439.7,2025-02-23,2025-12-30,1,3.9,1,32,5,5,5,Champions,Active
C02919,Odisha,East,7,121189.46,7898.08,2024-04-09,2025-08-23,130,5.7,2,10,2,4,5,At risk,Churned
C02915,Tamil Nadu,South,16,121215.96,17518.15,2024-03-12,2025-10-30,62,3.4,4,19,3,5,5,Loyal,Active
C08327,Tamil Nadu,South,5,121402.53,9315.7,2024-04-16,2025-12-24,7,2.9,0,7,5,3,5,Loyal,Active
C05785,Bihar,East,14,121425.21,13351.66,2024-12-30,2025-11-09,52,6.2,2,19,3,5,5,Loyal,Active
C10504,Uttar Pradesh,North,12,121441.74,17638.04,2024-05-09,2025-10-28,64,3.3,8,18,3,5,5,Loyal,Active
C11091,Delhi,North,14,121447.01,22552.41,2024-06-19,2025-11-18,43,1.8,4,25,4,5,5,Champions,Active
C04860,Maharashtra,West,7,121528.38,7227.65,2024-11-01,2025-11-27,34,2.5,0,8,4,4,5,Champions,Active
C04629,Uttar Pradesh,North,11,121553.33,-1097.43,2024-04-01,2024-11-09,417,3.4,2,16,1,4,5,At risk,Churned
C08373,Tamil Nadu,South,13,121668.78,12019.68,2024-12-07,2025-11-30,31,3.3,2,20,4,5,5,Champions,Active
C00246,Maharashtra,West,25,121684.55,9062.21,2024-09-01,2025-12-15,16,2.7,3,35,5,5,5,Champions,Active
C04925,Tamil Nadu,South,7,121872.85,65.31,2024-07-20,2025-10-03,89,2.6,2,11,3,4,5,Loyal,Active
C03080,Maharashtra,West,8,121967.05,11382.63,2024-12-23,2025-12-20,11,2.3,0,12,5,4,5,Champions,Active
C04622,Karnataka,South,7,121982.49,-3501.94,2024-08-14,2025-11-01,60,2.7,1,10,3,4,5,Loyal,Active
C01466,Maharashtra,West,14,122003.84,21813.4,2024-12-22,2025-12-28,3,2.5,3,19,5,5,5,Champions,Active
C03301,Maharashtra,West,10,122040.76,-1233.66,2025-02-15,2025-11-28,33,1.9,0,18,4,4,5,Champions,Active
C11170,Maharashtra,West,15,122115.83,4463.45,2024-04-30,2025-12-29,2,2.2,3,19,5,5,5,Champions,Active
C05099,Uttar Pradesh,North,14,122122.52,2374.64,2024-05-29,2025-11-20,41,3.6,9,18,4,5,5,Champions,Active
C11029,West Bengal,East,6,122193.99,-3336.06,2024-09-07,2025-11-26,35,5.0,2,9,4,4,5,Champions,Active
C04745,Uttar Pradesh,North,8,122288.71,6662.39,2024-03-26,2025-05-23,222,3.3,3,12,2,4,5,At risk,Churned
C02875,Tamil Nadu,South,15,122325.5,7191.16,2024-09-06,2025-11-24,37,2.5,1,22,4,5,5,Champions,Active
C08863,Maharashtra,West,10,122461.12,705.46,2024-04-05,2025-04-14,261,2.4,2,11,2,4,5,At risk,Churned
C00518,Odisha,East,27,122514.22,1002.91,2024-02-01,2025-12-03,28,6.0,3,31,4,5,5,Champions,Active
C11258,Maharashtra,West,12,122556.94,2121.62,2024-08-20,2025-10-24,68,2.6,4,20,3,5,5,Loyal,Active
C03799,Tamil Nadu,South,5,122597.39,8375.18,2025-03-25,2025-12-13,18,2.9,1,8,4,3,5,Loyal,Active
C04693,Rajasthan,North,22,122601.99,26242.16,2024-05-02,2025-12-17,14,4.7,12,34,5,5,5,Champions,Active
C03535,Telangana,South,17,122656.44,11255.3,2024-10-19,2025-12-28,3,2.8,2,26,5,5,5,Champions,Active
C05371,Maharashtra,West,12,122695.45,9616.66,2024-05-25,2025-12-26,5,2.4,4,21,5,5,5,Champions,Active
C03669,Uttar Pradesh,North,12,122722.6,13825.02,2024-05-16,2024-11-28,398,3.1,1,15,1,5,5,At risk,Churned
C10681,Delhi,North,16,123067.2,15614.93,2025-03-20,2025-12-11,20,1.6,1,23,4,5,5,Champions,Active
C06807,Uttar Pradesh,North,8,123169.13,-15125.22,2024-03-09,2025-07-29,155,3.2,0,9,2,4,5,At risk,Churned
C11072,Kerala,South,13,123257.21,18815.04,2024-05-13,2025-01-24,341,4.1,4,20,1,5,5,At risk,Churned
C10433,Karnataka,South,15,123364.18,9029.24,2024-12-23,2025-12-18,13,1.8,3,23,5,5,5,Champions,Active
C09179,Uttar Pradesh,North,18,123425.0,22109.8,2024-08-09,2025-10-10,82,4.1,4,22,3,5,5,Loyal,Active
C03672,Maharashtra,West,10,123666.58,4830.23,2024-06-28,2025-10-08,84,2.6,0,20,3,4,5,Loyal,Active
C07628,Rajasthan,North,20,123738.28,16368.06,2024-04-04,2025-11-28,33,3.9,3,29,4,5,5,Champions,Active
C08005,West Bengal,East,17,123747.48,5551.9,2024-05-14,2025-10-27,65,4.8,9,22,3,5,5,Loyal,Active
C02923,Maharashtra,West,21,123751.28,22942.46,2024-06-22,2025-10-16,76,2.3,3,29,3,5,5,Loyal,Active
C07052,Gujarat,West,18,123808.59,2749.38,2024-01-21,2024-08-29,489,2.8,2,23,1,5,5,At risk,Churned
C05069,Uttar Pradesh,North,13,123839.65,-11797.89,2024-01-31,2024-11-26,400,3.1,0,17,1,5,5,At risk,Churned
C06300,Maharashtra,West,15,123892.86,9950.4,2024-01-19,2024-08-10,508,2.8,2,23,1,5,5,At risk,Churned
C03683,Delhi,North,7,123922.24,3760.37,2025-03-17,2025-12-02,29,2.1,0,10,4,4,5,Champions,Active
C02647,Telangana,South,10,123939.59,14545.91,2024-05-28,2025-11-28,33,2.2,3,15,4,4,5,Champions,Active
C06889,Karnataka,South,4,124013.01,-16705.14,2024-10-05,2025-04-29,246,1.7,0,6,2,3,5,At risk,Churned
C04929,Delhi,North,14,124290.69,1297.31,2024-02-13,2025-04-10,265,2.6,4,20,2,5,5,At risk,Churned
C03440,Rajasthan,North,12,124367.99,-3815.48,2024-12-31,2025-12-04,27,3.7,2,20,4,5,5,Champions,Active
C03641,Telangana,South,19,124605.81,13607.93,2024-01-06,2025-10-23,69,2.1,5,26,3,5,5,Loyal,Active
C07074,Karnataka,South,13,124616.74,-3099.8,2024-09-16,2025-11-04,57,2.4,3,17,3,5,5,Loyal,Active
C11547,Maharashtra,West,12,124650.26,13894.51,2024-12-28,2025-12-27,4,2.7,5,19,5,5,5,Champions,Active
C05184,Gujarat,West,9,124690.58,-1369.82,2024-07-31,2025-10-08,84,2.4,1,13,3,4,5,Loyal,Active
C01629,Bihar,East,13,124884.27,15053.27,2024-11-24,2025-12-04,27,6.4,0,17,4,5,5,Champions,Active
C00614,Tamil Nadu,South,15,124935.39,15411.3,2024-03-14,2025-10-08,84,3.0,4,25,3,5,5,Loyal,Active
C04611,Tamil Nadu,South,14,125034.07,10929.01,2024-04-10,2025-12-15,16,2.5,6,20,5,5,5,Champions,Active
C11957,Delhi,North,18,125060.38,5910.35,2024-10-08,2025-11-16,45,2.5,4,28,4,5,5,Champions,Active
C04062,Uttar Pradesh,North,3,125083.15,8022.25,2024-04-12,2025-12-03,28,3.2,1,6,4,3,5,Loyal,Active
C01798,Maharashtra,West,10,125164.03,587.16,2024-06-07,2025-12-24,7,2.9,0,12,5,4,5,Champions,Active
C01508,Maharashtra,West,16,125181.05,-18742.84,2024-04-14,2025-12-28,3,2.5,2,22,5,5,5,Champions,Active
C01899,Gujarat,West,6,125260.59,14755.82,2024-10-14,2025-12-01,30,2.9,1,7,4,4,5,Champions,Active
C10220,Kerala,South,9,125293.49,-24232.89,2025-06-06,2025-12-22,9,3.0,2,13,5,4,5,Champions,Active
C04949,Assam,Northeast,8,125295.14,638.04,2024-05-30,2025-05-28,217,6.9,1,16,2,4,5,At risk,Churned
C09210,Tamil Nadu,South,7,125360.37,21615.3,2024-06-28,2025-11-10,51,3.2,3,13,3,4,5,Loyal,Active
C10160,Maharashtra,West,10,125423.37,-820.59,2024-01-28,2025-12-27,4,2.3,4,20,5,4,5,Champions,Active
C11256,Delhi,North,12,125462.36,9931.31,2024-07-17,2025-03-07,299,1.8,4,19,1,5,5,At risk,Churned
C01015,Uttar Pradesh,North,30,125486.35,25244.95,2024-11-25,2025-12-26,5,3.5,3,43,5,5,5,Champions,Active
C09858,Tamil Nadu,South,6,125582.2,9614.27,2024-02-08,2025-09-21,101,2.8,0,8,3,4,5,Loyal,Churned
C10294,Maharashtra,West,15,125630.43,-1207.91,2024-09-05,2025-10-24,68,2.6,4,21,3,5,5,Loyal,Active
C09848,Kerala,South,4,125709.3,8789.19,2024-11-01,2024-12-17,379,3.8,1,6,1,3,5,At risk,Churned
C01549,Assam,Northeast,12,125719.05,13714.05,2024-04-08,2024-09-26,461,7.8,3,17,1,5,5,At risk,Churned
C03585,Maharashtra,West,25,125729.44,19915.24,2025-01-20,2025-12-29,2,2.4,2,36,5,5,5,Champions,Active
C07275,Kerala,South,14,125846.64,14360.05,2024-08-06,2025-12-09,22,3.7,2,17,4,5,5,Champions,Active
C11683,Karnataka,South,12,125893.53,11995.65,2024-06-17,2025-11-02,59,2.5,1,18,3,5,5,Loyal,Active
C06534,Karnataka,South,5,125919.92,9685.61,2024-06-05,2025-11-06,55,2.1,1,9,3,3,5,Loyal,Active
C03937,Karnataka,South,4,125982.33,7110.87,2025-03-20,2025-10-12,80,3.0,0,6,3,3,5,Loyal,Active
C00819,Karnataka,South,5,126037.98,-4341.29,2025-02-24,2025-12-06,25,1.9,3,7,4,3,5,Loyal,Active
C09866,Tamil Nadu,South,14,126227.85,11007.02,2024-03-09,2025-06-01,213,3.8,1,19,2,5,5,At risk,Churned
C09539,Maharashtra,West,6,126499.96,2743.54,2024-04-19,2025-05-03,242,3.0,2,10,2,4,5,At risk,Churned
C10856,Delhi,North,15,126543.46,-3653.29,2024-09-19,2025-11-23,38,2.5,3,20,4,5,5,Champions,Active
C09124,Delhi,North,22,126580.9,1340.3,2024-01-14,2025-10-29,63,2.1,5,29,3,5,5,Loyal,Active
C07732,Delhi,North,21,126600.19,24977.93,2024-06-19,2025-11-29,32,1.9,5,30,4,5,5,Champions,Active
C05399,Madhya Pradesh,Central,8,126820.35,12330.52,2024-12-28,2025-12-26,5,4.1,0,15,5,4,5,Champions,Active
C03725,West Bengal,East,12,126821.43,6458.01,2024-11-09,2025-12-15,16,4.6,3,20,5,5,5,Champions,Active
C06183,Gujarat,West,15,126832.73,12756.67,2024-11-23,2025-11-19,42,3.6,3,20,4,5,5,Champions,Active
C07330,Telangana,South,9,126852.03,2261.52,2024-05-19,2025-09-13,109,2.6,0,13,3,4,5,Loyal,Churned
C02948,Maharashtra,West,16,126931.62,23004.45,2024-02-13,2025-12-23,8,2.0,3,28,5,5,5,Champions,Active
C05752,Uttar Pradesh,North,17,127076.52,8489.78,2024-02-01,2025-08-21,132,3.6,3,25,2,5,5,At risk,Churned
C10541,Delhi,North,6,127103.22,13373.08,2024-06-16,2025-05-23,222,1.9,1,9,2,4,5,At risk,Churned
C00788,Rajasthan,North,19,127122.12,1229.63,2024-07-14,2025-12-04,27,3.9,1,30,4,5,5,Champions,Active
C07967,Maharashtra,West,12,127316.71,4712.0,2025-01-02,2025-11-26,35,2.3,0,13,4,5,5,Champions,Active
C11700,Delhi,North,12,127385.52,-3445.02,2024-09-01,2025-10-29,63,2.0,1,17,3,5,5,Loyal,Active
C05405,Delhi,North,20,127454.69,-6117.35,2024-03-08,2025-11-10,51,2.2,2,23,3,5,5,Loyal,Active
C03880,Assam,Northeast,14,127512.43,9164.08,2024-10-13,2025-04-21,254,7.0,1,20,2,5,5,At risk,Churned
C04515,Maharashtra,West,7,127570.02,12829.38,2024-02-19,2025-02-08,326,3.2,2,12,1,4,5,At risk,Churned
C08962,Bihar,East,12,127592.54,11459.12,2024-12-13,2025-04-07,268,6.6,1,15,2,5,5,At risk,Churned
C05107,Telangana,South,20,127616.82,22975.78,2024-04-13,2025-11-24,37,2.5,1,32,4,5,5,Champions,Active
C04808,Madhya Pradesh,Central,9,127725.87,6204.99,2024-06-12,2025-12-28,3,4.1,1,18,5,4,5,Champions,Active
C11842,Tamil Nadu,South,7,127744.21,14598.06,2024-03-08,2025-12-16,15,3.0,2,9,5,4,5,Champions,Active
C02485,Gujarat,West,11,127846.11,8640.14,2025-03-31,2025-12-24,7,2.7,2,20,5,4,5,Champions,Active
C01206,Gujarat,West,8,127856.66,-26965.28,2024-01-28,2025-04-04,271,2.9,1,12,2,4,5,At risk,Churned
C06514,Delhi,North,4,127990.54,-6115.87,2024-06-30,2025-10-02,90,2.3,1,6,3,3,5,Loyal,Active
C04169,Delhi,North,18,128022.36,3810.29,2024-11-17,2025-12-25,6,2.3,1,26,5,5,5,Champions,Active
C11296,Madhya Pradesh,Central,9,128032.25,10929.43,2025-02-13,2025-12-02,29,4.1,0,11,4,4,5,Champions,Active
C11601,Rajasthan,North,10,128132.4,2409.38,2024-06-07,2024-12-24,372,3.1,3,14,1,4,5,At risk,Churned
C07388,Bihar,East,21,128223.44,10164.91,2024-02-18,2025-10-26,66,6.6,4,27,3,5,5,Loyal,Active
C03113,Uttar Pradesh,North,8,128230.62,5874.99,2024-06-03,2025-12-28,3,3.8,1,12,5,4,5,Champions,Active
C10864,Madhya Pradesh,Central,12,128237.6,-7688.08,2025-05-24,2025-12-17,14,3.9,5,17,5,5,5,Champions,Active
C00130,Madhya Pradesh,Central,9,128252.12,-2323.97,2024-11-09,2025-12-04,27,3.9,0,14,4,4,5,Champions,Active
C03034,Delhi,North,15,128441.61,-6228.53,2024-07-08,2025-12-09,22,1.8,2,22,4,5,5,Champions,Active
C11770,Gujarat,West,15,128525.37,-1831.75,2025-03-04,2025-12-29,2,3.0,1,23,5,5,5,Champions,Active
C03842,Karnataka,South,17,128552.11,-13606.77,2024-10-28,2025-12-03,28,2.5,1,21,4,5,5,Champions,Active
C05870,Uttar Pradesh,North,6,128574.4,10147.12,2024-05-11,2025-11-29,32,3.5,3,13,4,4,5,Champions,Active
C10268,Karnataka,South,20,128603.99,9316.43,2024-05-15,2024-12-27,369,2.5,0,27,1,5,5,At risk,Churned
C04711,Maharashtra,West,14,128728.75,19216.56,2024-02-07,2025-12-28,3,1.9,3,24,5,5,5,Champions,Active
C03548,Maharashtra,West,17,128791.03,13007.61,2024-03-28,2025-11-26,35,2.5,3,26,4,5,5,Champions,Active
C04184,Karnataka,South,21,128809.13,-2321.84,2024-05-11,2025-11-30,31,2.7,4,33,4,5,5,Champions,Active
C04681,Tamil Nadu,South,11,128901.59,-15564.73,2024-11-16,2025-12-04,27,2.4,2,17,4,4,5,Champions,Active
C10103,Tamil Nadu,South,16,128972.17,6640.69,2024-03-03,2024-12-19,377,2.6,4,25,1,5,5,At risk,Churned
C06277,Karnataka,South,10,128985.84,13820.71,2024-11-17,2025-11-20,41,2.1,1,14,4,4,5,Champions,Active
C01538,Delhi,North,8,128996.68,4532.52,2024-05-25,2025-11-23,38,2.6,0,14,4,4,5,Champions,Active
C10283,Gujarat,West,12,129049.01,17955.1,2025-03-23,2025-12-30,1,2.6,0,18,5,5,5,Champions,Active
C01748,Telangana,South,5,129088.86,-1844.29,2024-10-24,2025-05-22,223,2.9,0,7,2,3,5,At risk,Churned
C06285,Assam,Northeast,12,129177.13,-2727.65,2025-05-19,2025-12-28,3,7.8,1,21,5,5,5,Champions,Active
C07757,Rajasthan,North,8,129195.61,4212.4,2024-10-19,2025-11-09,52,3.4,0,14,3,4,5,Loyal,Active
C04207,Karnataka,South,14,129356.95,6432.27,2024-12-20,2025-12-10,21,2.8,5,16,4,5,5,Champions,Active
C00414,Maharashtra,West,16,129430.38,8478.91,2024-10-30,2025-12-27,4,2.6,4,21,5,5,5,Champions,Active
C08296,Maharashtra,West,11,129612.95,6437.93,2024-09-21,2025-11-05,56,2.7,3,18,3,4,5,Loyal,Active
C08511,Uttar Pradesh,North,9,129751.18,4064.25,2024-11-02,2025-12-02,29,3.2,5,14,4,4,5,Champions,Active
C07970,Rajasthan,North,17,129860.77,-19099.79,2024-04-07,2025-09-27,95,4.2,2,25,3,5,5,Loyal,Churned
C02080,Telangana,South,15,129920.79,17750.62,2024-07-24,2025-11-27,34,2.0,7,28,4,5,5,Champions,Active
C02408,Rajasthan,North,15,129969.47,9665.66,2024-08-25,2025-04-14,261,4.4,1,23,2,5,5,At risk,Churned
C01142,Uttar Pradesh,North,16,130054.85,6232.6,2024-04-08,2025-12-18,13,4.0,5,21,5,5,5,Champions,Active
C00732,Madhya Pradesh,Central,9,130064.66,1459.76,2024-06-13,2025-08-08,145,3.9,0,15,2,4,5,At risk,Churned
C02499,Maharashtra,West,9,130120.17,-5792.44,2024-05-16,2024-12-24,372,2.2,1,12,1,4,5,At risk,Churned
C08729,Karnataka,South,6,130193.14,6208.9,2024-03-27,2025-09-27,95,3.1,1,10,3,4,5,Loyal,Churned
C01166,Madhya Pradesh,Central,7,130343.96,-27152.53,2025-03-17,2025-10-01,91,4.4,0,9,3,4,5,Loyal,Churned
C05563,Tamil Nadu,South,11,130465.63,19599.46,2024-11-02,2025-12-14,17,2.4,5,17,5,4,5,Champions,Active
C07403,Karnataka,South,8,130548.65,-15139.98,2025-02-14,2025-12-26,5,2.1,0,11,5,4,5,Champions,Active
C09733,Karnataka,South,5,130576.27,10657.11,2025-03-27,2025-12-20,11,3.1,0,8,5,3,5,Loyal,Active
C00597,West Bengal,East,23,130627.94,248.07,2024-01-24,2025-12-26,5,4.7,6,35,5,5,5,Champions,Active
C05310,West Bengal,East,5,130671.3,14037.18,2025-07-03,2025-11-27,34,4.9,2,7,4,3,5,Loyal,Active
C04998,Tamil Nadu,South,12,130757.05,16641.23,2024-02-28,2025-12-20,11,3.0,7,19,5,5,5,Champions,Active
C07281,Rajasthan,North,17,130791.11,20494.19,2024-03-16,2025-04-24,251,3.9,3,25,2,5,5,At risk,Churned
C09081,Delhi,North,8,130909.98,12755.48,2024-11-13,2025-10-29,63,1.6,1,14,3,4,5,Loyal,Active
C10185,Bihar,East,20,130928.34,24058.12,2024-11-05,2025-11-23,38,6.0,5,25,4,5,5,Champions,Active
C01238,Kerala,South,30,131284.67,20775.8,2024-07-14,2025-10-09,83,3.4,11,41,3,5,5,Loyal,Active
C08086,Uttar Pradesh,North,15,131298.28,24925.79,2024-05-01,2025-12-18,13,3.6,5,22,5,5,5,Champions,Active
C03974,Maharashtra,West,21,131327.97,3469.02,2025-03-08,2025-12-10,21,2.7,3,25,4,5,5,Champions,Active
C06106,Maharashtra,West,29,131410.09,17713.22,2024-08-21,2025-12-01,30,2.5,6,42,4,5,5,Champions,Active
C10583,West Bengal,East,9,131429.28,-6997.06,2024-05-30,2025-07-07,177,5.3,2,16,2,4,5,At risk,Churned
C03465,Madhya Pradesh,Central,11,131485.9,-51.18,2024-02-14,2025-11-17,44,4.1,1,12,4,4,5,Champions,Active
C09660,Tamil Nadu,South,19,131538.15,13899.37,2024-04-12,2025-11-26,35,3.1,1,28,4,5,5,Champions,Active
C04832,Maharashtra,West,28,131572.14,-45.36,2024-04-20,2025-12-01,30,2.8,7,38,4,5,5,Champions,Active
C06396,Maharashtra,West,11,131607.08,16654.27,2024-06-19,2025-11-12,49,2.7,0,15,3,4,5,Loyal,Active
C07914,Gujarat,West,14,131687.78,2207.75,2024-10-23,2025-11-29,32,2.9,4,18,4,5,5,Champions,Active
C01190,Karnataka,South,18,131805.36,17989.38,2024-07-13,2025-12-12,19,2.4,2,25,4,5,5,Champions,Active
C00053,Uttar Pradesh,North,15,131919.63,10463.57,2025-03-18,2025-12-25,6,3.7,5,21,5,5,5,Champions,Active
C02972,Maharashtra,West,14,131951.35,19846.02,2025-02-14,2025-12-03,28,2.0,2,21,4,5,5,Champions,Active
C05467,Tamil Nadu,South,17,131991.19,13156.49,2024-04-13,2025-12-14,17,3.5,3,23,5,5,5,Champions,Active
C06176,West Bengal,East,5,132099.41,11248.29,2025-03-22,2025-12-29,2,4.4,2,10,5,3,5,Loyal,Active
C03516,Maharashtra,West,18,132166.54,20713.66,2024-06-02,2025-09-05,117,2.9,10,27,2,5,5,At risk,Churned
C03544,Maharashtra,West,4,132236.15,1751.97,2024-09-22,2024-10-25,432,2.6,0,7,1,3,5,At risk,Churned
C06399,Rajasthan,North,32,132433.4,-5313.69,2024-06-26,2025-12-18,13,4.1,4,48,5,5,5,Champions,Active
C09401,Bihar,East,7,132591.82,8905.82,2025-03-15,2025-11-30,31,7.0,0,12,4,4,5,Champions,Active
C05983,Tamil Nadu,South,15,132612.7,13482.63,2024-07-08,2025-11-29,32,2.8,2,16,4,5,5,Champions,Active
C04197,Uttar Pradesh,North,22,132628.87,18156.98,2024-06-05,2025-12-26,5,3.4,4,31,5,5,5,Champions,Active
C11043,Bihar,East,15,132653.05,4243.69,2024-08-17,2025-12-29,2,5.8,4,24,5,5,5,Champions,Active
C06020,Karnataka,South,14,132661.38,18668.73,2024-08-02,2025-12-18,13,2.3,2,21,5,5,5,Champions,Active
C00025,Maharashtra,West,10,132663.05,10001.73,2024-09-05,2025-10-28,64,2.1,0,17,3,4,5,Loyal,Active
C07187,Tamil Nadu,South,20,132735.13,-520.48,2024-07-10,2025-12-30,1,3.2,1,25,5,5,5,Champions,Active
C03007,Bihar,East,10,132960.53,6243.31,2024-10-29,2025-12-02,29,6.7,1,14,4,4,5,Champions,Active
C07998,Tamil Nadu,South,14,132969.27,10363.12,2024-06-17,2025-11-20,41,3.5,9,23,4,5,5,Champions,Active
C02623,Kerala,South,14,133163.28,-30148.31,2024-05-27,2024-10-16,441,3.2,2,17,1,5,5,At risk,Churned
C07520,Maharashtra,West,19,133194.35,2375.39,2024-10-25,2025-11-28,33,2.8,5,28,4,5,5,Champions,Active
C00795,Karnataka,South,13,133295.53,4822.93,2024-03-11,2025-10-01,91,2.0,2,21,3,5,5,Loyal,Churned
C00168,Odisha,East,13,133316.0,-2489.62,2024-08-10,2024-11-19,407,6.0,1,20,1,5,5,At risk,Churned
C07991,Delhi,North,10,133367.62,5789.81,2024-10-05,2025-02-18,316,2.0,0,11,1,4,5,At risk,Churned
C11287,Maharashtra,West,12,133549.04,3282.47,2024-07-26,2025-11-28,33,2.6,3,19,4,5,5,Champions,Active
C03329,Karnataka,South,8,133569.3,2381.79,2025-07-16,2025-11-13,48,2.7,1,12,3,4,5,Loyal,Active
C00296,Maharashtra,West,12,133650.62,9293.86,2025-02-24,2025-12-06,25,2.5,8,18,4,5,5,Champions,Active
C06175,Tamil Nadu,South,11,133680.02,-7770.51,2024-07-30,2025-11-24,37,3.6,0,17,4,4,5,Champions,Active
C05103,Telangana,South,8,133729.54,-2020.41,2024-07-26,2025-07-20,164,2.9,1,14,2,4,5,At risk,Churned
C11987,Telangana,South,13,133806.33,9589.49,2024-03-03,2025-12-25,6,2.9,0,17,5,5,5,Champions,Active
C07062,Rajasthan,North,10,133837.5,13830.65,2024-02-14,2025-11-28,33,4.1,3,15,4,4,5,Champions,Active
C09705,Maharashtra,West,22,133863.83,15846.12,2024-01-05,2025-11-18,43,2.5,4,33,4,5,5,Champions,Active
C06485,Gujarat,West,6,133940.69,10521.94,2024-02-24,2025-02-13,321,2.7,1,7,1,4,5,At risk,Churned
C11071,Karnataka,South,23,134078.55,18650.45,2024-06-30,2025-12-26,5,2.6,4,31,5,5,5,Champions,Active
C01371,Karnataka,South,23,134146.32,15146.54,2024-04-02,2025-12-28,3,2.7,1,29,5,5,5,Champions,Active
C01953,West Bengal,East,31,134502.09,-2495.41,2024-03-09,2025-11-02,59,5.0,4,40,3,5,5,Loyal,Active
C09485,Karnataka,South,14,134580.9,-2740.42,2024-02-13,2025-12-13,18,2.8,4,23,4,5,5,Champions,Active
C05726,Assam,Northeast,14,134860.92,20968.94,2024-01-27,2025-11-08,53,8.5,0,19,3,5,5,Loyal,Active
C11662,Delhi,North,5,134945.51,3546.45,2025-04-19,2025-12-25,6,2.5,1,8,5,3,5,Loyal,Active
C01331,Gujarat,West,10,135125.5,14981.83,2024-04-24,2025-12-20,11,2.5,0,15,5,4,5,Champions,Active
C04439,Odisha,East,16,135370.2,8611.26,2024-03-13,2025-10-13,79,6.1,2,26,3,5,5,Loyal,Active
C01055,Delhi,North,7,135411.22,11261.95,2024-05-25,2025-07-18,166,1.7,0,9,2,4,5,At risk,Churned
C02970,Gujarat,West,12,135411.51,22962.56,2024-07-22,2025-08-08,145,3.1,2,16,2,5,5,At risk,Churned
C05453,Rajasthan,North,21,135459.31,6062.76,2024-04-19,2025-12-02,29,4.4,7,33,4,5,5,Champions,Active
C05902,Maharashtra,West,8,135582.78,-6625.46,2024-05-22,2025-11-26,35,2.8,1,10,4,4,5,Champions,Active
C06362,Uttar Pradesh,North,5,135774.16,-8454.82,2024-08-22,2025-09-20,102,3.8,2,8,3,3,5,Loyal,Churned
C08432,Maharashtra,West,13,135856.1,5368.06,2024-04-05,2025-12-19,12,2.4,1,15,5,5,5,Champions,Active
C07417,Kerala,South,31,135870.73,-18815.93,2024-07-19,2025-12-28,3,2.9,5,43,5,5,5,Champions,Active
C04576,Tamil Nadu,South,19,136026.81,8197.14,2024-06-19,2025-12-15,16,2.7,1,23,5,5,5,Champions,Active
C09357,Gujarat,West,24,136059.38,27775.21,2024-02-03,2024-09-22,465,3.0,5,31,1,5,5,At risk,Churned
C08889,Delhi,North,14,136107.65,22401.43,2024-01-04,2025-11-27,34,2.1,5,21,4,5,5,Champions,Active
C02013,Telangana,South,20,136113.25,27924.19,2024-05-23,2025-11-05,56,2.7,4,24,3,5,5,Loyal,Active
C11804,Delhi,North,15,136202.04,6034.87,2024-05-19,2025-10-01,91,1.9,1,20,3,5,5,Loyal,Churned
C05242,Rajasthan,North,12,136230.56,3807.01,2025-01-17,2025-12-01,30,3.4,2,16,4,5,5,Champions,Active
C06065,Tamil Nadu,South,16,136242.83,10276.09,2024-03-02,2025-09-10,112,3.5,3,23,2,5,5,At risk,Churned
C00775,Gujarat,West,16,136245.97,21591.36,2024-08-25,2025-12-22,9,2.8,3,21,5,5,5,Champions,Active
C10689,West Bengal,East,21,136342.49,10782.33,2025-01-21,2025-12-30,1,4.9,3,31,5,5,5,Champions,Active
C11633,Tamil Nadu,South,13,136392.15,2557.74,2024-01-29,2025-08-02,151,2.7,7,16,2,5,5,At risk,Churned
C00529,Delhi,North,13,136444.34,-17893.16,2024-04-08,2024-08-21,497,2.5,0,17,1,5,5,At risk,Churned
C09140,Tamil Nadu,South,9,136495.45,7890.04,2024-10-07,2025-12-31,0,3.3,1,14,5,4,5,Champions,Active
C10471,Kerala,South,26,136728.84,8967.04,2024-04-22,2025-12-24,7,3.6,1,32,5,5,5,Champions,Active
C08068,Delhi,North,28,136840.99,15280.55,2024-01-10,2025-12-25,6,1.7,8,38,5,5,5,Champions,Active
C06310,Maharashtra,West,16,136843.47,8768.76,2024-04-30,2025-11-25,36,2.4,7,25,4,5,5,Champions,Active
C11265,Kerala,South,20,136895.86,4675.25,2024-01-28,2025-09-28,94,3.6,1,28,3,5,5,Loyal,Churned
C02869,West Bengal,East,13,136976.7,21273.57,2024-11-22,2025-12-23,8,5.2,4,21,5,5,5,Champions,Active
C03877,Rajasthan,North,24,137060.82,10029.43,2024-05-10,2025-12-20,11,4.0,8,41,5,5,5,Champions,Active
C00458,Bihar,East,11,137097.82,-6167.79,2024-04-26,2025-12-29,2,6.9,5,14,5,4,5,Champions,Active
C07515,Karnataka,South,14,137129.2,2531.31,2024-05-14,2025-09-29,93,2.5,2,20,3,5,5,Loyal,Churned
C10606,Delhi,North,19,137215.68,-4006.03,2025-06-23,2025-12-31,0,1.9,0,24,5,5,5,Champions,Active
C04250,Delhi,North,12,137285.81,18513.17,2024-05-25,2025-09-28,94,2.4,2,19,3,5,5,Loyal,Churned
C07055,Delhi,North,19,137294.04,8799.94,2024-01-09,2025-11-13,48,2.4,5,28,3,5,5,Loyal,Active
C01658,Rajasthan,North,5,137352.96,6719.52,2024-07-03,2025-12-31,0,3.7,0,10,5,3,5,Loyal,Active
C03768,Rajasthan,North,9,137481.85,8643.09,2025-02-17,2025-12-03,28,4.3,1,14,4,4,5,Champions,Active
C07990,Karnataka,South,20,137613.08,8466.46,2024-02-23,2025-12-31,0,2.3,1,26,5,5,5,Champions,Active
C07503,Tamil Nadu,South,13,137715.12,6788.05,2024-03-23,2025-12-13,18,2.4,1,19,4,5,5,Champions,Active
C04025,Karnataka,South,19,138056.96,7291.9,2024-01-03,2025-10-10,82,2.6,5,27,3,5,5,Loyal,Active
C08428,Uttar Pradesh,North,5,138121.76,9359.58,2024-04-23,2025-01-02,363,2.4,1,9,1,3,5,At risk,Churned
C07033,Telangana,South,18,138402.96,6968.93,2024-03-29,2025-12-15,16,2.6,2,28,5,5,5,Champions,Active
C11707,Rajasthan,North,6,138571.95,-1450.9,2024-04-26,2025-05-04,241,3.6,2,9,2,4,5,At risk,Churned
C04316,Rajasthan,North,22,138708.01,18960.21,2024-02-01,2025-12-27,4,4.0,4,32,5,5,5,Champions,Active
C09799,Gujarat,West,18,138760.98,14652.97,2024-08-24,2025-12-14,17,2.9,2,24,5,5,5,Champions,Active
C11816,Delhi,North,13,138781.37,9288.03,2024-01-05,2025-11-08,53,2.3,1,20,3,5,5,Loyal,Active
C08577,Telangana,South,11,138888.39,12363.72,2024-05-31,2025-05-08,237,2.4,2,16,2,4,5,At risk,Churned
C09460,West Bengal,East,18,139010.69,13330.83,2024-06-15,2025-11-29,32,5.1,3,31,4,5,5,Champions,Active
C06226,Uttar Pradesh,North,17,139099.92,14943.76,2024-02-16,2025-12-10,21,3.1,4,25,4,5,5,Champions,Active
C11177,Karnataka,South,25,139265.24,21922.23,2024-04-30,2025-11-29,32,2.7,6,37,4,5,5,Champions,Active
C10847,Uttar Pradesh,North,13,139284.15,13347.48,2024-10-10,2025-12-04,27,3.6,2,17,4,5,5,Champions,Active
C05515,Gujarat,West,10,139340.98,1678.13,2024-05-21,2025-11-13,48,3.3,2,12,3,4,5,Loyal,Active
C07450,Delhi,North,4,139408.98,7434.82,2025-03-19,2025-11-01,60,2.0,0,4,3,3,5,Loyal,Active
C05881,Bihar,East,12,139415.26,4724.94,2024-02-06,2025-06-12,202,6.6,1,16,2,5,5,At risk,Churned
C04446,Delhi,North,12,139452.39,16840.21,2025-03-19,2025-12-22,9,2.0,3,18,5,5,5,Champions,Active
C04539,Telangana,South,12,139514.38,10165.49,2024-12-03,2025-11-22,39,2.4,5,16,4,5,5,Champions,Active
C07771,Karnataka,South,22,139573.15,2189.01,2025-02-10,2025-11-14,47,2.6,3,31,3,5,5,Loyal,Active
C01761,Gujarat,West,21,139615.68,19773.97,2024-07-13,2025-11-21,40,2.6,4,29,4,5,5,Champions,Active
C00844,Tamil Nadu,South,10,139619.98,13813.4,2024-07-03,2025-12-20,11,3.3,0,13,5,4,5,Champions,Active
C00856,Assam,Northeast,18,139714.05,13040.3,2024-06-11,2025-12-31,0,8.0,3,21,5,5,5,Champions,Active
C09534,Maharashtra,West,11,139769.09,5999.91,2024-04-25,2025-10-21,71,2.9,5,14,3,4,5,Loyal,Active
C07066,Kerala,South,13,139920.99,-2648.84,2024-01-04,2025-05-09,236,3.3,6,19,2,5,5,At risk,Churned
C04474,Tamil Nadu,South,20,139981.87,16703.89,2024-08-27,2025-12-13,18,3.3,3,26,4,5,5,Champions,Active
C01145,Telangana,South,13,140166.37,11798.07,2024-08-16,2025-11-02,59,2.5,4,21,3,5,5,Loyal,Active
C03838,Karnataka,South,15,140628.34,10296.5,2024-12-24,2025-12-23,8,2.8,2,16,5,5,5,Champions,Active
C03798,Tamil Nadu,South,17,140647.3,16079.34,2024-08-26,2025-03-28,278,3.2,1,22,1,5,5,At risk,Churned
C08403,Madhya Pradesh,Central,10,140661.61,21006.19,2024-11-15,2025-12-09,22,4.5,0,15,4,4,5,Champions,Active
C02280,Gujarat,West,6,140820.56,-6366.91,2024-01-03,2025-12-30,1,2.9,0,8,5,4,5,Champions,Active
C10719,West Bengal,East,19,140833.23,17467.7,2024-02-05,2025-12-18,13,4.5,3,30,5,5,5,Champions,Active
C03119,Karnataka,South,20,141033.99,10671.98,2024-04-27,2025-12-17,14,2.3,3,26,5,5,5,Champions,Active
C00685,Maharashtra,West,4,141166.51,13298.28,2025-06-23,2025-10-11,81,2.1,1,7,3,3,5,Loyal,Active
C06129,Maharashtra,West,12,141219.63,5912.1,2024-01-14,2024-04-17,623,2.1,2,17,1,5,5,At risk,Churned
C11508,Maharashtra,West,8,141276.59,3726.6,2024-07-13,2025-11-12,49,2.2,4,12,3,4,5,Loyal,Active
C09182,Assam,Northeast,7,141402.85,2102.22,2024-12-29,2025-07-10,174,7.1,0,10,2,4,5,At risk,Churned
C08522,Tamil Nadu,South,15,141474.58,19532.79,2024-01-09,2024-03-15,656,3.0,7,24,1,5,5,At risk,Churned
C09044,Odisha,East,12,141486.51,-2939.24,2024-11-19,2025-12-02,29,6.1,1,18,4,5,5,Champions,Active
C03997,Maharashtra,West,16,141505.35,21301.84,2024-10-27,2025-11-20,41,2.3,3,23,4,5,5,Champions,Active
C10264,Odisha,East,9,141573.0,-29864.63,2024-10-19,2025-09-19,103,6.4,3,11,3,4,5,Loyal,Churned
C09570,Tamil Nadu,South,10,141646.39,-6590.05,2024-12-13,2025-12-22,9,2.6,1,16,5,4,5,Champions,Active
C10116,Tamil Nadu,South,7,141676.12,17222.65,2024-08-11,2025-11-29,32,2.8,1,12,4,4,5,Champions,Active
C00380,Uttar Pradesh,North,16,142024.59,26049.57,2024-12-25,2025-12-31,0,3.5,2,23,5,5,5,Champions,Active
C06557,Gujarat,West,19,142028.66,17708.63,2024-12-21,2025-12-12,19,3.5,2,25,4,5,5,Champions,Active
C07505,Rajasthan,North,16,142185.71,-9836.98,2024-05-25,2025-11-30,31,4.0,1,21,4,5,5,Champions,Active
C07816,Tamil Nadu,South,21,142334.62,16156.45,2024-10-25,2025-12-27,4,2.8,3,28,5,5,5,Champions,Active
C06099,Telangana,South,19,142438.87,8071.96,2024-08-27,2025-12-23,8,2.2,3,28,5,5,5,Champions,Active
C05542,Tamil Nadu,South,18,142644.84,-7850.27,2024-07-01,2025-10-14,78,3.1,3,29,3,5,5,Loyal,Active
C01942,West Bengal,East,20,142711.57,9963.04,2024-08-30,2025-12-26,5,4.4,2,27,5,5,5,Champions,Active
C02766,Tamil Nadu,South,13,142845.83,-1137.09,2024-03-08,2025-10-05,87,2.6,5,16,3,5,5,Loyal,Active
C10148,Karnataka,South,16,142849.29,14613.19,2024-11-21,2025-12-26,5,2.1,0,21,5,5,5,Champions,Active
C10308,Gujarat,West,12,142979.88,12129.38,2024-03-02,2025-12-23,8,3.6,1,17,5,5,5,Champions,Active
C03311,Maharashtra,West,12,143034.28,-11659.53,2024-06-07,2025-11-25,36,2.8,1,18,4,5,5,Champions,Active
C02824,Maharashtra,West,13,143057.46,17391.03,2024-09-26,2025-12-19,12,2.6,0,18,5,5,5,Champions,Active
C00853,Madhya Pradesh,Central,12,143086.32,12025.66,2024-06-16,2025-07-02,182,3.4,4,14,2,5,5,At risk,Churned
C04479,Maharashtra,West,11,143102.21,4635.0,2024-05-10,2025-12-05,26,2.8,4,15,4,4,5,Champions,Active
C04061,Delhi,North,11,143114.42,-12197.54,2024-11-15,2025-12-23,8,2.5,8,19,5,4,5,Champions,Active
C07917,Karnataka,South,14,143115.3,16596.91,2024-11-13,2025-11-26,35,2.4,0,19,4,5,5,Champions,Active
C08896,Tamil Nadu,South,30,143148.34,13713.47,2024-05-19,2025-12-16,15,3.0,8,41,5,5,5,Champions,Active
C03410,Bihar,East,14,143261.58,16513.16,2025-03-07,2025-11-12,49,6.8,1,21,3,5,5,Loyal,Active
C00676,Madhya Pradesh,Central,30,143333.34,7876.37,2024-08-13,2025-12-21,10,3.6,10,44,5,5,5,Champions,Active
C00425,Maharashtra,West,27,143425.22,-6802.53,2024-11-21,2025-12-13,18,2.5,3,39,4,5,5,Champions,Active
C03790,Telangana,South,13,143794.79,-4758.09,2024-11-11,2025-11-14,47,2.4,2,21,3,5,5,Loyal,Active
C02832,Karnataka,South,14,143822.91,11107.16,2024-12-16,2025-06-22,192,2.7,2,19,2,5,5,At risk,Churned
C10913,West Bengal,East,16,144080.6,7468.72,2024-11-14,2025-12-23,8,5.2,2,21,5,5,5,Champions,Active
C09566,Karnataka,South,18,144088.64,18271.56,2024-04-24,2025-01-27,338,1.8,0,24,1,5,5,At risk,Churned
C00165,Madhya Pradesh,Central,20,144131.76,23747.58,2024-05-07,2025-12-29,2,4.1,0,22,5,5,5,Champions,Active
C07367,Madhya Pradesh,Central,7,144219.93,17803.12,2025-05-09,2025-12-26,5,3.6,2,13,5,4,5,Champions,Active
C06320,Delhi,North,19,144235.16,16110.47,2024-01-25,2025-12-25,6,2.3,5,27,5,5,5,Champions,Active
C05120,Delhi,North,23,144255.64,12353.96,2024-04-15,2025-12-23,8,2.0,4,33,5,5,5,Champions,Active
C11724,Bihar,East,10,144272.16,-3641.22,2024-07-08,2025-12-30,1,6.3,2,12,5,4,5,Champions,Active
C00076,Gujarat,West,10,144412.23,-8506.6,2024-09-01,2025-12-13,18,2.9,1,12,4,4,5,Champions,Active
C02303,Karnataka,South,12,144412.4,-3278.78,2024-04-07,2025-12-27,4,2.3,2,15,5,5,5,Champions,Active
C01870,Bihar,East,19,144480.61,-11759.55,2025-01-06,2025-12-18,13,6.8,1,28,5,5,5,Champions,Active
C04821,Kerala,South,10,144516.68,14432.63,2025-02-20,2025-12-31,0,2.7,2,15,5,4,5,Champions,Active
C01659,Delhi,North,6,144540.31,-9008.2,2024-05-22,2025-12-06,25,3.1,1,11,4,4,5,Champions,Active
C03351,Tamil Nadu,South,20,144576.4,12080.5,2025-04-22,2025-12-27,4,3.4,1,27,5,5,5,Champions,Active
C07598,Maharashtra,West,16,144617.47,-1346.83,2024-01-31,2025-07-19,165,2.6,4,25,2,5,5,At risk,Churned
C02731,Maharashtra,West,20,144645.6,5574.21,2024-01-25,2025-10-10,82,2.4,5,36,3,5,5,Loyal,Active
C03092,Karnataka,South,4,144655.98,18082.01,2024-06-05,2025-03-03,303,3.0,2,6,1,3,5,At risk,Churned
C11591,Delhi,North,12,144711.85,14316.79,2024-12-27,2025-12-10,21,2.3,2,18,4,5,5,Champions,Active
C06452,Delhi,North,29,144729.36,6483.6,2024-08-12,2025-12-13,18,2.2,1,37,4,5,5,Champions,Active
C01677,Maharashtra,West,25,144862.42,13094.06,2024-02-01,2025-11-30,31,2.8,5,37,4,5,5,Champions,Active
C00191,Delhi,North,10,144890.35,14139.54,2024-10-29,2025-12-25,6,2.3,2,16,5,4,5,Champions,Active
C05376,Maharashtra,West,15,145027.02,21432.51,2024-10-12,2025-11-28,33,2.1,2,22,4,5,5,Champions,Active
C05301,Uttar Pradesh,North,25,145039.2,13967.88,2024-02-02,2025-12-21,10,3.4,4,39,5,5,5,Champions,Active
C00011,Rajasthan,North,10,145079.14,1836.47,2024-07-13,2025-12-06,25,3.8,2,13,4,4,5,Champions,Active
C03025,Gujarat,West,13,145103.88,3255.68,2024-04-11,2025-12-27,4,2.9,3,20,5,5,5,Champions,Active
C01871,Maharashtra,West,13,145126.39,6855.68,2025-04-02,2025-12-20,11,2.8,0,19,5,5,5,Champions,Active
C06758,Maharashtra,West,21,145164.16,17803.12,2024-06-13,2025-12-13,18,2.0,3,33,4,5,5,Champions,Active
C10537,West Bengal,East,25,145490.32,17952.18,2024-03-30,2025-12-30,1,5.3,4,32,5,5,5,Champions,Active
C06069,Tamil Nadu,South,25,145667.33,-8399.63,2024-05-30,2025-11-23,38,2.7,2,31,4,5,5,Champions,Active
C03037,Maharashtra,West,12,145751.55,-3357.41,2024-01-26,2025-12-24,7,2.6,2,21,5,5,5,Champions,Active
C06991,Maharashtra,West,19,145769.34,14295.87,2024-04-19,2025-12-12,19,2.1,5,26,4,5,5,Champions,Active
C10106,Uttar Pradesh,North,16,145800.45,29395.04,2025-01-23,2025-08-10,143,3.6,5,21,2,5,5,At risk,Churned
C07035,West Bengal,East,10,145841.37,18768.62,2025-02-03,2025-10-21,71,4.5,3,12,3,4,5,Loyal,Active
C08721,Rajasthan,North,21,145871.26,13493.95,2024-08-28,2025-12-29,2,4.3,3,28,5,5,5,Champions,Active
C10857,Maharashtra,West,12,146044.39,-4497.24,2024-09-28,2025-11-11,50,2.5,1,17,3,5,5,Loyal,Active
C06884,Assam,Northeast,9,146071.25,4842.74,2024-06-07,2024-11-30,396,7.8,1,17,1,4,5,At risk,Churned
C11589,Madhya Pradesh,Central,20,146126.88,19081.78,2024-07-31,2025-12-06,25,4.3,0,25,4,5,5,Champions,Active
C05891,Maharashtra,West,14,146137.71,5062.63,2024-01-20,2025-11-10,51,2.9,1,22,3,5,5,Loyal,Active
C03481,Maharashtra,West,24,146351.2,2918.48,2024-06-03,2025-12-25,6,2.2,3,42,5,5,5,Champions,Active
C09515,Rajasthan,North,10,146457.43,-7458.32,2024-11-19,2025-12-10,21,3.8,0,16,4,4,5,Champions,Active
C03767,Telangana,South,18,146580.65,7640.85,2025-02-22,2025-12-23,8,2.7,2,23,5,5,5,Champions,Active
C01194,Maharashtra,West,16,146725.97,7929.6,2024-07-06,2025-11-10,51,3.3,4,23,3,5,5,Loyal,Active
C08263,Bihar,East,11,146789.95,-4507.02,2024-02-16,2024-08-08,510,6.5,2,19,1,4,5,At risk,Churned
C02111,Tamil Nadu,South,19,146814.62,2682.6,2024-03-20,2025-10-24,68,2.9,3,27,3,5,5,Loyal,Active
C03522,Delhi,North,8,146835.72,12174.46,2024-12-22,2025-10-28,64,2.2,1,13,3,4,5,Loyal,Active
C08757,Madhya Pradesh,Central,18,146853.48,21196.09,2024-07-02,2025-11-06,55,4.2,3,22,3,5,5,Loyal,Active
C02216,Rajasthan,North,14,147400.87,19411.94,2024-09-05,2025-12-27,4,4.1,4,16,5,5,5,Champions,Active
C06870,Maharashtra,West,6,147542.33,-2573.52,2025-01-27,2025-11-01,60,3.3,1,7,3,4,5,Loyal,Active
C00310,West Bengal,East,4,147695.5,5861.79,2024-05-24,2024-08-06,512,5.2,1,9,1,3,5,At risk,Churned
C11371,Maharashtra,West,4,147835.69,20731.11,2024-07-15,2025-09-27,95,1.8,1,6,3,3,5,Loyal,Churned
C05084,Rajasthan,North,15,147837.36,-2660.39,2024-07-05,2024-11-12,414,3.3,2,22,1,5,5,At risk,Churned
C07549,Uttar Pradesh,North,17,147853.17,2007.18,2024-10-20,2025-12-09,22,3.9,3,26,4,5,5,Champions,Active
C10926,Maharashtra,West,19,147952.23,21539.98,2024-05-18,2025-12-20,11,3.0,5,23,5,5,5,Champions,Active
C00016,Madhya Pradesh,Central,13,148010.42,686.94,2025-05-04,2025-12-07,24,3.5,0,21,4,5,5,Champions,Active
C11156,West Bengal,East,11,148158.98,-4221.35,2024-05-22,2025-12-18,13,5.4,0,14,5,4,5,Champions,Active
C10211,West Bengal,East,11,148219.32,-14429.94,2024-08-07,2025-08-13,140,5.8,1,17,2,4,5,At risk,Churned
C07703,Rajasthan,North,20,148221.96,14162.84,2024-06-13,2025-12-14,17,4.6,2,28,5,5,5,Champions,Active
C08141,West Bengal,East,7,148235.42,15705.48,2025-06-22,2025-12-27,4,6.0,3,12,5,4,5,Champions,Active
C02342,Delhi,North,16,148242.07,17540.83,2024-01-10,2025-12-08,23,1.9,3,23,4,5,5,Champions,Active
C01613,Maharashtra,West,6,148359.01,10221.61,2025-03-13,2025-07-03,181,2.8,1,11,2,4,5,At risk,Churned
C03865,Maharashtra,West,18,148372.26,11497.98,2024-10-29,2025-12-26,5,2.7,3,23,5,5,5,Champions,Active
C02285,Karnataka,South,10,148443.21,9393.72,2024-04-17,2025-10-29,63,2.6,4,16,3,4,5,Loyal,Active
C05517,Telangana,South,14,148494.95,3434.46,2024-12-21,2025-12-21,10,2.2,2,20,5,5,5,Champions,Active
C10331,Gujarat,West,21,148509.54,13769.81,2024-01-09,2025-11-03,58,3.2,1,28,3,5,5,Loyal,Active
C03488,Telangana,South,13,148616.89,2098.69,2024-04-07,2025-12-23,8,2.7,2,15,5,5,5,Champions,Active
C09068,Maharashtra,West,30,148672.04,22539.77,2024-03-27,2025-11-19,42,2.7,5,42,4,5,5,Champions,Active
C01498,Gujarat,West,21,148738.27,-5977.82,2025-03-01,2025-12-22,9,2.9,4,27,5,5,5,Champions,Active
C08836,Telangana,South,31,148809.59,7433.22,2024-01-04,2025-09-11,111,2.6,10,45,2,5,5,At risk,Churned
C01676,Maharashtra,West,21,148855.94,11561.4,2024-12-29,2025-12-31,0,2.8,5,25,5,5,5,Champions,Active
C00066,Bihar,East,5,149110.01,5904.19,2024-08-08,2025-08-22,131,7.2,2,10,2,3,5,At risk,Churned
C05498,Rajasthan,North,27,149166.7,7947.3,2024-07-31,2025-12-29,2,4.2,2,36,5,5,5,Champions,Active
C07689,Gujarat,West,16,149297.29,-15760.96,2024-05-06,2025-10-12,80,3.1,4,21,3,5,5,Loyal,Active
C04186,Karnataka,South,8,149330.5,4055.53,2025-03-23,2025-12-28,3,3.0,1,13,5,4,5,Champions,Active
C03041,Karnataka,South,22,149359.38,24165.45,2024-04-05,2025-12-07,24,2.4,6,32,4,5,5,Champions,Active
C05920,Gujarat,West,27,149395.52,19187.37,2024-08-15,2025-12-14,17,2.9,7,36,5,5,5,Champions,Active
C07523,Delhi,North,16,149456.69,15954.2,2024-06-04,2025-09-14,108,1.9,4,21,3,5,5,Loyal,Churned
C01631,Gujarat,West,18,149611.72,8340.35,2024-06-25,2025-11-04,57,2.7,3,23,3,5,5,Loyal,Active
C08496,Karnataka,South,11,149627.71,712.67,2024-10-28,2025-12-14,17,2.0,2,14,5,4,5,Champions,Active
C00032,Tamil Nadu,South,10,149631.25,11121.64,2024-05-30,2025-12-15,16,2.0,1,17,5,4,5,Champions,Active
C05685,Karnataka,South,20,149658.99,13431.23,2024-11-29,2025-12-19,12,2.7,2,29,5,5,5,Champions,Active
C09396,West Bengal,East,15,149854.77,8921.71,2025-06-02,2025-12-28,3,5.1,0,18,5,5,5,Champions,Active
C03687,Karnataka,South,19,149856.58,19323.15,2025-03-06,2025-12-23,8,1.9,3,23,5,5,5,Champions,Active
C00249,Uttar Pradesh,North,16,149875.58,-1583.05,2024-01-31,2025-12-17,14,3.4,3,23,5,5,5,Champions,Active
C01257,Uttar Pradesh,North,21,149921.64,15955.36,2024-07-29,2025-12-25,6,4.0,2,28,5,5,5,Champions,Active
C02922,Delhi,North,9,149962.02,5894.58,2024-06-07,2025-11-05,56,1.3,1,13,3,4,5,Loyal,Active
C10229,Uttar Pradesh,North,9,149971.33,3048.84,2024-06-22,2025-12-13,18,3.5,4,14,4,4,5,Champions,Active
C10588,Bihar,East,14,150028.19,7069.43,2024-07-09,2025-11-19,42,6.9,1,16,4,5,5,Champions,Active
C06963,Madhya Pradesh,Central,6,150345.47,14444.43,2025-02-24,2025-12-31,0,3.2,1,9,5,4,5,Champions,Active
C06801,Gujarat,West,11,150411.87,13224.98,2024-09-28,2025-11-23,38,3.1,1,15,4,4,5,Champions,Active
C08907,Maharashtra,West,22,150627.78,19019.23,2024-11-27,2025-12-21,10,2.3,3,32,5,5,5,Champions,Active
C08057,Tamil Nadu,South,26,151124.19,13280.36,2024-10-07,2025-12-21,10,3.1,6,34,5,5,5,Champions,Active
C05393,Gujarat,West,15,151203.92,5451.51,2024-11-02,2025-12-20,11,3.1,2,15,5,5,5,Champions,Active
C04478,Bihar,East,14,151375.67,8026.36,2024-03-20,2025-09-22,100,6.8,1,20,3,5,5,Loyal,Churned
C07469,Rajasthan,North,10,151548.74,-10100.79,2025-01-20,2025-09-23,99,3.6,2,17,3,4,5,Loyal,Churned
C05280,Tamil Nadu,South,17,151669.56,-17600.59,2024-03-02,2025-12-02,29,3.2,1,26,4,5,5,Champions,Active
C08385,Maharashtra,West,19,151932.5,23976.22,2024-10-30,2025-12-12,19,2.0,3,23,4,5,5,Champions,Active
C01801,Telangana,South,10,152072.57,2006.11,2024-07-04,2025-12-06,25,2.0,0,13,4,4,5,Champions,Active
C05386,Gujarat,West,11,152121.19,-2382.26,2024-09-19,2025-11-26,35,3.2,1,21,4,4,5,Champions,Active
C08151,Delhi,North,17,152150.02,27752.43,2024-03-10,2024-08-25,493,2.5,2,23,1,5,5,At risk,Churned
C07544,Maharashtra,West,22,152188.29,6388.6,2024-01-10,2025-12-28,3,2.8,4,28,5,5,5,Champions,Active
C03040,Bihar,East,11,152302.67,10425.6,2024-10-12,2025-07-14,170,6.4,1,14,2,4,5,At risk,Churned
C04569,Gujarat,West,9,152442.16,-11307.47,2024-01-17,2025-12-19,12,3.5,1,15,5,4,5,Champions,Active
C06867,Maharashtra,West,8,152472.61,-2225.36,2025-04-02,2025-10-23,69,2.0,3,11,3,4,5,Loyal,Active
C00688,Maharashtra,West,9,152771.02,7549.94,2024-09-17,2025-09-26,96,2.2,0,13,3,4,5,Loyal,Churned
C08780,Telangana,South,13,152835.7,4346.26,2024-04-20,2025-06-13,201,2.9,0,14,2,5,5,At risk,Churned
C03956,Maharashtra,West,12,152891.47,-13378.22,2024-06-28,2025-10-22,70,2.3,1,14,3,5,5,Loyal,Active
C07951,Gujarat,West,20,152925.77,11990.35,2024-01-21,2025-11-22,39,3.0,0,24,4,5,5,Champions,Active
C09006,West Bengal,East,19,152931.24,12046.41,2024-09-26,2025-12-21,10,5.1,3,25,5,5,5,Champions,Active
C04146,Maharashtra,West,14,153239.18,3339.83,2024-01-02,2025-12-14,17,3.0,3,20,5,5,5,Champions,Active
C10792,Tamil Nadu,South,27,153291.99,-15437.68,2024-07-18,2025-12-24,7,3.2,2,36,5,5,5,Champions,Active
C02379,Delhi,North,15,153415.67,19117.87,2024-07-29,2025-11-01,60,2.2,0,20,3,5,5,Loyal,Active
C11341,Telangana,South,21,153472.78,14699.12,2024-02-12,2025-12-11,20,2.5,2,28,4,5,5,Champions,Active
C06642,Maharashtra,West,13,153494.17,17788.57,2024-09-11,2025-06-29,185,2.5,1,16,2,5,5,At risk,Churned
C09083,Delhi,North,21,153526.7,12848.42,2024-07-30,2025-12-20,11,2.1,3,30,5,5,5,Champions,Active
C02373,Delhi,North,14,153547.64,7749.27,2024-07-09,2025-12-17,14,2.3,2,20,5,5,5,Champions,Active
C11405,Uttar Pradesh,North,21,153634.58,14007.19,2024-01-06,2025-11-18,43,3.7,2,28,4,5,5,Champions,Active
C00348,Rajasthan,North,13,153704.12,14164.95,2024-08-23,2025-10-28,64,4.9,1,19,3,5,5,Loyal,Active
C01268,Delhi,North,16,153731.15,8701.48,2024-01-22,2025-12-19,12,2.0,1,22,5,5,5,Champions,Active
C02863,Uttar Pradesh,North,15,153783.18,23131.77,2024-07-06,2025-12-04,27,3.0,2,23,4,5,5,Champions,Active
C07013,Delhi,North,25,154102.58,-11047.62,2024-05-28,2025-12-05,26,1.9,4,35,4,5,5,Champions,Active
C03110,Karnataka,South,10,154121.46,521.62,2024-05-18,2025-12-25,6,2.3,2,14,5,4,5,Champions,Active
C08192,Delhi,North,21,154232.0,1396.18,2024-07-26,2025-12-25,6,1.9,6,30,5,5,5,Champions,Active
C06910,Rajasthan,North,15,154423.44,13465.77,2024-10-26,2025-09-16,106,3.3,2,22,3,5,5,Loyal,Churned
C02431,Uttar Pradesh,North,8,154439.42,6633.05,2024-03-07,2025-11-06,55,3.8,1,11,3,4,5,Loyal,Active
C09292,Telangana,South,22,154744.9,4406.12,2024-05-03,2025-11-12,49,2.6,1,35,3,5,5,Loyal,Active
C01036,Kerala,South,27,154745.95,19391.1,2024-04-28,2025-10-12,80,3.4,1,39,3,5,5,Loyal,Active
C11461,Karnataka,South,10,154787.37,6174.5,2024-06-26,2025-12-22,9,1.9,1,15,5,4,5,Champions,Active
C02962,Gujarat,West,20,154880.51,5900.16,2024-07-03,2025-11-28,33,3.0,2,27,4,5,5,Champions,Active
C10987,Karnataka,South,12,154883.42,3029.98,2024-06-20,2025-12-25,6,2.8,5,15,5,5,5,Champions,Active
C01394,Maharashtra,West,16,155051.45,14042.6,2024-06-10,2025-12-24,7,2.5,3,22,5,5,5,Champions,Active
C04495,Delhi,North,9,155095.21,-3065.93,2024-04-17,2025-10-08,84,1.8,2,12,3,4,5,Loyal,Active
C08971,Tamil Nadu,South,20,155539.07,-12146.9,2024-03-31,2025-12-10,21,3.1,3,26,4,5,5,Champions,Active
C09455,Karnataka,South,12,155649.53,15483.41,2024-07-12,2025-12-09,22,3.1,2,16,4,5,5,Champions,Active
C11237,Delhi,North,22,155660.16,4317.3,2024-03-09,2025-10-18,74,2.0,3,28,3,5,5,Loyal,Active
C00273,Madhya Pradesh,Central,7,155680.83,-17922.64,2024-10-08,2024-12-28,368,4.4,1,11,1,4,5,At risk,Churned
C05431,Delhi,North,11,155913.66,14665.68,2024-08-29,2025-03-29,277,2.1,3,17,1,4,5,At risk,Churned
C11919,Telangana,South,16,155964.05,21082.52,2024-10-25,2025-12-28,3,2.6,1,17,5,5,5,Champions,Active
C02722,West Bengal,East,14,156018.23,7648.28,2024-01-07,2025-10-18,74,5.1,5,16,3,5,5,Loyal,Active
C03740,Telangana,South,13,156329.41,-4944.99,2024-07-01,2025-11-28,33,2.6,3,18,4,5,5,Champions,Active
C08401,West Bengal,East,19,156362.12,2248.4,2024-10-30,2025-12-29,2,5.3,0,24,5,5,5,Champions,Active
C10808,Karnataka,South,29,156405.16,20017.01,2024-08-31,2025-12-18,13,2.6,3,36,5,5,5,Champions,Active
C06926,Gujarat,West,5,156541.72,-495.77,2024-12-04,2025-11-27,34,2.4,3,7,4,3,5,Loyal,Active
C10032,Tamil Nadu,South,27,156691.27,11027.04,2025-05-23,2025-12-28,3,3.6,1,38,5,5,5,Champions,Active
C09079,Delhi,North,19,156814.29,15801.75,2025-04-13,2025-12-28,3,2.0,2,25,5,5,5,Champions,Active
C10375,Delhi,North,18,156906.87,4998.74,2024-05-11,2025-12-17,14,1.6,5,25,5,5,5,Champions,Active
C06965,Kerala,South,12,157158.19,3747.45,2024-05-26,2025-07-26,158,3.9,0,16,2,5,5,At risk,Churned
C03461,Telangana,South,17,157180.25,16919.86,2024-05-17,2025-06-06,208,2.6,2,29,2,5,5,At risk,Churned
C05776,Uttar Pradesh,North,16,157199.99,617.25,2024-02-09,2025-10-21,71,4.1,2,23,3,5,5,Loyal,Active
C02610,Maharashtra,West,26,157289.97,-8306.63,2024-09-12,2025-12-11,20,2.9,1,35,4,5,5,Champions,Active
C01071,Karnataka,South,14,157412.88,11778.78,2024-04-08,2024-11-16,410,2.4,1,23,1,5,5,At risk,Churned
C04884,West Bengal,East,11,157414.14,7265.86,2024-02-25,2025-11-23,38,5.4,0,14,4,4,5,Champions,Active
C11155,West Bengal,East,12,157520.97,15515.97,2024-01-22,2025-06-11,203,5.1,6,19,2,5,5,At risk,Churned
C09116,Tamil Nadu,South,16,157744.86,10730.18,2024-04-11,2025-12-25,6,3.3,5,25,5,5,5,Champions,Active
C02301,Maharashtra,West,26,157817.0,6819.91,2024-08-28,2025-12-31,0,2.4,3,37,5,5,5,Champions,Active
C01845,Rajasthan,North,9,158052.18,-10161.22,2024-02-28,2025-04-10,265,3.8,0,13,2,4,5,At risk,Churned
C02881,Uttar Pradesh,North,18,158190.18,17850.53,2024-05-10,2025-11-08,53,3.0,1,24,3,5,5,Loyal,Active
C05846,Maharashtra,West,15,158256.13,19150.56,2024-02-02,2025-10-11,81,2.6,4,20,3,5,5,Loyal,Active
C07519,Uttar Pradesh,North,18,158364.87,9719.77,2024-09-02,2025-09-29,93,4.0,3,21,3,5,5,Loyal,Churned
C11069,Maharashtra,West,28,158380.16,23205.99,2024-04-15,2025-12-04,27,2.1,2,40,4,5,5,Champions,Active
C11429,Telangana,South,13,158476.99,14679.25,2024-07-06,2025-01-08,357,2.7,3,17,1,5,5,At risk,Churned
C02821,West Bengal,East,28,158527.92,8658.0,2024-01-02,2025-06-19,195,4.8,5,41,2,5,5,At risk,Churned
C00157,Maharashtra,West,22,158540.56,573.77,2024-07-04,2025-12-07,24,2.3,3,35,4,5,5,Champions,Active
C00641,Tamil Nadu,South,39,159013.39,7720.11,2024-01-04,2025-11-23,38,2.9,7,49,4,5,5,Champions,Active
C06688,Assam,Northeast,9,159078.05,3985.96,2024-02-11,2025-11-08,53,8.0,1,12,3,4,5,Loyal,Active
C07561,Uttar Pradesh,North,21,159202.88,17545.24,2024-09-21,2025-12-27,4,3.5,3,35,5,5,5,Champions,Active
C10044,Delhi,North,12,159313.95,13223.89,2024-08-23,2025-09-09,113,3.3,0,15,2,5,5,At risk,Churned
C04265,Karnataka,South,13,159368.03,-23091.86,2025-05-02,2025-12-28,3,2.8,4,21,5,5,5,Champions,Active
C08886,Rajasthan,North,11,159368.15,10645.0,2024-04-16,2025-11-22,39,4.5,2,14,4,4,5,Champions,Active
C02973,Uttar Pradesh,North,14,159416.73,-1541.41,2025-01-12,2025-12-22,9,3.3,2,19,5,5,5,Champions,Active
C01757,Delhi,North,23,159650.59,25558.28,2024-06-28,2025-12-29,2,1.9,4,31,5,5,5,Champions,Active
C05990,Maharashtra,West,27,159681.57,13310.01,2024-08-06,2025-12-04,27,2.5,2,39,4,5,5,Champions,Active
C01985,Bihar,East,15,159917.61,15799.7,2024-01-28,2024-11-07,419,6.0,5,24,1,5,5,At risk,Churned
C04773,Maharashtra,West,14,159967.98,-7446.89,2024-12-10,2025-12-23,8,2.6,1,18,5,5,5,Champions,Active
C08255,Uttar Pradesh,North,9,159974.93,-13341.65,2024-12-24,2025-11-04,57,3.5,3,15,3,4,5,Loyal,Active
C01486,Maharashtra,West,16,160625.77,24977.71,2024-01-23,2025-06-21,193,3.0,2,23,2,5,5,At risk,Churned
C08834,Kerala,South,13,160836.91,-2075.94,2024-09-14,2025-12-30,1,3.5,3,17,5,5,5,Champions,Active
C07576,Telangana,South,24,160840.95,23257.92,2024-05-05,2025-12-19,12,2.4,5,30,5,5,5,Champions,Active
C10624,Kerala,South,17,160933.5,3106.51,2024-04-30,2025-11-24,37,3.9,3,25,4,5,5,Champions,Active
C09328,Kerala,South,15,160961.76,-2653.17,2024-08-01,2025-12-06,25,3.4,1,15,4,5,5,Champions,Active
C08713,Maharashtra,West,12,161008.85,-9325.61,2024-04-07,2025-04-08,267,3.5,2,16,2,5,5,At risk,Churned
C10482,Karnataka,South,3,161215.84,9919.66,2025-06-20,2025-08-17,136,2.2,2,6,2,3,5,At risk,Churned
C06710,Odisha,East,19,161269.19,7851.43,2024-10-18,2025-12-29,2,6.4,4,30,5,5,5,Champions,Active
C07822,Delhi,North,15,161508.3,22077.08,2025-04-04,2025-12-22,9,2.5,3,23,5,5,5,Champions,Active
C07276,Madhya Pradesh,Central,16,161628.61,22645.13,2024-02-10,2025-08-28,125,3.8,4,27,2,5,5,At risk,Churned
C00673,Tamil Nadu,South,23,161758.23,8357.35,2024-01-09,2025-11-20,41,3.2,6,33,4,5,5,Champions,Active
C04323,Maharashtra,West,26,161759.46,10183.12,2024-06-29,2025-12-02,29,2.1,1,36,4,5,5,Champions,Active
C07819,West Bengal,East,5,161970.62,1174.82,2025-02-04,2025-10-26,66,4.8,1,10,3,3,5,Loyal,Active
C08365,Rajasthan,North,16,162034.3,22999.71,2024-03-18,2025-11-28,33,4.4,2,21,4,5,5,Champions,Active
C02527,Delhi,North,11,162130.52,-13126.23,2024-12-14,2025-11-30,31,2.1,2,18,4,4,5,Champions,Active
C10735,Karnataka,South,21,162182.59,306.54,2024-05-10,2025-10-15,77,2.2,2,31,3,5,5,Loyal,Active
C00881,Karnataka,South,10,162231.82,12664.99,2025-02-12,2025-11-29,32,3.2,2,12,4,4,5,Champions,Active
C01324,Telangana,South,24,162331.08,-1602.43,2024-08-19,2025-12-27,4,2.6,2,35,5,5,5,Champions,Active
C08897,Delhi,North,34,162359.14,15688.25,2024-01-31,2025-12-15,16,2.1,4,44,5,5,5,Champions,Active
C06583,Karnataka,South,19,162360.97,20526.68,2025-03-06,2025-12-31,0,2.7,3,31,5,5,5,Champions,Active
C04480,Telangana,South,17,162361.17,-1234.88,2024-03-26,2025-10-08,84,3.0,1,24,3,5,5,Loyal,Active
C10248,Madhya Pradesh,Central,14,162425.8,6214.49,2024-03-03,2025-12-24,7,3.8,2,20,5,5,5,Champions,Active
C08871,Maharashtra,West,7,162529.5,14859.47,2024-03-21,2025-12-29,2,2.8,2,13,5,4,5,Champions,Active
C08933,Uttar Pradesh,North,11,162533.16,14961.63,2024-07-07,2024-11-25,401,3.6,5,17,1,4,5,At risk,Churned
C03994,Tamil Nadu,South,13,162570.59,1511.79,2024-04-18,2025-10-02,90,3.2,2,20,3,5,5,Loyal,Active
C01352,Maharashtra,West,25,162608.16,27370.46,2024-04-03,2025-12-25,6,2.7,5,33,5,5,5,Champions,Active
C05652,Telangana,South,19,162662.6,6717.54,2024-06-08,2025-12-27,4,2.3,1,29,5,5,5,Champions,Active
C06674,Tamil Nadu,South,21,162747.37,-35990.57,2024-10-08,2025-12-12,19,3.5,3,28,4,5,5,Champions,Active
C03044,Telangana,South,14,163132.76,15706.01,2024-04-30,2025-11-26,35,2.4,2,20,4,5,5,Champions,Active
C10838,Uttar Pradesh,North,16,163452.8,-4199.53,2025-01-08,2025-12-31,0,2.8,4,22,5,5,5,Champions,Active
C00236,Tamil Nadu,South,15,163992.66,7789.71,2024-11-27,2025-12-08,23,3.6,2,24,4,5,5,Champions,Active
C11490,Delhi,North,16,164057.25,-11145.41,2024-03-04,2025-11-22,39,2.3,1,23,4,5,5,Champions,Active
C08728,Gujarat,West,23,164158.89,17253.8,2024-11-21,2025-12-30,1,3.1,5,36,5,5,5,Champions,Active
C06817,Delhi,North,20,164250.82,0.67,2024-01-20,2025-11-25,36,1.8,2,25,4,5,5,Champions,Active
C06071,Karnataka,South,28,164318.74,25962.75,2024-01-15,2025-12-27,4,2.5,3,36,5,5,5,Champions,Active
C00800,Tamil Nadu,South,23,164425.2,-18351.75,2024-08-04,2025-12-09,22,3.5,12,32,4,5,5,Champions,Active
C07937,Karnataka,South,29,164426.7,25896.11,2024-03-02,2025-12-23,8,2.1,7,35,5,5,5,Champions,Active
C11821,Rajasthan,North,10,164502.98,13555.7,2025-02-10,2025-10-23,69,3.6,3,14,3,4,5,Loyal,Active
C01275,Bihar,East,16,164714.37,2880.1,2025-01-12,2025-12-15,16,6.5,4,24,5,5,5,Champions,Active
C06017,Tamil Nadu,South,18,164917.97,17804.78,2024-06-17,2025-12-30,1,3.4,3,24,5,5,5,Champions,Active
C02954,Assam,Northeast,23,164964.67,9483.59,2024-05-08,2025-11-09,52,7.3,3,35,3,5,5,Loyal,Active
C02044,Uttar Pradesh,North,11,165068.62,2130.31,2024-05-22,2025-12-24,7,3.4,4,15,5,4,5,Champions,Active
C00446,Maharashtra,West,14,165073.51,13186.03,2024-07-02,2025-12-29,2,3.0,1,18,5,5,5,Champions,Active
C10663,Delhi,North,11,165229.88,-2806.32,2024-10-29,2025-12-30,1,1.4,0,16,5,4,5,Champions,Active
C01305,Maharashtra,West,11,165728.7,19124.35,2024-08-14,2025-07-25,159,2.2,3,20,2,4,5,At risk,Churned
C01269,Tamil Nadu,South,14,165781.9,-3794.14,2024-07-23,2025-11-14,47,2.7,3,17,3,5,5,Loyal,Active
C09576,Kerala,South,31,165809.05,4964.24,2024-05-16,2025-12-15,16,3.7,3,43,5,5,5,Champions,Active
C01797,Karnataka,South,11,165834.08,12669.94,2025-05-23,2025-12-13,18,2.3,2,17,4,4,5,Champions,Active
C04194,Karnataka,South,8,166014.95,-4854.83,2024-04-19,2025-10-20,72,3.3,1,14,3,4,5,Loyal,Active
C06988,Gujarat,West,20,166099.26,-12283.34,2024-05-23,2025-09-18,104,3.3,2,26,3,5,5,Loyal,Churned
C01489,Maharashtra,West,19,166101.88,9913.61,2024-10-16,2025-12-25,6,2.3,5,22,5,5,5,Champions,Active
C00570,Maharashtra,West,16,166549.94,19759.91,2024-02-06,2025-11-22,39,2.2,1,22,4,5,5,Champions,Active
C06604,Karnataka,South,17,166571.0,3310.08,2024-04-25,2025-11-14,47,3.0,3,22,3,5,5,Loyal,Active
C10080,Maharashtra,West,13,166639.33,14443.35,2024-01-31,2025-12-27,4,2.7,5,24,5,5,5,Champions,Active
C01660,Tamil Nadu,South,13,166875.99,-23350.87,2024-05-30,2025-10-07,85,2.6,1,18,3,5,5,Loyal,Active
C09256,Madhya Pradesh,Central,25,167089.6,19496.84,2024-11-09,2025-12-05,26,3.9,2,31,4,5,5,Champions,Active
C11340,Tamil Nadu,South,14,167096.42,13194.64,2025-02-22,2025-12-18,13,3.1,2,16,5,5,5,Champions,Active
C05643,Uttar Pradesh,North,13,167255.38,-763.24,2024-12-18,2025-12-04,27,3.9,3,19,4,5,5,Champions,Active
C00658,Telangana,South,11,167285.17,3297.23,2024-10-30,2025-09-06,116,1.9,0,15,2,4,5,At risk,Churned
C09165,Rajasthan,North,18,167290.23,22151.2,2024-02-24,2025-11-10,51,3.7,4,26,3,5,5,Loyal,Active
C05283,Maharashtra,West,13,167382.98,4701.99,2024-07-22,2025-11-20,41,2.8,1,18,4,5,5,Champions,Active
C05521,Tamil Nadu,South,14,167625.9,23108.29,2024-09-19,2025-11-07,54,3.2,3,22,3,5,5,Loyal,Active
C11472,Tamil Nadu,South,17,167735.66,14462.5,2024-02-29,2025-12-14,17,3.0,2,26,5,5,5,Champions,Active
C01878,Tamil Nadu,South,27,167780.57,28676.42,2024-05-21,2025-12-30,1,2.9,5,37,5,5,5,Champions,Active
C10221,Odisha,East,17,167807.59,18050.44,2024-11-11,2025-12-21,10,6.0,3,21,5,5,5,Champions,Active
C07435,Karnataka,South,18,168041.0,-6255.01,2024-06-29,2025-12-30,1,2.8,4,29,5,5,5,Champions,Active
C11994,Uttar Pradesh,North,33,168164.02,17407.72,2024-11-07,2025-12-03,28,3.4,3,39,4,5,5,Champions,Active
C06365,Karnataka,South,20,168228.63,-5715.68,2024-08-19,2025-12-11,20,3.1,5,27,4,5,5,Champions,Active
C00527,Delhi,North,16,168266.6,18667.61,2024-11-21,2025-12-27,4,2.0,0,17,5,5,5,Champions,Active
C11745,Rajasthan,North,13,168287.95,-9196.69,2025-04-09,2025-12-31,0,4.2,3,18,5,5,5,Champions,Active
C08714,Maharashtra,West,17,168404.52,19880.79,2025-06-08,2025-12-24,7,2.2,3,22,5,5,5,Champions,Active
C03495,Maharashtra,West,16,168448.81,-7365.68,2024-06-04,2025-11-12,49,3.2,3,23,3,5,5,Loyal,Active
C04632,Karnataka,South,25,168553.18,21109.48,2024-01-11,2025-07-10,174,2.6,5,35,2,5,5,At risk,Churned
C06217,Karnataka,South,3,168854.32,-4205.06,2025-06-10,2025-09-08,114,2.5,1,6,2,3,5,At risk,Churned
C09354,Telangana,South,6,169115.87,13564.11,2024-11-11,2025-12-28,3,3.2,1,11,5,4,5,Champions,Active
C05957,Delhi,North,6,169197.69,724.06,2025-06-01,2025-11-19,42,2.5,0,12,4,4,5,Champions,Active
C00754,Telangana,South,14,169554.53,-8427.24,2024-02-26,2025-04-30,245,2.6,2,22,2,5,5,At risk,Churned
C03084,Karnataka,South,10,169559.63,13274.21,2024-04-16,2025-08-19,134,2.6,4,16,2,4,5,At risk,Churned
C11226,Rajasthan,North,18,170008.89,-6964.51,2024-03-28,2025-10-17,75,3.9,4,26,3,5,5,Loyal,Active
C01736,Telangana,South,17,170283.59,18268.72,2024-02-27,2025-05-15,230,2.8,4,24,2,5,5,At risk,Churned
C06890,Uttar Pradesh,North,27,170291.51,12129.75,2024-01-27,2025-12-19,12,3.7,3,36,5,5,5,Champions,Active
C10709,Uttar Pradesh,North,23,170547.16,5411.39,2024-06-30,2025-12-23,8,3.4,3,29,5,5,5,Champions,Active
C03813,Maharashtra,West,11,170553.33,13445.15,2025-03-28,2025-12-22,9,2.9,2,17,5,4,5,Champions,Active
C10989,Uttar Pradesh,North,32,170650.29,28856.4,2024-01-30,2025-07-30,154,3.6,6,46,2,5,5,At risk,Churned
C05509,Telangana,South,12,170739.06,-10595.62,2025-05-25,2025-12-28,3,2.8,2,18,5,5,5,Champions,Active
C08297,Maharashtra,West,22,170869.15,17736.63,2024-08-08,2025-12-18,13,2.5,5,33,5,5,5,Champions,Active
C09027,Maharashtra,West,27,170876.6,18450.63,2024-11-13,2025-12-21,10,2.9,6,36,5,5,5,Champions,Active
C09408,Tamil Nadu,South,20,170948.67,-6865.33,2024-05-15,2025-11-22,39,2.9,4,29,4,5,5,Champions,Active
C05935,Delhi,North,19,171027.03,19108.23,2024-06-17,2025-08-07,146,1.8,1,26,2,5,5,At risk,Churned
C11972,Gujarat,West,17,171055.45,5401.18,2025-06-06,2025-12-29,2,3.7,7,27,5,5,5,Champions,Active
C05631,Maharashtra,West,12,171135.54,9704.25,2024-06-13,2025-11-26,35,2.4,2,18,4,5,5,Champions,Active
C06026,West Bengal,East,15,171154.25,12254.1,2024-11-29,2025-12-24,7,5.5,5,19,5,5,5,Champions,Active
C06742,Telangana,South,15,171305.71,11559.62,2024-10-25,2025-12-25,6,2.4,3,24,5,5,5,Champions,Active
C07597,Uttar Pradesh,North,21,171316.98,1357.88,2024-07-29,2025-12-13,18,3.3,4,34,4,5,5,Champions,Active
C03702,Delhi,North,20,171366.41,10055.69,2024-04-14,2025-12-02,29,1.8,4,25,4,5,5,Champions,Active
C05749,Telangana,South,31,171473.53,22121.23,2024-06-17,2025-12-08,23,2.6,10,43,4,5,5,Champions,Active
C07323,Gujarat,West,26,171738.55,20580.83,2024-04-14,2025-12-03,28,3.4,8,37,4,5,5,Champions,Active
C02055,Maharashtra,West,9,171934.03,2011.52,2024-10-29,2025-10-29,63,2.4,0,11,3,4,5,Loyal,Active
C02158,Maharashtra,West,18,172047.53,3119.24,2024-06-21,2025-12-13,18,2.4,2,22,4,5,5,Champions,Active
C09144,Uttar Pradesh,North,15,172290.28,4876.82,2024-04-29,2025-12-25,6,3.7,3,21,5,5,5,Champions,Active
C10383,Gujarat,West,23,172532.74,5431.3,2024-02-16,2024-06-21,558,2.9,3,30,1,5,5,At risk,Churned
C09808,Delhi,North,24,172710.99,32760.25,2024-02-16,2024-06-20,559,2.5,2,35,1,5,5,At risk,Churned
C09374,Delhi,North,16,172832.14,17368.24,2024-12-18,2025-12-16,15,2.3,2,25,5,5,5,Champions,Active
C01816,Rajasthan,North,24,172898.39,4467.14,2024-08-30,2025-12-02,29,4.0,2,31,4,5,5,Champions,Active
C05595,Telangana,South,15,172940.58,351.04,2024-07-27,2025-12-13,18,2.3,4,22,4,5,5,Champions,Active
C11744,West Bengal,East,21,172987.27,24088.73,2024-07-25,2025-12-03,28,4.6,1,28,4,5,5,Champions,Active
C10187,Rajasthan,North,23,173182.59,-98.73,2024-01-03,2025-07-30,154,3.9,5,39,2,5,5,At risk,Churned
C09700,Rajasthan,North,29,173190.78,24970.4,2024-07-20,2025-12-31,0,4.3,3,32,5,5,5,Champions,Active
C01246,Madhya Pradesh,Central,15,173520.71,18166.12,2024-10-19,2025-11-22,39,4.4,4,27,4,5,5,Champions,Active
C07957,Maharashtra,West,29,173541.34,11836.04,2024-05-04,2025-12-23,8,2.9,2,39,5,5,5,Champions,Active
C11746,Uttar Pradesh,North,17,173771.61,3775.96,2024-07-25,2025-12-15,16,3.4,2,26,5,5,5,Champions,Active
C10227,Tamil Nadu,South,12,173816.48,-15022.23,2024-02-10,2025-07-11,173,2.2,0,13,2,5,5,At risk,Churned
C07792,Maharashtra,West,17,173851.37,-2957.24,2024-01-21,2024-03-24,647,2.7,1,27,1,5,5,At risk,Churned
C09583,Karnataka,South,16,174012.09,10693.18,2025-04-04,2025-12-05,26,2.5,6,24,4,5,5,Champions,Active
C07711,Karnataka,South,19,174050.68,-15255.86,2024-06-26,2025-12-25,6,2.5,4,27,5,5,5,Champions,Active
C08557,Maharashtra,West,30,174430.27,12747.79,2024-11-11,2025-12-12,19,2.6,4,36,4,5,5,Champions,Active
C00524,Gujarat,West,15,174455.4,886.43,2024-10-26,2025-12-27,4,3.1,4,19,5,5,5,Champions,Active
C05501,Maharashtra,West,15,174984.4,21487.94,2024-10-04,2025-12-23,8,2.4,5,18,5,5,5,Champions,Active
C04551,Tamil Nadu,South,20,175225.76,13577.06,2024-01-27,2025-10-11,81,2.7,6,29,3,5,5,Loyal,Active
C05680,Maharashtra,West,18,175440.45,18565.3,2024-05-23,2025-07-24,160,2.4,2,23,2,5,5,At risk,Churned
C03950,Maharashtra,West,13,175501.35,-8800.47,2024-06-14,2025-04-04,271,3.1,1,15,2,5,5,At risk,Churned
C08651,Gujarat,West,14,175571.69,15290.87,2024-05-18,2025-12-22,9,3.3,2,22,5,5,5,Champions,Active
C10026,Madhya Pradesh,Central,19,175764.29,15846.46,2024-07-26,2025-11-19,42,3.8,4,26,4,5,5,Champions,Active
C01562,Bihar,East,32,176006.34,18826.94,2024-08-12,2025-12-28,3,6.6,5,47,5,5,5,Champions,Active
C04572,Uttar Pradesh,North,15,176341.64,17175.23,2024-04-29,2025-12-31,0,3.2,7,25,5,5,5,Champions,Active
C03541,Delhi,North,19,176443.38,6855.14,2024-05-24,2025-11-20,41,2.2,5,27,4,5,5,Champions,Active
C00198,Rajasthan,North,22,176533.49,5826.49,2024-04-20,2025-12-31,0,4.1,6,31,5,5,5,Champions,Active
C10418,Karnataka,South,29,176584.26,24933.83,2024-08-15,2025-12-30,1,2.2,8,41,5,5,5,Champions,Active
C09550,Tamil Nadu,South,13,176835.69,-13073.23,2025-03-17,2025-12-14,17,2.9,4,16,5,5,5,Champions,Active
C01850,Delhi,North,19,176994.14,15187.72,2024-10-02,2025-12-24,7,2.4,4,27,5,5,5,Champions,Active
C07003,Tamil Nadu,South,33,177350.97,26281.26,2024-05-08,2025-12-20,11,3.5,2,48,5,5,5,Champions,Active
C10669,Assam,Northeast,12,177695.62,19500.02,2024-04-23,2025-12-18,13,7.4,3,16,5,5,5,Champions,Active
C08876,West Bengal,East,13,177732.28,12468.3,2025-02-11,2025-11-13,48,6.1,6,20,3,5,5,Loyal,Active
C00787,Tamil Nadu,South,21,177855.56,-11090.23,2024-03-22,2025-11-25,36,2.9,2,30,4,5,5,Champions,Active
C00580,Karnataka,South,4,177874.35,10841.98,2025-01-25,2025-09-09,113,3.3,2,11,2,3,5,At risk,Churned
C08898,Kerala,South,20,177918.66,4106.05,2024-02-11,2025-12-25,6,3.7,5,31,5,5,5,Champions,Active
C01946,Uttar Pradesh,North,22,177952.46,-10109.09,2025-03-09,2025-12-31,0,3.6,6,30,5,5,5,Champions,Active
C11649,Kerala,South,11,178012.33,-14886.84,2024-12-14,2025-12-02,29,3.3,2,15,4,4,5,Champions,Active
C07894,Maharashtra,West,34,178400.31,14043.6,2024-05-18,2025-12-31,0,2.3,7,46,5,5,5,Champions,Active
C04348,Karnataka,South,18,178590.1,13851.76,2024-01-05,2025-12-20,11,2.5,2,22,5,5,5,Champions,Active
C07048,Assam,Northeast,24,178701.88,12632.88,2024-05-05,2025-12-27,4,7.6,3,25,5,5,5,Champions,Active
C11223,West Bengal,East,21,178774.81,2710.73,2024-01-25,2025-08-17,136,5.4,13,34,2,5,5,At risk,Churned
C04259,Karnataka,South,11,178793.48,25466.1,2024-10-21,2025-11-04,57,3.2,0,17,3,4,5,Loyal,Active
C04839,Madhya Pradesh,Central,12,178825.77,23742.06,2024-09-03,2025-09-13,109,3.3,2,17,3,5,5,Loyal,Churned
C11551,Karnataka,South,16,178871.49,22609.24,2024-12-05,2025-12-04,27,2.0,2,24,4,5,5,Champions,Active
C01973,West Bengal,East,6,178910.4,5650.58,2024-05-16,2024-11-06,420,4.7,0,9,1,4,5,At risk,Churned
C09943,Uttar Pradesh,North,28,178946.65,12122.88,2024-03-24,2025-12-30,1,3.1,4,34,5,5,5,Champions,Active
C01725,Gujarat,West,23,179596.86,18613.23,2024-02-12,2025-11-15,46,2.6,2,30,4,5,5,Champions,Active
C05736,West Bengal,East,19,179785.76,-12134.08,2024-03-18,2025-12-04,27,5.0,5,22,4,5,5,Champions,Active
C04939,Gujarat,West,13,180133.51,7489.12,2024-04-04,2025-12-11,20,3.1,3,16,4,5,5,Champions,Active
C01343,Madhya Pradesh,Central,13,180473.78,4384.65,2024-03-10,2025-07-06,178,4.4,3,20,2,5,5,At risk,Churned
C09586,Karnataka,South,34,180571.14,16328.12,2024-02-03,2025-11-29,32,2.6,5,45,4,5,5,Champions,Active
C06816,Delhi,North,20,180646.02,16446.52,2025-04-10,2025-12-24,7,1.9,0,32,5,5,5,Champions,Active
C00399,Maharashtra,West,24,180959.18,3026.75,2024-02-03,2025-11-10,51,2.8,1,35,3,5,5,Loyal,Active
C08223,Gujarat,West,29,181001.12,9270.91,2024-03-05,2025-05-04,241,2.8,7,39,2,5,5,At risk,Churned
C01470,West Bengal,East,15,181069.79,10445.49,2024-04-28,2025-11-09,52,4.6,4,22,3,5,5,Loyal,Active
C10972,Karnataka,South,20,181106.54,8321.78,2024-10-01,2025-10-20,72,2.1,3,32,3,5,5,Loyal,Active
C07286,Bihar,East,39,181159.63,26429.36,2024-03-23,2025-12-23,8,6.6,8,53,5,5,5,Champions,Active
C10351,Kerala,South,13,181650.53,16007.69,2024-04-25,2025-10-04,88,4.5,5,20,3,5,5,Loyal,Active
C07430,Maharashtra,West,13,181795.01,5601.43,2025-03-27,2025-12-03,28,2.6,1,16,4,5,5,Champions,Active
C02347,Gujarat,West,31,182199.99,6941.86,2024-01-14,2025-10-18,74,3.0,9,38,3,5,5,Loyal,Active
C07452,Karnataka,South,12,182307.84,-1175.75,2025-04-06,2025-12-08,23,2.8,1,20,4,5,5,Champions,Active
C07085,Delhi,North,25,182400.53,15823.83,2024-04-28,2025-12-25,6,2.0,3,35,5,5,5,Champions,Active
C09435,Karnataka,South,11,182437.07,21475.68,2024-11-11,2025-12-29,2,2.6,2,18,5,4,5,Champions,Active
C02297,Maharashtra,West,16,182628.62,6917.3,2025-03-05,2025-12-21,10,2.4,6,24,5,5,5,Champions,Active
C05183,Madhya Pradesh,Central,22,182786.97,937.95,2025-05-06,2025-11-13,48,4.3,5,30,3,5,5,Loyal,Active
C06458,Tamil Nadu,South,15,182833.14,21502.39,2024-04-14,2025-12-13,18,2.6,2,26,4,5,5,Champions,Active
C08325,Tamil Nadu,South,21,182900.95,5283.56,2024-04-19,2025-12-05,26,2.8,1,37,4,5,5,Champions,Active
C08299,Maharashtra,West,18,183028.76,15030.42,2024-02-29,2025-07-31,153,2.3,4,27,2,5,5,At risk,Churned
C07773,Maharashtra,West,18,183067.89,-11153.05,2024-06-18,2025-11-06,55,3.0,1,22,3,5,5,Loyal,Active
C03011,Kerala,South,30,183188.81,7910.48,2024-02-05,2025-12-03,28,3.4,4,38,4,5,5,Champions,Active
C07134,Karnataka,South,14,183213.68,13925.37,2025-04-19,2025-12-17,14,2.6,3,20,5,5,5,Champions,Active
C01587,Karnataka,South,17,183816.64,16364.76,2024-08-17,2025-09-23,99,2.5,0,26,3,5,5,Loyal,Churned
C10519,Karnataka,South,18,184277.73,13611.95,2024-03-04,2025-12-07,24,2.9,2,30,4,5,5,Champions,Active
C11078,Maharashtra,West,24,184309.51,24313.3,2024-04-18,2025-12-27,4,2.3,4,33,5,5,5,Champions,Active
C11782,Delhi,North,13,184323.97,-15971.07,2024-10-16,2025-12-29,2,2.2,4,20,5,5,5,Champions,Active
C07111,Madhya Pradesh,Central,20,184421.18,12147.22,2024-02-09,2025-12-19,12,4.3,4,29,5,5,5,Champions,Active
C05302,Bihar,East,19,184481.91,-19513.46,2025-06-22,2025-12-24,7,6.4,4,27,5,5,5,Champions,Active
C04081,Maharashtra,West,23,184678.86,8902.21,2024-01-09,2025-09-27,95,2.6,3,34,3,5,5,Loyal,Churned
C05900,Delhi,North,23,184853.06,23405.4,2024-01-10,2025-07-25,159,1.4,10,36,2,5,5,At risk,Churned
C09579,Odisha,East,13,185088.99,532.19,2024-04-02,2025-11-01,60,6.2,5,18,3,5,5,Loyal,Active
C07676,Karnataka,South,14,185253.66,-2738.39,2024-02-08,2025-10-19,73,3.4,6,21,3,5,5,Loyal,Active
C08629,Tamil Nadu,South,19,185339.28,10671.41,2024-12-04,2025-12-10,21,3.1,3,30,4,5,5,Champions,Active
C05270,Karnataka,South,8,185353.35,-14937.88,2024-12-10,2025-08-20,133,2.1,2,14,2,4,5,At risk,Churned
C02003,Madhya Pradesh,Central,13,185355.11,19518.6,2025-01-24,2025-12-11,20,4.6,2,19,4,5,5,Champions,Active
C03405,Uttar Pradesh,North,16,185599.02,1689.49,2024-04-11,2025-12-09,22,3.9,1,23,4,5,5,Champions,Active
C04437,Karnataka,South,28,185607.09,6664.72,2024-10-09,2025-12-24,7,2.3,3,40,5,5,5,Champions,Active
C11706,Kerala,South,15,186302.18,9294.68,2024-05-11,2025-12-27,4,3.9,2,23,5,5,5,Champions,Active
C05892,Tamil Nadu,South,20,186387.11,10890.58,2024-02-28,2025-12-17,14,3.3,4,26,5,5,5,Champions,Active
C06672,Karnataka,South,26,186525.68,7559.48,2024-07-22,2025-12-06,25,2.6,5,34,4,5,5,Champions,Active
C04352,Maharashtra,West,9,186712.18,2142.62,2025-03-18,2025-12-03,28,2.5,1,13,4,4,5,Champions,Active
C05608,Telangana,South,25,186759.01,18335.69,2024-04-03,2025-12-13,18,2.6,5,33,4,5,5,Champions,Active
C06652,Rajasthan,North,20,186770.9,-2464.92,2024-10-18,2025-12-23,8,3.8,0,25,5,5,5,Champions,Active
C03921,Delhi,North,26,187014.73,15392.12,2024-08-21,2025-11-21,40,2.2,4,36,4,5,5,Champions,Active
C02625,Maharashtra,West,14,187103.18,14321.57,2024-06-23,2025-11-25,36,2.5,2,20,4,5,5,Champions,Active
C10836,West Bengal,East,21,187296.75,26506.03,2024-09-15,2025-07-03,181,4.9,4,28,2,5,5,At risk,Churned
C08968,Maharashtra,West,13,187355.99,7544.76,2024-09-03,2025-08-25,128,2.6,3,22,2,5,5,At risk,Churned
C11414,Uttar Pradesh,North,33,187589.9,16649.83,2024-04-17,2025-12-30,1,3.6,6,44,5,5,5,Champions,Active
C04980,Delhi,North,18,188082.01,-760.59,2024-06-28,2025-12-15,16,2.2,7,25,5,5,5,Champions,Active
C11959,Maharashtra,West,23,188104.73,20379.11,2025-02-14,2025-12-31,0,2.4,1,32,5,5,5,Champions,Active
C09247,Rajasthan,North,20,188246.96,19509.23,2024-04-27,2025-11-08,53,3.8,1,26,3,5,5,Loyal,Active
C06518,Maharashtra,West,35,188295.35,11306.31,2024-02-29,2025-11-16,45,2.6,4,45,4,5,5,Champions,Active
C09012,Maharashtra,West,28,188301.65,11890.11,2025-03-07,2025-12-29,2,2.6,3,38,5,5,5,Champions,Active
C04921,Maharashtra,West,15,188359.44,21669.4,2024-08-12,2025-11-23,38,2.7,3,23,4,5,5,Champions,Active
C06102,West Bengal,East,29,189394.68,22277.94,2024-06-29,2025-12-18,13,5.1,12,42,5,5,5,Champions,Active
C09952,Telangana,South,26,189705.61,1798.27,2024-03-10,2025-12-05,26,2.5,2,31,4,5,5,Champions,Active
C10369,Maharashtra,West,24,190161.97,7536.59,2024-03-09,2025-12-05,26,2.5,1,32,4,5,5,Champions,Active
C07596,Tamil Nadu,South,24,190235.3,18554.52,2024-07-09,2025-12-15,16,2.8,5,37,5,5,5,Champions,Active
C07455,Delhi,North,16,190381.05,13762.56,2024-08-13,2025-12-29,2,2.4,7,22,5,5,5,Champions,Active
C01807,Delhi,North,15,190945.9,18421.44,2024-10-11,2025-12-16,15,2.3,1,24,5,5,5,Champions,Active
C07429,Gujarat,West,12,191147.77,8089.24,2024-11-08,2025-11-23,38,3.1,0,18,4,5,5,Champions,Active
C03791,Bihar,East,11,191149.26,857.44,2024-04-17,2025-05-20,225,7.1,2,19,2,4,5,At risk,Churned
C09773,Madhya Pradesh,Central,21,191373.69,6564.16,2024-02-20,2024-09-22,465,4.2,5,26,1,5,5,At risk,Churned
C08595,Delhi,North,25,191482.94,5300.64,2024-01-15,2025-11-28,33,2.1,7,32,4,5,5,Champions,Active
C05403,Maharashtra,West,30,191516.72,6438.43,2024-01-08,2025-12-20,11,2.5,4,43,5,5,5,Champions,Active
C09145,Karnataka,South,19,191990.33,4931.56,2024-10-02,2025-11-19,42,2.7,1,26,4,5,5,Champions,Active
C09992,Bihar,East,21,192043.3,7039.42,2024-02-20,2025-11-09,52,6.5,4,34,3,5,5,Loyal,Active
C11595,Odisha,East,22,192269.59,21408.24,2024-02-15,2025-12-14,17,5.6,3,27,5,5,5,Champions,Active
C06806,Uttar Pradesh,North,36,192374.41,28790.93,2024-05-02,2025-12-29,2,3.4,7,51,5,5,5,Champions,Active
C01474,Madhya Pradesh,Central,24,192374.68,-3093.47,2024-02-15,2024-11-20,406,3.8,6,33,1,5,5,At risk,Churned
C10129,Karnataka,South,12,192410.07,-1304.33,2024-01-30,2025-04-19,256,2.4,2,16,2,5,5,At risk,Churned
C03555,Karnataka,South,21,192664.2,22970.16,2024-03-06,2025-12-07,24,2.6,4,31,4,5,5,Champions,Active
C03644,Maharashtra,West,14,192755.08,-17479.69,2024-03-17,2024-12-17,379,2.3,3,20,1,5,5,At risk,Churned
C06542,Gujarat,West,15,193091.7,2899.73,2024-01-17,2024-04-09,631,3.6,5,19,1,5,5,At risk,Churned
C03016,Tamil Nadu,South,17,193484.16,8447.87,2024-09-06,2025-12-30,1,3.1,1,23,5,5,5,Champions,Active
C06335,Maharashtra,West,35,193621.16,8994.93,2024-05-18,2025-12-15,16,2.4,8,48,5,5,5,Champions,Active
C10039,Telangana,South,17,193946.9,11873.54,2024-10-03,2025-12-30,1,1.9,3,24,5,5,5,Champions,Active
C09635,Maharashtra,West,25,194023.11,-6179.18,2024-04-12,2025-11-05,56,2.9,4,35,3,5,5,Loyal,Active
C00739,Assam,Northeast,17,194089.5,-29612.47,2024-04-13,2024-06-13,566,7.2,2,28,1,5,5,At risk,Churned
C10337,Gujarat,West,12,194249.73,12874.88,2024-08-13,2025-12-28,3,3.4,2,17,5,5,5,Champions,Active
C10188,Madhya Pradesh,Central,21,194267.79,15513.07,2024-12-24,2025-12-16,15,3.7,3,30,5,5,5,Champions,Active
C01888,Assam,Northeast,17,194480.21,1789.95,2024-08-09,2025-12-10,21,7.8,4,20,4,5,5,Champions,Active
C02299,Gujarat,West,37,194491.75,30837.82,2024-02-04,2025-11-19,42,2.7,4,47,4,5,5,Champions,Active
C05816,Delhi,North,17,194637.67,16140.07,2024-01-28,2025-06-05,209,2.1,3,26,2,5,5,At risk,Churned
C03579,Assam,Northeast,13,194640.97,2160.49,2024-03-24,2025-12-06,25,8.2,0,20,4,5,5,Champions,Active
C07873,Gujarat,West,19,194916.6,5501.36,2024-11-28,2025-12-17,14,3.7,4,23,5,5,5,Champions,Active
C06392,Maharashtra,West,18,194941.63,386.68,2024-07-11,2025-12-15,16,2.7,2,27,5,5,5,Champions,Active
C06078,Telangana,South,23,195015.57,23412.85,2024-06-19,2025-12-05,26,2.4,3,34,4,5,5,Champions,Active
C01228,Maharashtra,West,28,195123.16,15535.39,2024-03-04,2025-09-02,120,2.7,9,43,2,5,5,At risk,Churned
C11055,Maharashtra,West,18,195164.67,17220.79,2024-01-06,2025-12-15,16,2.4,6,24,5,5,5,Champions,Active
C02146,Karnataka,South,14,195224.45,18221.0,2024-10-09,2025-12-05,26,2.0,2,22,4,5,5,Champions,Active
C11320,Telangana,South,20,195301.71,952.02,2024-12-14,2025-12-24,7,2.3,2,30,5,5,5,Champions,Active
C06532,West Bengal,East,7,195353.0,4973.82,2024-02-22,2024-12-12,384,6.1,0,10,1,4,5,At risk,Churned
C10256,Rajasthan,North,16,195398.33,5778.3,2024-01-31,2025-10-01,91,4.4,2,20,3,5,5,Loyal,Churned
C00128,Gujarat,West,14,195417.75,21539.92,2024-08-08,2025-11-24,37,3.3,2,21,4,5,5,Champions,Active
C09747,Karnataka,South,43,195439.8,23382.66,2024-04-18,2025-12-24,7,2.7,9,56,5,5,5,Champions,Active
C11500,Karnataka,South,24,195505.45,3794.54,2024-09-29,2025-12-20,11,2.4,3,36,5,5,5,Champions,Active
C02000,Delhi,North,36,195592.71,5146.99,2024-06-30,2025-12-16,15,2.4,4,51,5,5,5,Champions,Active
C09241,Rajasthan,North,18,195605.75,-16488.09,2024-05-22,2025-12-08,23,3.7,2,25,4,5,5,Champions,Active
C08409,Maharashtra,West,30,195629.72,32065.92,2025-03-08,2025-12-24,7,3.1,8,36,5,5,5,Champions,Active
C10523,Maharashtra,West,17,195736.0,-4568.52,2025-02-04,2025-12-08,23,2.2,1,23,4,5,5,Champions,Active
C04490,Karnataka,South,26,195986.01,21857.54,2024-06-22,2025-12-29,2,2.3,6,39,5,5,5,Champions,Active
C09307,Kerala,South,11,196140.73,18111.84,2024-03-28,2025-10-18,74,3.5,3,17,3,4,5,Loyal,Active
C11230,Madhya Pradesh,Central,23,196264.93,26939.91,2024-04-04,2025-12-06,25,4.0,1,29,4,5,5,Champions,Active
C07400,West Bengal,East,15,196362.95,25518.95,2024-01-08,2025-12-24,7,4.9,4,26,5,5,5,Champions,Active
C05491,Tamil Nadu,South,28,196627.18,21959.2,2024-03-30,2025-12-14,17,2.5,2,35,5,5,5,Champions,Active
C06718,Delhi,North,18,196797.46,29325.75,2024-01-27,2024-10-29,428,2.0,1,27,1,5,5,At risk,Churned
C04533,Maharashtra,West,12,196856.02,725.59,2024-03-01,2025-10-12,80,2.2,2,16,3,5,5,Loyal,Active
C03863,Karnataka,South,18,196861.81,2617.54,2024-08-06,2025-12-28,3,2.2,2,21,5,5,5,Champions,Active
C01327,Maharashtra,West,24,197017.52,2699.35,2024-08-19,2025-12-23,8,3.2,1,36,5,5,5,Champions,Active
C03210,Gujarat,West,23,197105.72,-7169.41,2024-05-26,2025-12-11,20,2.5,6,30,4,5,5,Champions,Active
C10319,Maharashtra,West,7,197159.22,18655.5,2025-04-28,2025-12-29,2,2.6,0,10,5,4,5,Champions,Active
C10915,Telangana,South,24,197171.34,9046.97,2024-01-17,2025-11-30,31,2.4,9,36,4,5,5,Champions,Active
C05942,Karnataka,South,13,197364.24,13186.38,2025-01-28,2025-12-22,9,2.4,1,20,5,5,5,Champions,Active
C08732,Delhi,North,28,198663.67,13519.12,2024-03-06,2025-12-29,2,2.2,1,35,5,5,5,Champions,Active
C00899,Madhya Pradesh,Central,19,198742.56,6072.38,2024-09-07,2025-10-13,79,3.8,5,31,3,5,5,Loyal,Active
C00096,Gujarat,West,20,198804.16,18412.52,2024-07-28,2025-12-14,17,2.9,3,28,5,5,5,Champions,Active
C06150,Karnataka,South,16,199052.52,5201.22,2024-03-22,2025-04-24,251,3.2,2,26,2,5,5,At risk,Churned
C04641,Rajasthan,North,30,199183.3,-236.68,2024-08-08,2025-12-10,21,3.9,3,42,4,5,5,Champions,Active
C00070,Maharashtra,West,26,199219.45,22081.73,2024-03-01,2025-11-08,53,2.4,4,36,3,5,5,Loyal,Active
C11452,Madhya Pradesh,Central,23,199224.33,21332.26,2024-04-02,2025-11-26,35,4.0,3,31,4,5,5,Champions,Active
C02836,Delhi,North,9,199250.78,4508.65,2024-03-30,2025-12-21,10,1.9,0,11,5,4,5,Champions,Active
C04652,West Bengal,East,20,199299.65,-1310.55,2024-03-25,2025-12-14,17,5.0,1,29,5,5,5,Champions,Active
C00505,Gujarat,West,11,199857.4,20650.16,2024-02-25,2025-12-18,13,3.2,2,16,5,4,5,Champions,Active
C10195,Tamil Nadu,South,14,199924.41,20152.16,2024-03-21,2025-09-24,98,2.3,2,21,3,5,5,Loyal,Churned
C00629,Delhi,North,14,199978.85,22448.25,2025-05-20,2025-11-17,44,2.1,4,20,4,5,5,Champions,Active
C06491,Uttar Pradesh,North,32,200087.63,13039.83,2024-07-25,2025-12-28,3,3.5,1,54,5,5,5,Champions,Active
C04756,Uttar Pradesh,North,32,200157.82,11086.26,2024-02-26,2025-11-23,38,4.0,4,41,4,5,5,Champions,Active
C02096,Gujarat,West,21,200734.93,21201.68,2024-09-27,2025-12-25,6,2.6,3,30,5,5,5,Champions,Active
C11554,Tamil Nadu,South,6,200757.15,11420.92,2024-10-12,2025-09-30,92,4.1,1,9,3,4,5,Loyal,Churned
C07198,Delhi,North,7,201021.4,9796.46,2025-01-26,2025-11-28,33,2.3,0,9,4,4,5,Champions,Active
C09482,Delhi,North,14,201043.24,32028.38,2024-03-16,2025-11-02,59,2.1,2,23,3,5,5,Loyal,Active
C05780,Rajasthan,North,28,201297.88,26658.28,2024-08-01,2025-12-08,23,3.9,3,41,4,5,5,Champions,Active
C05217,Gujarat,West,29,201430.08,18472.37,2024-01-21,2025-12-17,14,2.9,7,37,5,5,5,Champions,Active
C03575,Gujarat,West,24,201514.54,19761.03,2024-09-19,2025-12-31,0,3.2,5,33,5,5,5,Champions,Active
C00086,Maharashtra,West,37,201667.95,35330.66,2024-10-21,2025-12-27,4,2.6,8,54,5,5,5,Champions,Active
C06719,Madhya Pradesh,Central,27,201685.65,8723.6,2024-04-18,2025-12-14,17,4.2,2,39,5,5,5,Champions,Active
C02637,Telangana,South,21,201758.75,6850.88,2025-04-10,2025-09-22,100,2.7,5,35,3,5,5,Loyal,Churned
C00171,Gujarat,West,23,202202.24,2898.02,2024-12-22,2025-12-18,13,3.2,4,28,5,5,5,Champions,Active
C06395,Gujarat,West,10,202210.36,-600.29,2024-08-11,2025-11-01,60,2.7,0,12,3,4,5,Loyal,Active
C00214,West Bengal,East,15,202328.31,15542.13,2025-04-24,2025-11-16,45,4.9,2,21,4,5,5,Champions,Active
C05337,Telangana,South,30,202593.4,21509.63,2024-01-29,2025-11-29,32,2.4,4,42,4,5,5,Champions,Active
C04638,Maharashtra,West,8,202598.56,3922.69,2024-08-03,2024-10-21,436,2.6,1,11,1,4,5,At risk,Churned
C09344,Maharashtra,West,16,202773.73,15849.05,2024-05-07,2025-11-13,48,2.4,4,21,3,5,5,Loyal,Active
C09822,Telangana,South,10,202964.89,21403.76,2024-11-22,2025-11-12,49,2.3,1,15,3,4,5,Loyal,Active
C08054,Maharashtra,West,24,203291.53,29567.27,2024-09-07,2025-12-28,3,3.1,3,38,5,5,5,Champions,Active
C06745,Tamil Nadu,South,27,203298.37,4802.02,2024-04-07,2025-12-22,9,2.9,5,41,5,5,5,Champions,Active
C00222,Uttar Pradesh,North,17,204155.95,23169.36,2024-06-18,2025-11-24,37,3.3,3,29,4,5,5,Champions,Active
C01251,Bihar,East,20,204330.83,13626.95,2024-10-01,2025-11-10,51,5.9,3,30,3,5,5,Loyal,Active
C00520,Telangana,South,25,204701.9,-8184.21,2024-07-02,2025-12-16,15,2.6,4,38,5,5,5,Champions,Active
C03058,West Bengal,East,13,205197.87,24814.28,2024-02-10,2025-01-26,339,5.0,3,22,1,5,5,At risk,Churned
C10652,Maharashtra,West,13,205230.14,9119.33,2024-04-07,2025-11-02,59,2.3,3,17,3,5,5,Loyal,Active
C09885,Gujarat,West,12,205271.09,4570.58,2024-06-19,2025-05-04,241,2.7,1,17,2,5,5,At risk,Churned
C04912,Maharashtra,West,20,205335.47,13593.87,2024-12-05,2025-12-15,16,2.4,3,29,5,5,5,Champions,Active
C08166,Uttar Pradesh,North,17,205402.49,8109.23,2024-06-04,2025-12-09,22,2.9,2,25,4,5,5,Champions,Active
C06654,Uttar Pradesh,North,18,205464.52,1166.77,2024-11-22,2025-12-10,21,3.6,3,27,4,5,5,Champions,Active
C02361,Uttar Pradesh,North,39,205607.79,2117.0,2024-01-05,2025-10-24,68,3.8,8,49,3,5,5,Loyal,Active
C01638,Maharashtra,West,10,205640.41,23811.96,2024-07-22,2025-10-27,65,2.7,1,17,3,4,5,Loyal,Active
C11318,Gujarat,West,27,205813.67,21665.87,2024-01-03,2025-11-03,58,2.8,5,38,3,5,5,Loyal,Active
C00197,Madhya Pradesh,Central,38,205890.16,22850.31,2024-02-16,2025-11-28,33,4.0,6,55,4,5,5,Champions,Active
C09164,West Bengal,East,22,206077.56,7646.51,2024-06-05,2025-12-22,9,4.7,3,29,5,5,5,Champions,Active
C09306,Maharashtra,West,15,206168.7,6539.65,2025-03-26,2025-12-13,18,2.7,4,24,4,5,5,Champions,Active
C10313,Tamil Nadu,South,15,206614.17,-13010.7,2024-01-08,2025-12-19,12,3.3,1,20,5,5,5,Champions,Active
C05658,Karnataka,South,30,206818.32,25037.62,2024-01-29,2025-12-20,11,2.9,4,38,5,5,5,Champions,Active
C11784,Delhi,North,13,206931.18,16288.2,2025-05-03,2025-12-27,4,1.9,2,20,5,5,5,Champions,Active
C05654,Rajasthan,North,25,207337.01,18914.4,2024-08-29,2025-12-26,5,4.3,5,35,5,5,5,Champions,Active
C08067,Rajasthan,North,24,207343.48,20466.89,2024-01-07,2025-12-13,18,4.2,3,40,4,5,5,Champions,Active
C11309,Madhya Pradesh,Central,26,208588.17,33203.39,2024-08-08,2025-12-10,21,4.8,3,40,4,5,5,Champions,Active
C03556,West Bengal,East,16,208725.02,16966.42,2024-11-05,2025-12-26,5,4.8,2,20,5,5,5,Champions,Active
C11764,Delhi,North,17,208765.09,10036.3,2024-07-22,2025-04-06,269,2.0,3,24,2,5,5,At risk,Churned
C03676,Telangana,South,15,208813.06,4746.38,2024-03-17,2025-11-14,47,3.1,3,20,3,5,5,Loyal,Active
C07200,West Bengal,East,12,209063.88,18052.29,2024-02-28,2025-10-02,90,5.2,2,21,3,5,5,Loyal,Active
C06413,Tamil Nadu,South,27,209487.51,30615.13,2024-02-26,2025-12-21,10,3.1,4,38,5,5,5,Champions,Active
C02001,Delhi,North,14,209569.22,8435.79,2024-04-03,2025-12-06,25,2.3,0,24,4,5,5,Champions,Active
C09403,Karnataka,South,17,209575.46,26451.14,2024-02-05,2025-11-23,38,2.4,5,28,4,5,5,Champions,Active
C10905,Delhi,North,14,209827.33,21082.46,2024-11-04,2025-12-18,13,2.1,2,24,5,5,5,Champions,Active
C09588,Rajasthan,North,11,209868.28,12415.47,2024-11-09,2025-10-05,87,3.1,1,17,3,4,5,Loyal,Active
C00823,Karnataka,South,19,210162.87,20808.29,2025-03-27,2025-12-20,11,2.6,0,25,5,5,5,Champions,Active
C03307,Gujarat,West,12,210215.93,-7335.83,2024-06-16,2025-10-26,66,2.9,2,16,3,5,5,Loyal,Active
C11850,Karnataka,South,26,210218.04,28328.74,2024-01-14,2025-12-21,10,2.9,4,36,5,5,5,Champions,Active
C01814,Gujarat,West,35,210522.85,36949.18,2024-07-27,2025-12-07,24,2.8,5,43,4,5,5,Champions,Active
C10747,Uttar Pradesh,North,12,210559.94,15442.0,2024-10-20,2025-12-23,8,4.1,0,22,5,5,5,Champions,Active
C00924,Bihar,East,24,210633.45,-12137.37,2024-04-17,2025-12-24,7,7.1,7,41,5,5,5,Champions,Active
C04461,Maharashtra,West,16,210687.5,5728.2,2024-03-05,2025-10-18,74,2.7,1,24,3,5,5,Loyal,Active
C10398,Delhi,North,23,210740.0,28292.56,2024-05-06,2025-12-23,8,2.3,1,35,5,5,5,Champions,Active
C02137,Delhi,North,10,210777.92,-8450.51,2024-02-16,2025-10-14,78,2.6,5,17,3,4,5,Loyal,Active
C06135,Uttar Pradesh,North,44,210928.05,43092.05,2024-06-10,2025-12-31,0,3.6,7,63,5,5,5,Champions,Active
C07551,Uttar Pradesh,North,19,211036.2,-1130.25,2024-02-23,2025-06-25,189,3.4,0,23,2,5,5,At risk,Churned
C03688,Tamil Nadu,South,27,211607.38,15896.3,2024-02-10,2025-12-29,2,2.9,7,37,5,5,5,Champions,Active
C11651,Kerala,South,14,211623.74,15702.97,2024-08-03,2025-12-11,20,2.6,2,17,4,5,5,Champions,Active
C03648,Rajasthan,North,22,211746.94,28714.38,2024-08-24,2025-12-25,6,4.1,2,31,5,5,5,Champions,Active
C00916,Maharashtra,West,14,212198.98,8117.57,2024-07-27,2025-12-28,3,2.5,4,22,5,5,5,Champions,Active
C00284,Uttar Pradesh,North,15,212318.12,18211.5,2024-08-16,2025-09-11,111,3.2,1,25,2,5,5,At risk,Churned
C10152,Telangana,South,22,212396.1,7845.78,2024-03-27,2025-11-24,37,2.6,9,37,4,5,5,Champions,Active
C02190,Delhi,North,25,212884.58,19448.0,2025-01-03,2025-12-17,14,2.3,2,35,5,5,5,Champions,Active
C11334,West Bengal,East,13,212918.51,17184.26,2024-07-27,2025-09-20,102,5.1,4,21,3,5,5,Loyal,Churned
C09686,Gujarat,West,21,213022.47,-431.7,2025-03-10,2025-12-29,2,3.4,1,28,5,5,5,Champions,Active
C08706,Madhya Pradesh,Central,22,213027.06,23592.92,2024-05-12,2025-12-16,15,3.8,5,38,5,5,5,Champions,Active
C04087,Karnataka,South,13,213029.95,34143.06,2024-02-12,2024-08-21,497,1.8,4,20,1,5,5,At risk,Churned
C07753,Kerala,South,18,213180.91,2129.83,2024-10-28,2025-10-14,78,2.9,2,23,3,5,5,Loyal,Active
C09797,Uttar Pradesh,North,29,213562.64,19838.22,2024-03-11,2025-12-20,11,3.4,2,36,5,5,5,Champions,Active
C02226,Odisha,East,25,213634.79,-3659.46,2024-01-07,2024-04-09,631,6.2,4,32,1,5,5,At risk,Churned
C08626,Gujarat,West,17,213944.36,6226.76,2024-08-13,2025-08-18,135,3.1,2,24,2,5,5,At risk,Churned
C06090,Delhi,North,32,214119.98,32751.16,2024-06-23,2025-12-21,10,2.1,4,44,5,5,5,Champions,Active
C04803,Maharashtra,West,15,214212.84,2469.72,2024-11-06,2025-12-25,6,2.8,5,29,5,5,5,Champions,Active
C05040,Kerala,South,28,214272.72,12578.04,2024-04-11,2025-12-10,21,3.9,2,37,4,5,5,Champions,Active
C02121,West Bengal,East,26,215126.01,12892.87,2024-03-22,2025-10-15,77,4.8,5,35,3,5,5,Loyal,Active
C00335,Rajasthan,North,36,215780.4,-16069.73,2024-02-27,2025-12-27,4,4.1,6,49,5,5,5,Champions,Active
C05727,Gujarat,West,24,215820.65,19964.98,2025-05-07,2025-12-30,1,3.0,14,41,5,5,5,Champions,Active
C06180,Delhi,North,16,215920.92,5733.26,2024-10-20,2025-12-29,2,2.1,1,19,5,5,5,Champions,Active
C00338,Karnataka,South,18,215999.56,22899.29,2024-04-18,2025-05-20,225,2.3,4,29,2,5,5,At risk,Churned
C07913,Kerala,South,31,216095.0,27950.2,2024-07-31,2025-12-22,9,3.4,3,35,5,5,5,Champions,Active
C06034,Karnataka,South,26,216101.62,17764.33,2024-07-29,2025-11-16,45,2.8,4,37,4,5,5,Champions,Active
C02324,Maharashtra,West,17,216301.74,-7097.52,2024-03-01,2025-11-16,45,2.0,2,24,4,5,5,Champions,Active
C03605,Delhi,North,24,216334.87,21068.95,2024-07-24,2025-11-28,33,2.1,5,35,4,5,5,Champions,Active
C07864,Kerala,South,14,216448.47,22169.58,2024-12-30,2025-12-19,12,3.4,1,21,5,5,5,Champions,Active
C09835,Maharashtra,West,13,216639.03,3874.48,2025-03-20,2025-12-09,22,2.2,1,26,4,5,5,Champions,Active
C11780,Tamil Nadu,South,25,216770.22,13506.92,2024-02-24,2025-11-19,42,3.1,4,38,4,5,5,Champions,Active
C05616,Maharashtra,West,25,217009.3,18934.46,2024-11-24,2025-12-24,7,2.7,3,45,5,5,5,Champions,Active
C09646,Uttar Pradesh,North,19,217403.02,7615.64,2024-04-18,2025-12-27,4,3.7,7,27,5,5,5,Champions,Active
C02709,Gujarat,West,13,217488.14,21700.83,2024-06-13,2025-12-29,2,3.0,1,22,5,5,5,Champions,Active
C03636,Delhi,North,29,217536.13,21510.06,2024-03-24,2025-11-24,37,2.0,3,40,4,5,5,Champions,Active
C03824,Karnataka,South,12,217536.64,-14898.35,2024-01-05,2025-11-08,53,2.8,1,15,3,5,5,Loyal,Active
C03162,Tamil Nadu,South,18,217543.3,14113.79,2024-03-08,2025-12-19,12,3.1,4,27,5,5,5,Champions,Active
C00019,Delhi,North,23,218649.15,22733.45,2024-05-26,2025-12-31,0,1.7,12,35,5,5,5,Champions,Active
C00391,Bihar,East,27,218925.69,20112.55,2024-05-21,2025-12-14,17,6.3,13,32,5,5,5,Champions,Active
C03909,Maharashtra,West,13,218983.44,-7005.59,2024-07-18,2025-08-28,125,3.0,6,16,2,5,5,At risk,Churned
C10618,Karnataka,South,21,219201.29,28164.27,2024-11-15,2025-11-22,39,2.1,4,34,4,5,5,Champions,Active
C09599,Telangana,South,15,219837.97,12914.1,2024-07-20,2025-12-30,1,2.7,2,22,5,5,5,Champions,Active
C03118,Gujarat,West,12,220014.69,26283.08,2025-03-24,2025-12-13,18,3.2,4,20,4,5,5,Champions,Active
C05192,Maharashtra,West,13,220212.74,17868.55,2024-09-19,2025-11-09,52,2.2,4,19,3,5,5,Loyal,Active
C01370,Delhi,North,35,220286.59,38028.18,2024-08-17,2025-11-24,37,2.4,7,60,4,5,5,Champions,Active
C01784,Tamil Nadu,South,16,220335.3,18084.04,2024-06-13,2025-11-22,39,3.3,1,22,4,5,5,Champions,Active
C06958,Tamil Nadu,South,28,220483.07,21850.13,2024-10-03,2025-12-29,2,3.1,6,37,5,5,5,Champions,Active
C03366,Delhi,North,34,220769.42,4304.52,2024-01-05,2025-11-25,36,2.1,9,46,4,5,5,Champions,Active
C03935,Telangana,South,13,221081.28,19810.74,2024-07-12,2025-12-28,3,2.5,2,20,5,5,5,Champions,Active
C01366,Bihar,East,26,221206.5,4924.21,2024-07-02,2025-12-23,8,6.1,0,36,5,5,5,Champions,Active
C03900,Delhi,North,18,221237.45,28047.92,2024-03-15,2025-12-30,1,2.1,1,26,5,5,5,Champions,Active
C02622,Delhi,North,30,221749.23,2795.27,2024-03-13,2025-12-14,17,1.8,2,45,5,5,5,Champions,Active
C06191,Gujarat,West,25,221790.2,8909.53,2024-09-06,2025-12-14,17,2.7,6,39,5,5,5,Champions,Active
C09946,Maharashtra,West,22,221999.21,18181.64,2024-04-12,2025-11-29,32,2.6,3,29,4,5,5,Champions,Active
C09162,Kerala,South,36,222272.41,38790.65,2024-02-18,2025-12-21,10,3.6,8,43,5,5,5,Champions,Active
C01710,Telangana,South,25,222509.57,12103.19,2024-04-07,2024-12-17,379,2.6,4,36,1,5,5,At risk,Churned
C06571,Gujarat,West,23,222526.4,1614.88,2024-07-18,2025-12-20,11,3.0,3,29,5,5,5,Champions,Active
C04493,Delhi,North,27,222531.04,4938.05,2024-02-18,2025-12-24,7,2.0,2,35,5,5,5,Champions,Active
C10520,Uttar Pradesh,North,23,222594.16,15060.68,2024-10-18,2025-11-26,35,3.8,8,33,4,5,5,Champions,Active
C06082,West Bengal,East,11,222655.18,1077.74,2024-06-27,2025-09-17,105,5.1,3,15,3,4,5,Loyal,Churned
C09146,Maharashtra,West,28,222817.0,9232.03,2024-02-17,2025-12-28,3,2.5,4,43,5,5,5,Champions,Active
C06161,Rajasthan,North,19,222914.8,18939.82,2024-01-26,2025-11-12,49,3.8,2,28,3,5,5,Loyal,Active
C01718,Uttar Pradesh,North,21,223180.68,32767.66,2024-07-22,2025-12-28,3,3.9,1,33,5,5,5,Champions,Active
C02829,Delhi,North,40,223246.87,5388.74,2024-05-25,2025-12-16,15,2.2,4,53,5,5,5,Champions,Active
C05178,Maharashtra,West,16,223639.35,6806.49,2025-01-18,2025-12-25,6,2.4,1,26,5,5,5,Champions,Active
C08049,Karnataka,South,18,224231.71,10284.04,2024-06-18,2025-12-28,3,2.4,3,26,5,5,5,Champions,Active
C02086,Madhya Pradesh,Central,25,224510.01,-564.95,2024-04-07,2025-11-14,47,4.3,8,35,3,5,5,Loyal,Active
C01886,Maharashtra,West,17,224639.92,7108.79,2024-06-13,2025-11-28,33,2.3,2,22,4,5,5,Champions,Active
C01053,Karnataka,South,19,224771.24,545.88,2024-09-05,2025-12-31,0,2.7,5,27,5,5,5,Champions,Active
C06657,Delhi,North,36,224814.1,25768.87,2024-01-23,2025-12-24,7,1.8,4,46,5,5,5,Champions,Active
C00418,Gujarat,West,28,224827.44,24156.17,2024-01-05,2025-12-19,12,3.0,2,42,5,5,5,Champions,Active
C07604,Karnataka,South,22,224837.32,19844.11,2024-03-28,2025-10-28,64,2.7,5,29,3,5,5,Loyal,Active
C11860,Karnataka,South,20,225183.6,23590.38,2024-06-19,2025-12-04,27,2.3,3,29,4,5,5,Champions,Active
C09879,Gujarat,West,46,225253.8,25787.59,2024-08-17,2025-12-29,2,3.0,10,67,5,5,5,Champions,Active
C11912,Madhya Pradesh,Central,31,225318.69,24649.46,2024-01-05,2025-11-20,41,4.1,1,43,4,5,5,Champions,Active
C10411,Tamil Nadu,South,12,225602.24,14213.1,2024-10-02,2025-02-22,312,3.5,1,23,1,5,5,At risk,Churned
C03378,Kerala,South,17,225617.26,-2264.96,2024-08-09,2025-11-04,57,3.6,3,24,3,5,5,Loyal,Active
C00039,Karnataka,South,13,225904.93,15886.29,2024-09-16,2025-11-23,38,2.8,1,19,4,5,5,Champions,Active
C03580,Delhi,North,28,225933.92,18209.23,2024-02-24,2025-12-13,18,2.0,4,40,4,5,5,Champions,Active
C11294,Karnataka,South,13,226186.12,1489.27,2024-08-04,2025-12-01,30,2.6,3,23,4,5,5,Champions,Active
C01155,Madhya Pradesh,Central,31,226297.32,-3221.2,2024-04-11,2025-10-26,66,3.7,2,35,3,5,5,Loyal,Active
C07952,Tamil Nadu,South,35,226358.9,7736.29,2024-04-07,2025-12-25,6,2.8,5,43,5,5,5,Champions,Active
C08164,Bihar,East,24,226763.9,28784.93,2024-01-03,2025-12-27,4,7.0,8,32,5,5,5,Champions,Active
C11852,Delhi,North,27,227005.3,-790.62,2024-09-24,2025-12-26,5,2.4,4,40,5,5,5,Champions,Active
C05129,Bihar,East,18,227044.96,13463.92,2024-08-16,2025-08-24,129,6.6,2,25,2,5,5,At risk,Churned
C04712,Karnataka,South,53,227408.33,17771.62,2024-04-11,2025-12-09,22,2.2,7,67,4,5,5,Champions,Active
C09759,Tamil Nadu,South,41,227628.65,26052.04,2024-02-29,2025-12-01,30,3.1,7,55,4,5,5,Champions,Active
C05034,Rajasthan,North,28,227840.49,10302.25,2024-11-28,2025-11-25,36,3.8,9,42,4,5,5,Champions,Active
C11698,Uttar Pradesh,North,16,227844.46,9895.45,2024-03-27,2025-12-13,18,3.6,4,28,5,5,5,Champions,Active
C02202,Gujarat,West,36,227899.76,34725.85,2024-01-29,2025-07-18,166,3.0,4,64,2,5,5,At risk,Churned
C04661,West Bengal,East,33,228155.98,13307.37,2024-01-25,2025-11-21,40,4.6,12,48,4,5,5,Champions,Active
C06784,Madhya Pradesh,Central,17,228285.93,10820.51,2024-07-16,2025-12-10,21,4.3,2,23,4,5,5,Champions,Active
C03513,Delhi,North,18,229409.4,29115.03,2024-08-28,2025-12-25,6,2.3,2,27,5,5,5,Champions,Active
C03567,Delhi,North,15,229571.66,-2196.94,2024-05-18,2025-10-29,63,1.8,4,19,3,5,5,Loyal,Active
C04765,Kerala,South,22,230042.18,1413.82,2024-04-21,2025-12-10,21,3.2,1,31,4,5,5,Champions,Active
C04442,Karnataka,South,20,230059.23,19325.31,2024-11-16,2025-12-04,27,2.2,2,29,4,5,5,Champions,Active
C00644,West Bengal,East,38,230408.32,-11886.51,2024-09-15,2025-12-06,25,5.1,2,50,4,5,5,Champions,Active
C05257,Uttar Pradesh,North,33,230452.32,30319.62,2024-05-09,2025-12-25,6,3.9,7,49,5,5,5,Champions,Active
C03860,Maharashtra,West,22,231023.76,19999.86,2025-02-09,2025-12-24,7,2.5,5,34,5,5,5,Champions,Active
C08001,Maharashtra,West,25,231410.17,2328.85,2024-02-04,2025-11-23,38,2.7,6,36,4,5,5,Champions,Active
C07441,West Bengal,East,32,232024.72,990.43,2024-10-19,2025-12-18,13,4.9,10,49,5,5,5,Champions,Active
C03993,Madhya Pradesh,Central,33,232037.19,21733.77,2024-04-26,2025-12-24,7,4.1,6,42,5,5,5,Champions,Active
C01213,Telangana,South,23,232115.92,10555.7,2024-03-19,2025-11-25,36,2.2,4,33,4,5,5,Champions,Active
C05597,Uttar Pradesh,North,32,232201.84,21155.32,2024-03-14,2025-12-14,17,3.3,7,41,5,5,5,Champions,Active
C04948,Delhi,North,21,232401.0,-12510.83,2024-09-16,2025-11-28,33,1.8,0,25,4,5,5,Champions,Active
C10733,Karnataka,South,25,232545.94,10213.53,2024-06-02,2025-12-30,1,2.3,1,30,5,5,5,Champions,Active
C01889,Maharashtra,West,30,232708.89,21792.56,2024-04-14,2025-12-09,22,2.2,6,44,4,5,5,Champions,Active
C01381,Uttar Pradesh,North,36,233255.55,15815.46,2024-01-06,2025-12-31,0,3.3,5,54,5,5,5,Champions,Active
C01809,Maharashtra,West,28,233634.57,-6414.42,2024-03-07,2025-10-30,62,2.2,5,34,3,5,5,Loyal,Active
C06052,Delhi,North,30,233829.97,25744.71,2024-04-01,2025-12-27,4,2.0,3,44,5,5,5,Champions,Active
C08654,Tamil Nadu,South,16,234111.75,17067.58,2024-03-18,2025-12-22,9,2.8,2,26,5,5,5,Champions,Active
C06254,Delhi,North,29,234535.8,7454.76,2024-04-10,2025-12-17,14,2.1,8,38,5,5,5,Champions,Active
C03662,Tamil Nadu,South,28,234624.19,21420.54,2024-01-17,2025-10-16,76,3.3,11,49,3,5,5,Loyal,Active
C01795,Kerala,South,24,234700.46,32145.22,2024-01-21,2025-10-21,71,3.4,2,29,3,5,5,Loyal,Active
C08740,Telangana,South,33,234845.58,10472.7,2024-09-25,2025-12-28,3,2.5,5,41,5,5,5,Champions,Active
C09963,Delhi,North,34,234969.93,26701.45,2025-03-05,2025-12-24,7,2.1,5,41,5,5,5,Champions,Active
C04329,Odisha,East,20,235220.61,-7381.99,2024-06-07,2025-11-20,41,6.1,12,37,4,5,5,Champions,Active
C04010,Gujarat,West,19,235306.58,983.7,2024-05-03,2025-12-06,25,3.5,1,31,4,5,5,Champions,Active
C02802,Karnataka,South,40,235662.34,30058.6,2024-07-19,2025-12-27,4,2.2,1,54,5,5,5,Champions,Active
C05169,Gujarat,West,26,235740.0,13427.27,2024-02-03,2024-07-13,536,3.3,2,35,1,5,5,At risk,Churned
C03062,Rajasthan,North,22,236420.64,13344.4,2024-09-01,2025-12-04,27,3.7,2,33,4,5,5,Champions,Active
C06709,Delhi,North,23,236876.46,13148.99,2024-05-11,2025-11-06,55,2.2,6,32,3,5,5,Loyal,Active
C07669,Uttar Pradesh,North,25,237154.37,28625.18,2024-01-24,2025-05-13,232,3.1,4,36,2,5,5,At risk,Churned
C06487,West Bengal,East,21,237159.72,7034.98,2024-04-07,2025-05-24,221,4.8,1,28,2,5,5,At risk,Churned
C08248,Karnataka,South,41,237168.09,-56.53,2024-09-18,2025-11-25,36,2.5,4,55,4,5,5,Champions,Active
C07438,Gujarat,West,34,237290.47,-4184.65,2024-07-11,2025-12-04,27,3.2,6,47,4,5,5,Champions,Active
C08199,Tamil Nadu,South,34,237674.89,16071.26,2024-07-04,2025-12-15,16,3.2,8,42,5,5,5,Champions,Active
C09279,West Bengal,East,20,237779.05,24764.56,2024-01-09,2024-05-05,605,5.4,8,26,1,5,5,At risk,Churned
C11882,Uttar Pradesh,North,16,237956.13,-6717.26,2024-02-09,2025-12-26,5,2.8,4,24,5,5,5,Champions,Active
C11339,Gujarat,West,35,238250.96,-798.82,2024-05-22,2025-12-10,21,2.9,6,48,4,5,5,Champions,Active
C02868,Tamil Nadu,South,12,238421.97,26388.24,2024-05-31,2025-10-16,76,3.2,2,17,3,5,5,Loyal,Active
C11420,Rajasthan,North,35,238654.78,-1791.6,2024-02-21,2025-08-22,131,4.3,6,49,2,5,5,At risk,Churned
C04582,Gujarat,West,36,238816.75,23195.9,2024-02-13,2025-11-30,31,2.9,7,54,4,5,5,Champions,Active
C03759,Delhi,North,26,238866.96,20519.24,2024-01-02,2025-12-30,1,2.1,2,43,5,5,5,Champions,Active
C10820,Uttar Pradesh,North,19,238903.42,14074.12,2024-06-24,2025-11-29,32,3.5,6,25,4,5,5,Champions,Active
C05249,Gujarat,West,16,239020.79,-2287.01,2024-01-06,2024-07-09,540,2.6,5,24,1,5,5,At risk,Churned
C09479,Gujarat,West,39,239447.45,40239.4,2024-05-08,2025-11-29,32,3.1,4,56,4,5,5,Champions,Active
C04373,Delhi,North,27,239448.28,26893.94,2024-01-14,2025-12-20,11,1.7,4,38,5,5,5,Champions,Active
C03885,Uttar Pradesh,North,33,239899.64,25089.8,2024-04-25,2025-10-29,63,3.5,3,42,3,5,5,Loyal,Active
C03379,Telangana,South,36,239911.5,21559.88,2024-03-30,2025-12-18,13,2.6,14,48,5,5,5,Champions,Active
C09100,Maharashtra,West,26,240274.66,16960.19,2024-03-26,2025-11-11,50,2.6,3,36,3,5,5,Loyal,Active
C00512,Maharashtra,West,27,241029.82,21967.43,2024-03-25,2025-12-25,6,2.8,3,41,5,5,5,Champions,Active
C04521,Delhi,North,36,241108.76,32455.69,2024-02-27,2025-12-19,12,2.3,2,50,5,5,5,Champions,Active
C07129,Delhi,North,22,241450.95,10979.37,2024-03-25,2025-12-27,4,1.9,1,34,5,5,5,Champions,Active
C04994,Maharashtra,West,19,241527.43,16550.04,2024-04-14,2025-10-11,81,2.4,5,29,3,5,5,Loyal,Active
C05356,Tamil Nadu,South,18,241559.49,18619.59,2024-02-12,2025-10-12,80,3.4,2,27,3,5,5,Loyal,Active
C05649,Karnataka,South,19,241672.67,15864.56,2024-10-01,2025-11-30,31,2.8,3,24,4,5,5,Champions,Active
C03872,Maharashtra,West,15,241967.62,16709.34,2024-09-12,2025-12-25,6,2.4,2,20,5,5,5,Champions,Active
C02741,Karnataka,South,20,242600.53,18059.32,2024-03-02,2025-12-04,27,2.4,3,31,4,5,5,Champions,Active
C11001,Tamil Nadu,South,11,242788.44,10260.0,2025-04-16,2025-12-21,10,2.5,2,17,5,4,5,Champions,Active
C02892,Tamil Nadu,South,29,242948.88,-938.1,2024-10-17,2025-12-30,1,3.1,1,40,5,5,5,Champions,Active
C00202,Karnataka,South,23,243076.86,11476.05,2024-05-26,2025-12-16,15,2.6,1,29,5,5,5,Champions,Active
C06251,Karnataka,South,13,243095.23,5198.82,2024-01-09,2024-11-07,419,2.9,3,20,1,5,5,At risk,Churned
C04358,Telangana,South,49,243363.45,11756.47,2024-08-11,2025-12-24,7,2.7,4,73,5,5,5,Champions,Active
C00779,Madhya Pradesh,Central,23,243463.31,10264.31,2024-03-08,2025-12-18,13,3.3,5,33,5,5,5,Champions,Active
C03843,Maharashtra,West,14,243620.44,27193.66,2024-01-07,2024-07-06,543,2.7,3,25,1,5,5,At risk,Churned
C09049,Uttar Pradesh,North,34,243724.97,36236.78,2024-02-06,2025-12-31,0,3.8,6,53,5,5,5,Champions,Active
C10895,Delhi,North,22,243957.48,1043.15,2024-06-19,2025-12-19,12,1.9,3,30,5,5,5,Champions,Active
C10975,Bihar,East,11,244200.64,7217.77,2025-03-09,2025-12-08,23,6.3,0,16,4,4,5,Champions,Active
C00054,Maharashtra,West,32,244377.78,25554.46,2024-01-08,2025-10-26,66,2.2,4,41,3,5,5,Loyal,Active
C06311,Maharashtra,West,24,244725.76,32114.22,2024-01-10,2025-11-25,36,2.4,3,34,4,5,5,Champions,Active
C03930,Rajasthan,North,23,245215.76,11314.36,2024-01-17,2025-11-23,38,4.0,5,31,4,5,5,Champions,Active
C07840,Gujarat,West,42,245246.17,22023.39,2024-08-13,2025-12-25,6,3.0,11,56,5,5,5,Champions,Active
C00757,Rajasthan,North,27,245382.39,17799.73,2024-05-23,2025-09-04,118,3.7,10,37,2,5,5,At risk,Churned
C05527,Karnataka,South,33,245386.22,29483.67,2024-07-12,2025-12-28,3,2.6,3,49,5,5,5,Champions,Active
C03411,Karnataka,South,40,245576.53,7822.07,2024-03-05,2025-11-11,50,2.3,8,51,3,5,5,Loyal,Active
C08989,Tamil Nadu,South,44,246305.9,23504.25,2024-01-30,2024-10-04,453,2.8,4,56,1,5,5,At risk,Churned
C03102,West Bengal,East,41,246334.54,20771.06,2024-02-02,2025-12-30,1,5.1,8,58,5,5,5,Champions,Active
C00608,Rajasthan,North,36,246544.21,17670.02,2024-03-07,2025-11-17,44,4.1,8,48,4,5,5,Champions,Active
C05578,Gujarat,West,16,246639.35,31261.69,2025-05-15,2025-12-24,7,2.8,4,25,5,5,5,Champions,Active
C08159,Maharashtra,West,25,246868.59,12560.05,2024-06-28,2025-12-31,0,2.4,4,29,5,5,5,Champions,Active
C01045,Odisha,East,35,247050.12,28864.2,2024-08-16,2025-12-11,20,6.1,7,51,4,5,5,Champions,Active
C06767,Tamil Nadu,South,35,247397.04,23319.43,2024-03-17,2025-11-06,55,3.0,5,42,3,5,5,Loyal,Active
C07071,Delhi,North,41,247892.82,34437.9,2024-01-14,2025-10-07,85,2.3,8,54,3,5,5,Loyal,Active
C03976,Uttar Pradesh,North,35,248174.61,18014.86,2024-11-02,2025-12-21,10,3.4,24,58,5,5,5,Champions,Active
C03808,Karnataka,South,38,248476.36,7456.62,2024-06-19,2025-11-18,43,2.4,8,60,4,5,5,Champions,Active
C09069,Maharashtra,West,30,248665.54,18153.64,2024-05-18,2025-12-12,19,2.3,3,41,4,5,5,Champions,Active
C03715,Gujarat,West,22,248845.05,8233.3,2024-03-04,2025-12-09,22,2.8,3,32,4,5,5,Champions,Active
C02713,Bihar,East,29,249188.19,-3699.93,2024-01-21,2025-11-04,57,6.4,3,39,3,5,5,Loyal,Active
C01182,Tamil Nadu,South,17,249383.97,22676.6,2024-07-28,2025-12-02,29,3.9,3,28,4,5,5,Champions,Active
C08235,Maharashtra,West,19,249822.8,-13420.45,2024-01-14,2025-08-06,147,2.3,1,27,2,5,5,At risk,Churned
C02309,Kerala,South,19,250071.68,19044.97,2025-03-12,2025-12-30,1,3.3,2,30,5,5,5,Champions,Active
C08062,Maharashtra,West,33,250125.42,16087.8,2024-02-05,2025-11-03,58,2.8,6,47,3,5,5,Loyal,Active
C06027,Maharashtra,West,14,250206.21,10181.87,2024-11-24,2025-11-12,49,2.7,2,23,3,5,5,Loyal,Active
C01199,Tamil Nadu,South,29,250345.35,-5020.12,2024-08-13,2025-12-25,6,2.8,5,37,5,5,5,Champions,Active
C09184,Telangana,South,7,250749.67,24477.94,2024-09-08,2025-07-04,180,2.8,1,11,2,4,5,At risk,Churned
C09112,Odisha,East,30,251097.52,-341.72,2024-04-29,2025-11-20,41,5.7,3,42,4,5,5,Champions,Active
C10964,Rajasthan,North,34,251610.77,21553.68,2024-05-16,2025-12-02,29,3.9,9,55,4,5,5,Champions,Active
C03204,Telangana,South,35,251988.44,18586.97,2024-04-06,2025-11-27,34,2.9,1,46,4,5,5,Champions,Active
C01442,Maharashtra,West,29,252022.31,25404.38,2024-05-04,2025-10-25,67,2.2,4,43,3,5,5,Loyal,Active
C08505,Maharashtra,West,22,252238.6,8143.94,2024-10-12,2025-12-12,19,2.6,4,30,4,5,5,Champions,Active
C09296,Maharashtra,West,44,252441.3,30136.25,2024-08-05,2025-12-26,5,2.8,7,60,5,5,5,Champions,Active
C10443,Maharashtra,West,20,252681.57,17419.67,2024-10-31,2025-12-18,13,2.7,0,23,5,5,5,Champions,Active
C07971,Uttar Pradesh,North,27,252911.53,13948.25,2024-03-10,2025-11-20,41,3.4,7,39,4,5,5,Champions,Active
C02433,Karnataka,South,26,252935.8,-7072.25,2024-08-12,2025-12-27,4,2.6,12,39,5,5,5,Champions,Active
C00238,Delhi,North,26,253717.42,-3640.47,2024-04-28,2025-12-22,9,2.5,1,31,5,5,5,Champions,Active
C10484,Maharashtra,West,27,253945.79,23210.57,2024-02-14,2025-12-25,6,2.7,20,36,5,5,5,Champions,Active
C10222,Karnataka,South,23,254439.22,33676.01,2024-07-03,2025-12-18,13,2.3,4,39,5,5,5,Champions,Active
C10832,West Bengal,East,28,254464.39,26729.75,2024-02-12,2025-10-19,73,5.4,9,38,3,5,5,Loyal,Active
C07454,Gujarat,West,16,254666.14,10240.46,2024-08-10,2025-12-18,13,3.2,0,20,5,5,5,Champions,Active
C02462,Gujarat,West,36,254999.7,-4443.78,2024-02-20,2024-10-14,443,3.2,10,50,1,5,5,At risk,Churned
C10891,Uttar Pradesh,North,27,255080.41,11094.63,2024-03-12,2025-09-26,96,4.2,2,40,3,5,5,Loyal,Churned
C11714,Karnataka,South,12,255143.86,22230.86,2024-10-29,2025-12-09,22,2.8,1,21,4,5,5,Champions,Active
C00996,Rajasthan,North,24,255273.37,17766.35,2024-08-31,2025-12-17,14,4.4,3,38,5,5,5,Champions,Active
C10078,Bihar,East,31,255501.48,12735.9,2024-03-08,2025-12-21,10,6.9,9,46,5,5,5,Champions,Active
C11013,Maharashtra,West,32,255904.23,13615.52,2024-03-24,2025-11-15,46,2.3,3,44,4,5,5,Champions,Active
C00908,Delhi,North,24,256813.4,22646.01,2024-11-23,2025-12-20,11,2.0,10,31,5,5,5,Champions,Active
C05938,Maharashtra,West,39,257143.7,9343.58,2024-01-03,2025-10-30,62,2.1,13,53,3,5,5,Loyal,Active
C03207,Tamil Nadu,South,40,257547.63,4239.36,2024-01-04,2025-11-09,52,3.0,9,54,3,5,5,Loyal,Active
C05982,Telangana,South,46,258030.46,30369.74,2024-06-07,2025-12-20,11,2.5,13,67,5,5,5,Champions,Active
C05248,Rajasthan,North,15,258339.5,9691.92,2024-05-02,2025-10-23,69,3.7,0,24,3,5,5,Loyal,Active
C11399,Uttar Pradesh,North,40,258501.28,6034.67,2024-01-08,2025-12-03,28,3.8,3,48,4,5,5,Champions,Active
C11075,Gujarat,West,30,259028.41,26911.05,2024-09-29,2025-12-10,21,3.0,2,43,4,5,5,Champions,Active
C07739,Tamil Nadu,South,10,259657.13,23499.47,2024-08-07,2025-10-22,70,3.4,1,14,3,4,5,Loyal,Active
C11982,Rajasthan,North,30,259842.74,6385.2,2024-11-23,2025-12-23,8,3.6,4,41,5,5,5,Champions,Active
C07841,Uttar Pradesh,North,38,260007.78,24355.55,2024-02-11,2025-11-25,36,3.6,8,52,4,5,5,Champions,Active
C02676,Gujarat,West,27,260375.28,14197.57,2025-03-21,2025-12-24,7,3.3,3,36,5,5,5,Champions,Active
C01392,Delhi,North,31,260466.91,26641.55,2024-07-31,2025-10-24,68,1.8,2,43,3,5,5,Loyal,Active
C06879,Maharashtra,West,18,261030.02,2330.85,2024-01-13,2025-10-15,77,2.8,5,30,3,5,5,Loyal,Active
C04429,Maharashtra,West,38,261102.07,21614.53,2024-02-07,2025-12-30,1,2.8,7,58,5,5,5,Champions,Active
C03936,Maharashtra,West,28,262045.9,18883.37,2024-01-20,2025-11-29,32,2.4,2,39,4,5,5,Champions,Active
C07918,Maharashtra,West,20,262137.57,9665.67,2024-04-10,2025-10-26,66,2.1,6,32,3,5,5,Loyal,Active
C08619,Telangana,South,40,262268.46,7122.32,2024-03-16,2025-11-13,48,2.3,6,53,3,5,5,Loyal,Active
C02383,Bihar,East,21,262307.06,30068.5,2024-10-19,2025-11-21,40,6.8,9,25,4,5,5,Champions,Active
C03968,Maharashtra,West,26,262664.83,13668.14,2025-04-11,2025-12-22,9,2.4,5,37,5,5,5,Champions,Active
C07351,Uttar Pradesh,North,12,263050.85,-3998.54,2024-10-04,2025-12-18,13,3.6,4,20,5,5,5,Champions,Active
C07726,Rajasthan,North,23,263585.0,24947.6,2024-01-01,2024-02-16,684,4.3,7,35,1,5,5,At risk,Churned
C10916,Rajasthan,North,27,263636.26,660.24,2024-11-04,2025-12-06,25,4.0,2,37,4,5,5,Champions,Active
C04070,Maharashtra,West,33,263719.97,18767.09,2024-01-25,2025-08-06,147,3.0,10,46,2,5,5,At risk,Churned
C03201,Gujarat,West,35,263748.02,2618.66,2024-04-16,2025-12-31,0,2.9,3,46,5,5,5,Champions,Active
C08388,Gujarat,West,29,264468.56,31809.22,2024-08-20,2025-12-30,1,3.1,7,46,5,5,5,Champions,Active
C08646,Uttar Pradesh,North,40,264474.77,11711.08,2024-01-20,2025-12-22,9,3.6,9,57,5,5,5,Champions,Active
C00293,Maharashtra,West,39,264484.01,26762.34,2024-01-26,2025-12-28,3,2.8,3,56,5,5,5,Champions,Active
C02345,Rajasthan,North,38,265033.63,-5110.32,2024-03-22,2025-12-18,13,4.2,4,50,5,5,5,Champions,Active
C08809,Odisha,East,27,265132.75,-1989.42,2024-03-17,2025-11-24,37,6.0,3,35,4,5,5,Champions,Active
C02443,Maharashtra,West,18,265337.13,24840.08,2024-01-20,2025-08-01,152,3.2,4,23,2,5,5,At risk,Churned
C10773,Rajasthan,North,23,265489.53,15378.76,2024-02-11,2024-08-12,506,4.0,11,36,1,5,5,At risk,Churned
C04995,Maharashtra,West,36,266511.07,17080.26,2024-02-07,2025-12-13,18,2.6,21,50,4,5,5,Champions,Active
C03211,Rajasthan,North,35,266889.0,4977.91,2024-08-02,2025-12-28,3,4.0,5,45,5,5,5,Champions,Active
C03420,Telangana,South,22,266980.57,17828.71,2024-11-01,2025-12-15,16,2.9,4,28,5,5,5,Champions,Active
C01630,Karnataka,South,33,267090.26,17964.75,2024-05-12,2025-12-23,8,2.5,13,50,5,5,5,Champions,Active
C00826,Uttar Pradesh,North,46,268367.47,-2677.76,2024-06-03,2025-12-25,6,3.2,15,65,5,5,5,Champions,Active
C09383,Rajasthan,North,23,268693.39,16677.68,2024-07-30,2025-12-22,9,4.4,8,38,5,5,5,Champions,Active
C05239,Maharashtra,West,38,269579.89,21826.83,2024-03-01,2025-11-28,33,2.5,4,53,4,5,5,Champions,Active
C07108,Karnataka,South,23,269784.51,14864.82,2024-02-01,2025-11-09,52,2.6,3,39,3,5,5,Loyal,Active
C10750,Maharashtra,West,32,270066.04,25862.58,2024-06-03,2025-11-26,35,2.5,6,46,4,5,5,Champions,Active
C03812,Delhi,North,23,270105.57,37426.36,2024-06-22,2025-11-12,49,1.9,7,33,3,5,5,Loyal,Active
C11889,Kerala,South,33,270632.1,13426.02,2024-07-26,2025-12-13,18,3.9,9,48,5,5,5,Champions,Active
C03263,Kerala,South,21,271385.51,-1400.33,2024-06-22,2025-12-14,17,3.3,4,28,5,5,5,Champions,Active
C08348,Kerala,South,16,271406.18,25503.96,2024-03-15,2025-09-06,116,3.5,2,27,2,5,5,At risk,Churned
C04297,Maharashtra,West,30,272408.81,24881.31,2024-04-11,2025-12-24,7,2.7,5,42,5,5,5,Champions,Active
C00624,Telangana,South,34,272638.25,29912.09,2024-01-07,2025-11-14,47,2.3,15,46,3,5,5,Loyal,Active
C01477,Telangana,South,31,272943.56,-5353.27,2024-05-11,2025-12-18,13,2.5,4,47,5,5,5,Champions,Active
C01750,Maharashtra,West,29,273448.45,17120.73,2024-02-14,2025-11-13,48,2.6,10,44,3,5,5,Loyal,Active
C03779,Uttar Pradesh,North,28,273623.28,21833.34,2024-01-06,2025-11-15,46,3.1,5,41,4,5,5,Champions,Active
C08601,Karnataka,South,28,273890.76,27505.9,2024-07-18,2025-11-28,33,2.6,6,46,4,5,5,Champions,Active
C00474,Maharashtra,West,32,273907.12,32543.95,2024-08-09,2025-12-17,14,2.4,6,46,5,5,5,Champions,Active
C03770,Delhi,North,37,273915.34,9319.03,2024-06-29,2025-11-30,31,2.0,4,47,4,5,5,Champions,Active
C04510,Maharashtra,West,45,274483.05,-2912.81,2024-02-17,2025-11-05,56,2.5,5,62,3,5,5,Loyal,Active
C09845,Kerala,South,25,274483.27,12846.64,2024-05-19,2025-12-26,5,3.1,4,42,5,5,5,Champions,Active
C04524,Assam,Northeast,19,274599.28,13220.59,2025-01-22,2025-12-24,7,7.4,2,27,5,5,5,Champions,Active
C10306,Karnataka,South,24,274605.44,5249.34,2024-02-04,2025-10-23,69,2.4,4,30,3,5,5,Loyal,Active
C11756,Maharashtra,West,19,274689.05,15687.39,2024-01-22,2025-11-10,51,3.0,2,25,3,5,5,Loyal,Active
C09450,West Bengal,East,33,275873.6,22055.85,2024-10-10,2025-12-05,26,4.9,5,51,4,5,5,Champions,Active
C11007,West Bengal,East,28,276211.79,-1369.9,2024-11-15,2025-12-22,9,4.7,3,41,5,5,5,Champions,Active
C04586,Rajasthan,North,20,276213.48,19098.45,2025-02-08,2025-12-22,9,4.7,4,27,5,5,5,Champions,Active
C11125,Gujarat,West,31,276478.44,27671.4,2024-03-12,2025-11-03,58,3.6,12,45,3,5,5,Loyal,Active
C01209,Rajasthan,North,25,276715.6,4577.42,2024-04-03,2025-12-12,19,3.8,3,36,4,5,5,Champions,Active
C09214,Telangana,South,25,277162.53,18984.78,2024-01-19,2025-11-26,35,3.2,5,36,4,5,5,Champions,Active
C00419,Telangana,South,27,277186.79,36074.9,2024-05-08,2025-12-03,28,2.7,6,37,4,5,5,Champions,Active
C05127,Gujarat,West,28,278131.59,7194.44,2024-03-23,2025-12-09,22,3.1,4,40,4,5,5,Champions,Active
C10322,Kerala,South,31,278319.65,22805.31,2024-01-05,2025-12-12,19,3.4,3,41,4,5,5,Champions,Active
C01250,Maharashtra,West,26,279652.44,34475.44,2024-06-15,2025-08-28,125,2.3,5,41,2,5,5,At risk,Churned
C11383,Telangana,South,30,279845.89,9875.89,2024-03-09,2025-11-30,31,2.8,8,46,4,5,5,Champions,Active
C09789,Karnataka,South,21,280140.28,16486.08,2024-02-12,2025-09-19,103,2.8,4,25,3,5,5,Loyal,Churned
C11474,West Bengal,East,30,280142.07,16699.31,2024-01-01,2025-11-29,32,4.9,3,41,4,5,5,Champions,Active
C09647,Telangana,South,34,280150.13,35484.78,2024-02-20,2025-11-28,33,2.8,9,42,4,5,5,Champions,Active
C09752,Rajasthan,North,29,280264.79,-28882.46,2024-07-15,2025-12-26,5,3.6,4,51,5,5,5,Champions,Active
C01611,Telangana,South,38,280325.05,28199.29,2024-05-21,2025-12-15,16,2.6,2,53,5,5,5,Champions,Active
C06551,Uttar Pradesh,North,28,280394.54,23814.51,2024-01-29,2025-12-10,21,3.7,2,40,4,5,5,Champions,Active
C11106,Madhya Pradesh,Central,20,280703.74,-8758.68,2024-05-20,2025-10-04,88,4.6,6,29,3,5,5,Loyal,Active
C08600,Kerala,South,32,280855.26,30435.36,2024-05-24,2025-12-06,25,3.4,3,48,4,5,5,Champions,Active
C08879,Karnataka,South,33,281819.4,7932.47,2024-03-15,2025-12-20,11,2.8,6,41,5,5,5,Champions,Active
C05761,Kerala,South,37,281931.37,26827.58,2024-03-26,2025-12-28,3,3.5,13,46,5,5,5,Champions,Active
C11629,Maharashtra,West,38,282183.7,33098.62,2024-02-13,2025-12-12,19,2.5,8,61,4,5,5,Champions,Active
C08175,Rajasthan,North,32,282440.96,21519.37,2024-05-06,2025-12-25,6,4.0,4,52,5,5,5,Champions,Active
C05464,Tamil Nadu,South,28,283111.36,6509.77,2024-01-20,2025-12-26,5,2.4,2,42,5,5,5,Champions,Active
C00047,Rajasthan,North,27,283158.31,-3582.2,2024-11-26,2025-12-23,8,3.8,5,36,5,5,5,Champions,Active
C05389,Maharashtra,West,33,283351.49,17505.15,2024-05-05,2025-12-28,3,2.4,8,44,5,5,5,Champions,Active
C06741,Telangana,South,23,284648.05,22674.93,2024-07-23,2025-12-08,23,2.2,7,32,4,5,5,Champions,Active
C03627,West Bengal,East,36,285933.43,19410.93,2024-07-10,2025-12-26,5,5.1,7,56,5,5,5,Champions,Active
C10799,Telangana,South,23,286647.86,7263.9,2024-11-30,2025-12-27,4,2.6,1,28,5,5,5,Champions,Active
C10454,Uttar Pradesh,North,33,286803.97,4545.55,2024-05-21,2025-12-17,14,3.2,8,49,5,5,5,Champions,Active
C10654,Tamil Nadu,South,32,287637.39,-20567.81,2024-06-15,2025-12-15,16,3.7,3,42,5,5,5,Champions,Active
C07995,Delhi,North,37,287667.01,-11623.37,2024-04-05,2025-11-20,41,2.1,5,49,4,5,5,Champions,Active
C02200,Maharashtra,West,14,288513.19,15170.28,2024-08-25,2025-12-24,7,2.2,0,18,5,5,5,Champions,Active
C02270,Uttar Pradesh,North,31,288821.64,15134.9,2024-05-25,2025-11-30,31,3.4,7,42,4,5,5,Champions,Active
C10923,Rajasthan,North,25,289305.61,6488.09,2024-06-21,2025-12-12,19,4.3,4,34,4,5,5,Champions,Active
C00336,Rajasthan,North,54,289733.34,17836.0,2024-05-23,2025-12-17,14,4.0,6,80,5,5,5,Champions,Active
C01337,Madhya Pradesh,Central,24,289987.46,10116.73,2024-07-07,2025-12-21,10,4.0,5,34,5,5,5,Champions,Active
C09009,Delhi,North,24,290189.16,20052.46,2024-03-16,2025-12-30,1,2.2,3,32,5,5,5,Champions,Active
C04660,Uttar Pradesh,North,24,291219.31,7535.06,2024-12-04,2025-12-03,28,3.4,7,36,4,5,5,Champions,Active
C09722,Gujarat,West,44,291377.94,16513.85,2024-04-08,2025-12-18,13,2.9,6,59,5,5,5,Champions,Active
C09938,Karnataka,South,35,292693.89,1927.63,2024-01-14,2025-10-21,71,2.7,5,48,3,5,5,Loyal,Active
C05263,Tamil Nadu,South,34,293244.6,3945.98,2024-01-23,2025-10-26,66,2.9,7,46,3,5,5,Loyal,Active
C09828,Karnataka,South,19,293277.52,8188.07,2024-08-08,2025-12-04,27,2.6,12,30,4,5,5,Champions,Active
C08074,Maharashtra,West,13,293338.76,17400.24,2024-06-19,2025-04-01,274,2.4,1,23,1,5,5,At risk,Churned
C05267,Madhya Pradesh,Central,34,294179.57,-15864.29,2024-02-29,2025-12-18,13,4.5,8,43,5,5,5,Champions,Active
C10133,Uttar Pradesh,North,18,294417.33,-6310.32,2024-06-07,2025-02-01,333,3.5,2,24,1,5,5,At risk,Churned
C05180,Maharashtra,West,42,295273.5,-10217.05,2024-01-22,2025-12-31,0,2.6,7,57,5,5,5,Champions,Active
C01996,West Bengal,East,53,295922.05,18485.08,2024-03-04,2025-12-29,2,5.2,7,66,5,5,5,Champions,Active
C05064,Bihar,East,30,296002.31,7115.95,2024-07-24,2025-12-29,2,6.5,3,43,5,5,5,Champions,Active
C11986,Karnataka,South,28,296467.9,31000.6,2024-12-28,2025-12-26,5,2.4,3,39,5,5,5,Champions,Active
C10580,Kerala,South,29,297271.4,12962.18,2024-10-07,2025-12-28,3,3.2,3,45,5,5,5,Champions,Active
C07656,Karnataka,South,24,297626.56,30210.04,2024-07-24,2025-12-20,11,2.3,1,41,5,5,5,Champions,Active
C11343,Telangana,South,59,297938.08,37349.44,2024-01-04,2025-12-20,11,2.5,8,83,5,5,5,Champions,Active
C04674,Uttar Pradesh,North,44,298750.92,39853.85,2024-10-10,2025-12-29,2,3.7,5,62,5,5,5,Champions,Active
C01796,West Bengal,East,39,300535.0,32618.88,2024-03-08,2025-12-14,17,5.3,7,56,5,5,5,Champions,Active
C06101,Tamil Nadu,South,30,300864.01,-10969.36,2024-07-10,2024-12-19,377,2.9,7,42,1,5,5,At risk,Churned
C04610,Assam,Northeast,20,301196.19,15107.63,2024-12-10,2025-12-25,6,7.5,5,30,5,5,5,Champions,Active
C07130,Uttar Pradesh,North,27,301244.26,6310.65,2025-01-24,2025-12-26,5,3.4,2,36,5,5,5,Champions,Active
C06563,Bihar,East,39,301277.29,25562.57,2024-12-17,2025-12-24,7,6.5,3,53,5,5,5,Champions,Active
C06414,Maharashtra,West,34,301742.93,17441.22,2024-01-20,2025-11-28,33,2.5,5,50,4,5,5,Champions,Active
C02079,Rajasthan,North,35,301793.86,26226.97,2024-05-08,2025-12-30,1,4.6,9,55,5,5,5,Champions,Active
C01063,Gujarat,West,40,301955.91,25720.81,2024-01-21,2025-12-02,29,3.1,6,54,4,5,5,Champions,Active
C09546,Karnataka,South,31,302680.31,5499.76,2024-10-11,2025-12-22,9,2.5,3,41,5,5,5,Champions,Active
C08862,Rajasthan,North,32,303594.78,-889.94,2024-05-30,2025-12-31,0,4.0,3,44,5,5,5,Champions,Active
C10732,Bihar,East,25,303749.85,30437.11,2024-12-11,2025-12-25,6,6.6,10,39,5,5,5,Champions,Active
C01531,Karnataka,South,26,304263.46,16362.08,2024-04-18,2025-12-22,9,2.2,5,33,5,5,5,Champions,Active
C05416,Karnataka,South,24,304448.13,15281.33,2024-03-09,2025-11-19,42,2.4,2,36,4,5,5,Champions,Active
C09708,Madhya Pradesh,Central,30,304469.72,25445.63,2024-08-01,2025-04-17,258,3.8,2,46,2,5,5,At risk,Churned
C02905,Gujarat,West,30,304759.23,-665.69,2024-04-29,2025-12-21,10,2.4,2,47,5,5,5,Champions,Active
C00046,Telangana,South,20,304881.04,14287.13,2024-09-01,2025-12-16,15,2.8,4,30,5,5,5,Champions,Active
C04298,Tamil Nadu,South,29,304985.37,18191.8,2024-04-22,2025-10-25,67,2.8,2,41,3,5,5,Loyal,Active
C02118,Uttar Pradesh,North,18,305423.49,23757.88,2024-10-09,2025-11-21,40,4.1,4,25,4,5,5,Champions,Active
C11626,Karnataka,South,34,305697.92,30368.45,2024-02-05,2025-12-20,11,2.6,3,46,5,5,5,Champions,Active
C04816,Rajasthan,North,21,305724.71,10584.34,2024-01-07,2025-12-12,19,4.0,1,27,4,5,5,Champions,Active
C02509,Karnataka,South,19,305838.94,14126.03,2024-05-18,2025-12-06,25,2.4,1,34,4,5,5,Champions,Active
C02780,Uttar Pradesh,North,32,305890.77,35303.21,2024-03-12,2025-12-23,8,3.2,3,45,5,5,5,Champions,Active
C04240,Uttar Pradesh,North,51,306200.17,33331.44,2024-02-05,2025-12-06,25,3.3,5,68,4,5,5,Champions,Active
C00049,Karnataka,South,27,306220.06,30152.48,2024-05-06,2024-11-05,421,2.5,2,34,1,5,5,At risk,Churned
C07802,Bihar,East,48,307442.53,21213.36,2024-03-19,2025-12-22,9,6.6,6,64,5,5,5,Champions,Active
C00604,Kerala,South,24,307773.9,326.36,2025-04-04,2025-12-22,9,3.2,6,38,5,5,5,Champions,Active
C07031,Maharashtra,West,26,308857.56,7210.07,2024-05-21,2025-11-03,58,2.1,5,39,3,5,5,Loyal,Active
C01391,Maharashtra,West,38,309181.91,-3166.91,2024-03-05,2025-10-28,64,2.5,5,51,3,5,5,Loyal,Active
C00950,West Bengal,East,39,309199.32,6570.49,2024-07-08,2025-12-03,28,5.0,4,55,4,5,5,Champions,Active
C07420,Uttar Pradesh,North,31,310104.7,25340.18,2024-09-07,2025-12-23,8,3.6,2,50,5,5,5,Champions,Active
C01009,Karnataka,South,25,310229.28,25685.79,2024-04-19,2025-12-07,24,2.8,5,38,4,5,5,Champions,Active
C06627,Tamil Nadu,South,30,310388.09,25114.85,2024-01-12,2025-12-12,19,3.0,4,40,4,5,5,Champions,Active
C11150,Gujarat,West,55,311095.56,8086.64,2024-01-11,2025-12-31,0,3.1,10,81,5,5,5,Champions,Active
C10843,Maharashtra,West,51,311692.51,41566.62,2024-01-11,2025-12-20,11,2.5,4,71,5,5,5,Champions,Active
C08363,Delhi,North,27,311843.44,-1701.26,2024-08-01,2025-12-20,11,2.1,3,37,5,5,5,Champions,Active
C02839,Telangana,South,39,313119.2,15974.83,2024-02-15,2025-12-07,24,2.5,4,51,4,5,5,Champions,Active
C08560,Bihar,East,35,313277.81,5244.68,2024-08-27,2025-12-05,26,6.7,6,48,4,5,5,Champions,Active
C07831,Maharashtra,West,40,314016.95,24484.98,2024-11-12,2025-12-30,1,2.4,9,49,5,5,5,Champions,Active
C08700,Maharashtra,West,41,314342.47,41742.31,2024-02-06,2025-12-18,13,2.6,5,58,5,5,5,Champions,Active
C02011,Maharashtra,West,45,315097.23,27394.13,2024-05-30,2025-12-25,6,2.5,22,66,5,5,5,Champions,Active
C09536,Karnataka,South,34,315349.62,28962.83,2024-01-23,2025-12-25,6,2.3,5,45,5,5,5,Champions,Active
C09008,Telangana,South,28,315468.83,8356.05,2024-07-04,2025-12-29,2,2.6,4,39,5,5,5,Champions,Active
C05012,Maharashtra,West,55,315550.28,3561.91,2024-01-15,2025-12-08,23,3.0,22,70,4,5,5,Champions,Active
C01838,Karnataka,South,48,315952.98,54100.09,2024-02-28,2025-12-31,0,2.3,6,66,5,5,5,Champions,Active
C07385,Delhi,North,15,315968.48,8332.22,2024-06-21,2025-06-03,211,2.3,2,22,2,5,5,At risk,Churned
C10981,Gujarat,West,35,318036.87,-9053.53,2024-05-23,2025-12-24,7,3.3,8,50,5,5,5,Champions,Active
C08191,Karnataka,South,34,318202.06,40813.93,2024-04-24,2025-12-29,2,2.3,4,49,5,5,5,Champions,Active
C03986,Bihar,East,38,318388.15,18909.28,2024-06-29,2025-12-29,2,6.5,6,52,5,5,5,Champions,Active
C04097,West Bengal,East,44,318530.56,13365.66,2024-01-03,2025-12-19,12,4.8,1,59,5,5,5,Champions,Active
C06488,Kerala,South,33,318941.4,47053.8,2024-04-10,2025-12-21,10,3.2,4,48,5,5,5,Champions,Active
C07087,Rajasthan,North,28,320053.46,13612.87,2024-02-25,2025-12-22,9,4.3,1,32,5,5,5,Champions,Active
C08543,Delhi,North,39,320559.92,15742.48,2024-01-10,2025-11-25,36,2.1,4,59,4,5,5,Champions,Active
C09381,Maharashtra,West,67,320593.8,45547.1,2024-01-08,2025-12-28,3,2.6,11,91,5,5,5,Champions,Active
C10743,West Bengal,East,31,320888.01,10673.71,2024-02-06,2024-08-09,509,5.1,15,46,1,5,5,At risk,Churned
C08901,Madhya Pradesh,Central,37,321436.41,-28448.41,2024-03-26,2025-12-23,8,4.2,5,56,5,5,5,Champions,Active
C02688,Kerala,South,24,321552.19,-1780.09,2024-07-14,2025-11-29,32,3.9,3,36,4,5,5,Champions,Active
C10019,Uttar Pradesh,North,34,324234.8,9146.12,2024-09-19,2025-12-12,19,3.6,8,55,4,5,5,Champions,Active
C09041,West Bengal,East,32,324438.82,3798.83,2024-04-26,2025-11-11,50,4.7,7,48,3,5,5,Loyal,Active
C05295,Gujarat,West,42,324659.97,9569.7,2024-03-17,2025-12-24,7,3.4,6,55,5,5,5,Champions,Active
C11711,Rajasthan,North,38,324755.74,30348.06,2024-03-20,2025-11-29,32,4.1,5,57,4,5,5,Champions,Active
C01330,Maharashtra,West,38,324770.01,29577.99,2024-04-25,2025-12-09,22,2.9,5,56,4,5,5,Champions,Active
C11378,Uttar Pradesh,North,24,325707.92,14742.71,2024-03-26,2025-12-28,3,3.5,3,38,5,5,5,Champions,Active
C10179,Telangana,South,42,327960.19,6214.35,2024-01-13,2025-12-22,9,2.4,7,58,5,5,5,Champions,Active
C06749,Uttar Pradesh,North,30,328023.47,27148.03,2024-05-31,2025-12-28,3,3.7,2,40,5,5,5,Champions,Active
C06856,Tamil Nadu,South,26,328182.74,5088.39,2025-01-28,2025-12-23,8,3.7,6,37,5,5,5,Champions,Active
C09317,Delhi,North,46,328187.47,23166.79,2024-01-17,2025-12-22,9,2.1,10,64,5,5,5,Champions,Active
C01276,Delhi,North,34,328299.24,32077.38,2024-04-08,2025-12-15,16,2.2,2,51,5,5,5,Champions,Active
C07905,Rajasthan,North,28,328480.57,-35337.85,2024-11-07,2025-12-09,22,4.1,5,42,4,5,5,Champions,Active
C10551,Telangana,South,53,329580.98,23553.85,2024-05-02,2025-12-30,1,2.5,18,76,5,5,5,Champions,Active
C03581,Madhya Pradesh,Central,31,330146.82,34231.43,2024-03-31,2025-11-15,46,4.2,4,47,4,5,5,Champions,Active
C03857,Maharashtra,West,43,330237.54,30284.34,2024-02-05,2025-12-21,10,2.2,16,61,5,5,5,Champions,Active
C06653,Telangana,South,38,330341.77,35467.24,2024-02-07,2025-11-28,33,2.6,12,59,4,5,5,Champions,Active
C09199,Gujarat,West,42,332444.57,20443.99,2024-07-03,2025-12-30,1,3.0,8,62,5,5,5,Champions,Active
C08102,Odisha,East,42,332537.52,-21237.14,2024-02-27,2025-12-25,6,6.5,7,60,5,5,5,Champions,Active
C03260,Maharashtra,West,67,333389.16,-4734.93,2024-06-12,2025-12-29,2,2.8,15,77,5,5,5,Champions,Active
C03215,Karnataka,South,31,333783.74,14325.76,2024-02-13,2025-12-01,30,2.5,4,43,4,5,5,Champions,Active
C02076,Karnataka,South,24,334481.32,9126.65,2024-02-10,2025-12-02,29,2.7,4,31,4,5,5,Champions,Active
C11753,West Bengal,East,32,334731.36,15544.68,2024-05-23,2025-12-11,20,5.6,5,49,4,5,5,Champions,Active
C01644,Bihar,East,40,334879.13,-8591.59,2024-01-04,2025-11-30,31,6.6,4,56,4,5,5,Champions,Active
C08434,Kerala,South,44,335289.74,13122.22,2024-01-31,2025-12-28,3,3.6,5,60,5,5,5,Champions,Active
C05167,Delhi,North,34,335303.09,-3491.13,2024-03-07,2025-11-22,39,2.2,8,46,4,5,5,Champions,Active
C10911,Karnataka,South,34,336942.2,5536.67,2024-08-26,2025-12-23,8,2.7,3,47,5,5,5,Champions,Active
C01621,Gujarat,West,44,337231.3,-10242.89,2024-02-14,2025-12-16,15,2.9,6,60,5,5,5,Champions,Active
C09754,Rajasthan,North,30,337721.32,25075.1,2024-03-13,2025-12-29,2,4.4,6,41,5,5,5,Champions,Active
C04492,Gujarat,West,53,338884.16,30117.93,2024-03-16,2025-12-28,3,3.1,15,70,5,5,5,Champions,Active
C09333,Maharashtra,West,31,342964.83,31200.15,2024-03-04,2025-09-20,102,2.3,5,45,3,5,5,Loyal,Churned
C03250,Kerala,South,27,343882.83,17129.53,2024-01-29,2025-12-11,20,3.5,6,44,4,5,5,Champions,Active
C03126,Telangana,South,16,343890.98,5955.25,2024-03-14,2025-09-24,98,2.5,5,23,3,5,5,Loyal,Churned
C06299,West Bengal,East,29,345419.88,-7748.03,2024-03-16,2025-11-22,39,4.7,3,41,4,5,5,Champions,Active
C09852,West Bengal,East,46,345506.58,37574.95,2024-03-24,2025-12-30,1,5.0,5,73,5,5,5,Champions,Active
C00194,Delhi,North,34,346204.66,8665.39,2024-08-04,2025-11-13,48,2.3,10,45,3,5,5,Loyal,Active
C01740,Tamil Nadu,South,22,346546.0,3099.73,2024-04-24,2025-12-22,9,3.3,0,32,5,5,5,Champions,Active
C04137,Tamil Nadu,South,12,347136.04,17463.37,2024-06-10,2025-08-28,125,3.0,4,22,2,5,5,At risk,Churned
C02316,Gujarat,West,37,348553.06,-26127.44,2024-01-15,2025-12-11,20,2.5,7,46,4,5,5,Champions,Active
C02273,Gujarat,West,41,348944.36,20178.2,2024-01-07,2025-12-15,16,3.1,4,58,5,5,5,Champions,Active
C10239,Madhya Pradesh,Central,37,349259.59,38162.2,2024-03-13,2025-12-29,2,4.1,7,51,5,5,5,Champions,Active
C10310,Tamil Nadu,South,25,349844.14,10363.98,2024-01-16,2025-12-23,8,3.1,6,33,5,5,5,Champions,Active
C05113,Uttar Pradesh,North,35,350274.95,-249.76,2024-01-17,2025-11-12,49,3.6,7,53,3,5,5,Loyal,Active
C02783,Gujarat,West,34,350508.41,-3870.47,2024-02-28,2025-12-08,23,2.9,14,43,4,5,5,Champions,Active
C07178,Karnataka,South,23,351058.96,-13148.91,2024-03-11,2025-10-13,79,2.2,5,34,3,5,5,Loyal,Active
C02292,Maharashtra,West,80,351207.08,55701.33,2024-05-24,2025-12-30,1,2.5,9,107,5,5,5,Champions,Active
C00562,Telangana,South,36,351212.3,13851.62,2024-04-18,2025-11-18,43,3.0,8,54,4,5,5,Champions,Active
C01356,Maharashtra,West,48,352454.49,43388.84,2024-01-19,2025-12-26,5,2.6,6,62,5,5,5,Champions,Active
C01808,West Bengal,East,26,353266.56,16178.34,2024-02-25,2025-12-24,7,4.8,5,39,5,5,5,Champions,Active
C00183,Karnataka,South,28,353693.53,-1368.37,2024-04-17,2025-12-25,6,2.4,4,45,5,5,5,Champions,Active
C04303,Delhi,North,38,354661.25,11518.79,2024-02-09,2025-12-18,13,2.2,7,57,5,5,5,Champions,Active
C05813,Madhya Pradesh,Central,27,354979.98,-6168.99,2024-07-03,2025-10-31,61,4.2,3,42,3,5,5,Loyal,Active
C08136,Gujarat,West,43,356171.76,5181.89,2024-01-18,2025-12-20,11,3.0,6,63,5,5,5,Champions,Active
C10086,Madhya Pradesh,Central,24,357202.4,1081.42,2024-01-25,2025-09-14,108,4.3,8,34,3,5,5,Loyal,Churned
C06799,Madhya Pradesh,Central,52,357246.95,-6216.54,2024-08-16,2025-12-03,28,4.0,11,69,4,5,5,Champions,Active
C11597,Rajasthan,North,37,357591.46,16487.74,2024-03-06,2025-12-07,24,3.4,8,54,4,5,5,Champions,Active
C00180,Maharashtra,West,49,359084.22,24644.3,2024-02-17,2025-12-29,2,2.6,4,65,5,5,5,Champions,Active
C04934,West Bengal,East,40,360413.27,13781.48,2024-03-21,2025-12-04,27,5.3,3,55,4,5,5,Champions,Active
C08088,Gujarat,West,35,360995.55,13545.12,2024-04-04,2025-11-24,37,3.3,4,44,4,5,5,Champions,Active
C11247,West Bengal,East,51,361786.91,40901.5,2024-03-01,2025-12-28,3,5.3,6,72,5,5,5,Champions,Active
C09483,Kerala,South,23,362589.33,8703.33,2024-02-07,2025-11-17,44,3.4,1,32,4,5,5,Champions,Active
C01901,Rajasthan,North,29,366098.37,31347.48,2024-07-16,2025-12-26,5,3.7,11,43,5,5,5,Champions,Active
C09293,Uttar Pradesh,North,31,366405.38,26707.76,2024-02-13,2025-12-11,20,3.8,18,49,4,5,5,Champions,Active
C09341,Madhya Pradesh,Central,31,366778.17,12470.88,2024-01-19,2025-12-09,22,4.1,3,48,4,5,5,Champions,Active
C08378,Maharashtra,West,26,368643.11,8127.61,2024-01-11,2025-09-11,111,2.2,3,35,2,5,5,At risk,Churned
C02900,Delhi,North,55,370140.06,12645.4,2024-02-14,2025-12-26,5,2.2,27,75,5,5,5,Champions,Active
C02626,Delhi,North,45,371094.19,47635.77,2024-02-01,2025-12-26,5,2.2,6,72,5,5,5,Champions,Active
C11856,Kerala,South,37,371240.27,19494.06,2024-01-08,2024-09-29,458,3.4,5,56,1,5,5,At risk,Churned
C09304,Telangana,South,50,371759.66,21318.69,2024-01-23,2025-12-28,3,2.4,8,69,5,5,5,Champions,Active
C05426,Delhi,North,47,372429.0,13094.89,2024-10-20,2025-12-29,2,2.4,7,70,5,5,5,Champions,Active
C06334,Delhi,North,53,373118.74,38946.8,2024-01-11,2024-04-18,622,2.2,4,73,1,5,5,At risk,Churned
C09187,Gujarat,West,31,373534.37,24616.43,2024-08-20,2025-12-01,30,3.1,2,46,4,5,5,Champions,Active
C07390,Telangana,South,38,373882.25,-15432.86,2024-01-14,2025-12-05,26,2.7,16,55,4,5,5,Champions,Active
C05662,Uttar Pradesh,North,21,374036.6,21093.57,2025-01-30,2025-12-23,8,4.3,3,32,5,5,5,Champions,Active
C11742,Tamil Nadu,South,31,374391.53,16331.22,2024-07-25,2025-11-09,52,3.0,5,41,3,5,5,Loyal,Active
C08641,Uttar Pradesh,North,34,375046.16,11.37,2024-04-06,2025-11-28,33,3.7,7,46,4,5,5,Champions,Active
C01785,Maharashtra,West,59,375376.27,18539.14,2024-06-12,2025-12-23,8,2.4,7,81,5,5,5,Champions,Active
C11275,Tamil Nadu,South,44,376018.78,36908.37,2024-04-27,2025-11-27,34,2.8,6,63,4,5,5,Champions,Active
C04594,Gujarat,West,49,377302.26,15430.43,2024-01-23,2025-12-24,7,3.0,8,67,5,5,5,Champions,Active
C09275,Madhya Pradesh,Central,66,379057.79,53852.39,2024-01-28,2025-12-04,27,4.0,7,93,4,5,5,Champions,Active
C07094,West Bengal,East,33,379810.47,16806.92,2024-06-17,2025-12-23,8,4.9,6,49,5,5,5,Champions,Active
C02942,Bihar,East,37,380765.43,14506.93,2024-03-08,2025-10-20,72,7.0,4,56,3,5,5,Loyal,Active
C02325,Delhi,North,36,380971.63,28223.4,2024-06-20,2025-12-22,9,2.2,6,55,5,5,5,Champions,Active
C11460,Madhya Pradesh,Central,44,381199.25,-24958.76,2024-02-02,2025-12-22,9,3.3,6,69,5,5,5,Champions,Active
C06005,Karnataka,South,44,381445.23,11477.28,2024-03-29,2025-12-04,27,2.3,11,68,4,5,5,Champions,Active
C08979,Bihar,East,68,383768.51,28109.11,2024-04-03,2025-12-24,7,6.5,9,95,5,5,5,Champions,Active
C01575,Karnataka,South,31,383862.54,22625.09,2024-05-20,2025-12-26,5,2.7,8,49,5,5,5,Champions,Active
C06914,Uttar Pradesh,North,58,385945.1,52576.58,2024-01-21,2025-11-04,57,3.7,9,84,3,5,5,Loyal,Active
C05282,Telangana,South,37,386664.94,25290.86,2024-02-17,2025-12-16,15,2.4,17,52,5,5,5,Champions,Active
C03312,Uttar Pradesh,North,44,387181.56,18934.89,2024-02-02,2025-05-21,224,3.7,3,64,2,5,5,At risk,Churned
C09838,West Bengal,East,53,387470.8,27988.47,2024-03-27,2025-12-20,11,4.8,10,77,5,5,5,Champions,Active
C10910,Maharashtra,West,31,387824.95,47143.86,2024-03-20,2025-12-28,3,2.9,3,45,5,5,5,Champions,Active
C01326,Tamil Nadu,South,52,387931.86,30684.18,2024-03-09,2025-12-19,12,2.9,4,72,5,5,5,Champions,Active
C02654,Karnataka,South,39,389210.52,27444.89,2024-05-18,2025-12-31,0,2.7,9,51,5,5,5,Champions,Active
C02487,Rajasthan,North,54,390427.13,18527.06,2024-02-19,2025-12-17,14,4.1,11,73,5,5,5,Champions,Active
C06940,Tamil Nadu,South,34,391190.54,16792.5,2024-01-03,2025-11-10,51,2.9,6,54,3,5,5,Loyal,Active
C00245,Delhi,North,46,391417.66,6085.52,2024-01-30,2025-10-27,65,2.2,6,72,3,5,5,Loyal,Active
C02107,Maharashtra,West,47,394430.62,36717.44,2024-02-28,2025-12-04,27,2.9,3,63,4,5,5,Champions,Active
C08806,West Bengal,East,24,399758.95,36953.37,2025-02-07,2025-12-29,2,5.5,5,36,5,5,5,Champions,Active
C05617,Gujarat,West,48,400073.96,-1691.12,2024-02-25,2025-12-22,9,3.0,6,63,5,5,5,Champions,Active
C09271,Maharashtra,West,42,400504.7,39007.34,2024-04-04,2025-12-29,2,2.3,6,55,5,5,5,Champions,Active
C04845,Karnataka,South,37,401808.1,35726.23,2024-05-22,2025-12-31,0,2.5,6,54,5,5,5,Champions,Active
C02997,Maharashtra,West,38,402474.19,19111.57,2024-08-20,2025-12-31,0,2.8,4,57,5,5,5,Champions,Active
C03063,Kerala,South,45,404724.93,32235.62,2024-09-05,2025-12-31,0,3.5,30,70,5,5,5,Champions,Active
C03844,Rajasthan,North,52,406968.72,13463.59,2024-01-10,2025-12-20,11,4.3,17,74,5,5,5,Champions,Active
C05046,Uttar Pradesh,North,42,413110.01,2216.71,2024-02-18,2025-12-28,3,3.8,6,58,5,5,5,Champions,Active
C08027,Uttar Pradesh,North,35,416009.4,46203.06,2024-02-24,2025-07-10,174,3.3,5,48,2,5,5,At risk,Churned
C08802,Maharashtra,West,46,418241.07,20607.85,2024-02-17,2025-12-25,6,2.3,5,66,5,5,5,Champions,Active
C01694,West Bengal,East,70,418568.57,47282.09,2024-01-29,2025-12-11,20,5.2,9,94,4,5,5,Champions,Active
C05801,Gujarat,West,42,420178.17,3158.95,2024-01-09,2025-12-20,11,3.0,5,53,5,5,5,Champions,Active
C02189,Madhya Pradesh,Central,50,422364.74,19690.88,2024-03-24,2025-12-22,9,4.2,13,74,5,5,5,Champions,Active
C10559,Gujarat,West,51,424545.79,23869.74,2024-04-07,2025-12-23,8,3.1,6,74,5,5,5,Champions,Active
C06223,Delhi,North,41,426096.76,-7837.87,2024-02-28,2025-12-16,15,2.1,7,57,5,5,5,Champions,Active
C03742,Maharashtra,West,44,428853.59,35877.67,2024-01-23,2025-11-03,58,2.4,4,66,3,5,5,Loyal,Active
C08332,Maharashtra,West,46,431929.38,38458.29,2024-01-23,2025-11-29,32,2.5,10,70,4,5,5,Champions,Active
C03689,Delhi,North,44,433042.23,41399.08,2024-01-25,2025-12-11,20,2.0,8,56,4,5,5,Champions,Active
C10752,Maharashtra,West,40,433117.25,45378.59,2024-03-26,2025-12-19,12,2.7,7,59,5,5,5,Champions,Active
C03870,Maharashtra,West,50,433331.7,37388.43,2024-01-27,2025-10-20,72,2.3,8,65,3,5,5,Loyal,Active
C02765,Gujarat,West,57,435040.45,5608.07,2024-08-05,2025-12-31,0,3.4,15,88,5,5,5,Champions,Active
C08396,Uttar Pradesh,North,59,437627.56,33386.2,2024-01-07,2025-12-27,4,3.3,6,86,5,5,5,Champions,Active
C10862,Gujarat,West,39,440545.04,32113.54,2024-02-07,2025-12-01,30,2.7,7,55,4,5,5,Champions,Active
C01455,Tamil Nadu,South,45,440682.94,12633.31,2024-01-14,2025-11-19,42,3.0,8,67,4,5,5,Champions,Active
C05901,Maharashtra,West,62,443135.02,49403.44,2024-11-29,2025-12-31,0,2.4,4,92,5,5,5,Champions,Active
C10112,Karnataka,South,44,443176.73,26705.18,2024-01-11,2025-12-31,0,2.5,8,63,5,5,5,Champions,Active
C11377,Odisha,East,58,444802.02,40631.11,2024-01-09,2025-12-06,25,5.8,19,87,4,5,5,Champions,Active
C08902,Karnataka,South,52,451474.75,35759.85,2024-03-29,2025-12-26,5,2.6,8,70,5,5,5,Champions,Active
C08400,Tamil Nadu,South,52,453944.11,-1084.64,2024-06-25,2025-12-29,2,2.9,8,65,5,5,5,Champions,Active
C06522,Madhya Pradesh,Central,36,454281.16,28720.39,2024-06-15,2025-11-15,46,4.0,7,50,4,5,5,Champions,Active
C11953,Kerala,South,68,454984.46,14406.06,2024-04-17,2025-12-16,15,3.4,8,94,5,5,5,Champions,Active
C08655,Rajasthan,North,46,456179.64,32165.88,2024-03-20,2025-12-27,4,4.3,8,65,5,5,5,Champions,Active
C09670,Delhi,North,44,459355.99,42165.31,2024-02-28,2025-12-06,25,1.9,10,64,4,5,5,Champions,Active
C11030,West Bengal,East,35,459528.12,7052.35,2024-06-22,2025-11-19,42,5.2,3,46,4,5,5,Champions,Active
C05185,Telangana,South,32,460009.76,21527.39,2024-01-12,2025-12-06,25,2.7,3,49,4,5,5,Champions,Active
C11172,Gujarat,West,56,461873.52,43851.85,2024-06-12,2025-12-28,3,2.8,7,76,5,5,5,Champions,Active
C06906,Tamil Nadu,South,38,461918.6,31300.57,2024-11-05,2025-12-31,0,3.1,5,58,5,5,5,Champions,Active
C04689,Karnataka,South,64,462319.44,25847.26,2024-01-31,2025-12-19,12,2.6,14,84,5,5,5,Champions,Active
C03316,Assam,Northeast,36,462529.47,28046.7,2024-08-11,2025-12-27,4,7.8,5,53,5,5,5,Champions,Active
C00711,Assam,Northeast,56,463943.42,-25141.55,2024-08-09,2025-12-23,8,7.9,5,77,5,5,5,Champions,Active
C09416,Maharashtra,West,52,469555.74,27219.46,2024-03-04,2025-12-30,1,2.5,10,75,5,5,5,Champions,Active
C11675,Uttar Pradesh,North,68,470364.73,48044.32,2024-02-27,2025-12-24,7,3.3,11,85,5,5,5,Champions,Active
C00003,Madhya Pradesh,Central,42,470554.77,65421.14,2024-01-16,2025-09-20,102,4.2,6,54,3,5,5,Loyal,Churned
C00072,Bihar,East,44,475137.01,26920.91,2024-03-10,2025-12-07,24,6.7,9,67,4,5,5,Champions,Active
C04411,Maharashtra,West,59,475774.72,32769.85,2024-03-01,2025-12-08,23,2.6,13,81,4,5,5,Champions,Active
C06567,Uttar Pradesh,North,59,477850.08,24735.27,2024-06-10,2025-12-09,22,3.6,9,92,4,5,5,Champions,Active
C02374,Maharashtra,West,43,478432.28,-9816.6,2024-01-17,2025-12-30,1,2.5,4,55,5,5,5,Champions,Active
C05218,Delhi,North,50,479569.87,35492.09,2024-06-11,2025-12-28,3,2.3,6,75,5,5,5,Champions,Active
C11541,Telangana,South,34,479822.0,11385.85,2024-05-19,2025-12-04,27,2.7,5,53,4,5,5,Champions,Active
C00730,Telangana,South,59,480732.2,16703.75,2024-03-23,2025-12-29,2,2.4,5,78,5,5,5,Champions,Active
C08009,Delhi,North,56,488014.67,8148.28,2024-01-07,2025-12-14,17,2.3,18,87,5,5,5,Champions,Active
C07632,Uttar Pradesh,North,60,488850.52,36721.77,2024-04-16,2025-11-24,37,3.4,5,82,4,5,5,Champions,Active
C04100,Gujarat,West,49,489696.85,47153.57,2024-01-20,2024-05-18,592,2.8,6,66,1,5,5,At risk,Churned
C06324,Delhi,North,53,497221.07,-2774.94,2024-02-17,2025-12-08,23,2.0,6,73,4,5,5,Champions,Active
C10806,Maharashtra,West,45,502164.58,33500.93,2024-03-04,2025-12-04,27,2.4,6,59,4,5,5,Champions,Active
C02978,Maharashtra,West,45,502393.85,14617.77,2024-03-17,2025-12-14,17,2.7,7,55,5,5,5,Champions,Active
C08474,Maharashtra,West,59,504418.02,29175.21,2024-04-15,2025-12-20,11,2.6,12,83,5,5,5,Champions,Active
C05158,Karnataka,South,33,507945.72,36730.9,2024-02-18,2025-09-29,93,2.6,6,48,3,5,5,Loyal,Churned
C03667,Gujarat,West,36,511669.64,8831.55,2024-05-20,2025-12-23,8,3.1,2,53,5,5,5,Champions,Active
C03521,Gujarat,West,56,518025.65,8465.52,2024-01-08,2025-12-28,3,3.0,9,80,5,5,5,Champions,Active
C06950,Uttar Pradesh,North,52,518720.4,7693.05,2024-03-05,2025-12-26,5,3.6,19,72,5,5,5,Champions,Active
C11046,Gujarat,West,49,519778.36,30636.76,2024-06-02,2025-12-22,9,3.3,8,72,5,5,5,Champions,Active
C07931,Telangana,South,71,520834.79,63131.16,2024-02-08,2025-12-19,12,2.5,27,93,5,5,5,Champions,Active
C02508,Uttar Pradesh,North,43,525925.92,4465.78,2024-02-01,2025-11-23,38,3.4,5,60,4,5,5,Champions,Active
C02624,Karnataka,South,47,526332.18,25201.74,2024-06-21,2025-12-26,5,2.7,9,69,5,5,5,Champions,Active
C02951,Odisha,East,37,527110.22,42971.16,2024-03-13,2025-12-06,25,5.7,10,56,4,5,5,Champions,Active
C10929,Uttar Pradesh,North,76,531092.01,46180.08,2024-01-17,2025-12-19,12,3.4,13,99,5,5,5,Champions,Active
C11115,Uttar Pradesh,North,60,536594.48,32653.82,2024-10-19,2025-12-27,4,3.5,8,83,5,5,5,Champions,Active
C02711,Maharashtra,West,53,536711.91,6799.11,2024-04-06,2025-10-17,75,2.7,9,76,3,5,5,Loyal,Active
C00004,Rajasthan,North,53,540618.95,44144.73,2024-03-02,2025-12-22,9,4.0,6,75,5,5,5,Champions,Active
C07793,Maharashtra,West,65,542006.85,-1490.49,2024-08-24,2025-12-24,7,2.4,15,90,5,5,5,Champions,Active
C09687,Rajasthan,North,64,543370.07,32564.37,2024-04-07,2025-12-23,8,4.2,15,88,5,5,5,Champions,Active
C04932,Gujarat,West,72,543630.37,51050.44,2024-01-28,2025-12-28,3,3.1,28,95,5,5,5,Champions,Active
C10075,Delhi,North,69,547749.55,47964.01,2024-01-21,2025-12-14,17,2.3,10,98,5,5,5,Champions,Active
C01047,Karnataka,South,72,547885.41,59760.34,2024-10-18,2025-12-31,0,2.5,12,100,5,5,5,Champions,Active
C00920,Delhi,North,56,548910.62,19375.36,2024-01-03,2025-12-18,13,2.0,9,82,5,5,5,Champions,Active
C11103,Madhya Pradesh,Central,61,550702.01,40922.97,2024-04-09,2025-12-30,1,3.8,6,81,5,5,5,Champions,Active
C11022,Delhi,North,57,554959.29,32283.34,2024-01-08,2025-08-06,147,2.3,11,91,2,5,5,At risk,Churned
C00938,Tamil Nadu,South,58,560936.08,26610.22,2024-02-05,2025-12-23,8,2.8,11,84,5,5,5,Champions,Active
C03374,Karnataka,South,59,561488.37,71497.99,2024-05-12,2025-12-25,6,2.5,6,86,5,5,5,Champions,Active
C05557,Tamil Nadu,South,54,568881.68,19021.55,2024-02-15,2025-11-07,54,3.1,6,77,3,5,5,Loyal,Active
C01258,Maharashtra,West,51,570933.72,34548.03,2024-02-01,2025-12-27,4,2.6,5,73,5,5,5,Champions,Active
C02705,Telangana,South,89,573746.77,22097.21,2024-02-03,2025-12-29,2,2.7,14,122,5,5,5,Champions,Active
C05189,Maharashtra,West,43,573920.63,54266.04,2024-02-20,2025-11-26,35,2.8,5,59,4,5,5,Champions,Active
C10781,Delhi,North,67,587859.85,22885.84,2024-03-10,2025-12-01,30,2.2,15,91,4,5,5,Champions,Active
C04273,Assam,Northeast,52,591278.45,43586.92,2024-02-13,2025-12-26,5,7.7,4,80,5,5,5,Champions,Active
C11999,Delhi,North,48,592904.89,17716.02,2024-02-21,2025-11-21,40,2.1,9,76,4,5,5,Champions,Active
C11904,Delhi,North,60,599346.95,48943.44,2024-04-18,2025-12-16,15,2.2,1,88,5,5,5,Champions,Active
C00859,Maharashtra,West,82,607418.3,55864.57,2024-04-10,2025-12-31,0,2.7,7,113,5,5,5,Champions,Active
C00278,Kerala,South,57,609261.69,52890.54,2024-04-22,2025-11-28,33,3.7,9,77,4,5,5,Champions,Active
C06169,Maharashtra,West,61,613264.47,23618.79,2024-02-18,2025-11-07,54,2.5,6,86,3,5,5,Loyal,Active
C08369,West Bengal,East,36,619584.63,15078.09,2024-07-25,2025-12-16,15,4.9,6,50,5,5,5,Champions,Active
C03104,Maharashtra,West,62,626459.01,69350.6,2024-02-26,2025-12-29,2,3.0,10,85,5,5,5,Champions,Active
C07393,Delhi,North,106,631440.83,66676.67,2024-01-06,2025-12-21,10,2.0,14,141,5,5,5,Champions,Active
C07339,Uttar Pradesh,North,70,632667.43,30904.49,2024-04-07,2025-12-18,13,3.7,7,100,5,5,5,Champions,Active
C09517,Uttar Pradesh,North,63,661744.28,-8916.14,2024-04-04,2025-12-21,10,3.4,14,88,5,5,5,Champions,Active
C01919,Gujarat,West,84,664204.81,-3569.35,2024-01-04,2025-12-05,26,2.8,12,116,4,5,5,Champions,Active
C10873,Telangana,South,63,679392.57,23939.21,2024-01-24,2025-11-15,46,2.5,8,98,4,5,5,Champions,Active
C03891,Karnataka,South,106,687064.5,82046.24,2024-01-05,2025-12-19,12,2.6,9,149,5,5,5,Champions,Active
C08694,Rajasthan,North,93,692895.83,45164.48,2024-01-16,2025-12-30,1,3.9,8,128,5,5,5,Champions,Active
C06587,Rajasthan,North,59,707098.79,-12635.78,2024-06-08,2025-12-12,19,4.1,10,90,4,5,5,Champions,Active
C05586,Madhya Pradesh,Central,75,707326.67,106978.59,2024-01-08,2025-12-01,30,4.1,10,113,4,5,5,Champions,Active
C11418,West Bengal,East,44,710977.34,16688.8,2024-01-21,2025-12-27,4,5.1,8,64,5,5,5,Champions,Active
C05049,Maharashtra,West,90,731321.59,49258.27,2024-01-08,2025-12-27,4,2.2,24,133,5,5,5,Champions,Active
C08264,Tamil Nadu,South,84,739827.76,35725.64,2024-01-01,2025-12-18,13,2.9,5,113,5,5,5,Champions,Active
C10255,Madhya Pradesh,Central,71,765709.93,9378.41,2024-02-21,2025-12-29,2,4.2,10,107,5,5,5,Champions,Active
C01860,Maharashtra,West,65,780095.23,3845.36,2024-05-23,2025-12-28,3,2.5,4,89,5,5,5,Champions,Active
C01640,West Bengal,East,93,793034.94,65319.15,2024-02-14,2025-12-24,7,5.1,18,127,5,5,5,Champions,Active
C05085,Maharashtra,West,96,795852.62,32298.53,2024-02-08,2025-12-30,1,2.5,14,127,5,5,5,Champions,Active
C09248,Telangana,South,92,806404.47,40174.35,2024-01-18,2025-12-04,27,2.5,15,132,4,5,5,Champions,Active
C03392,Assam,Northeast,88,845325.76,47401.48,2024-01-08,2025-10-31,61,7.6,11,133,3,5,5,Loyal,Active
C01294,Tamil Nadu,South,105,918522.34,25972.44,2024-01-05,2025-12-02,29,3.0,10,146,4,5,5,Champions,Active
C04291,Karnataka,South,115,927853.25,50831.0,2024-01-05,2025-12-12,19,2.8,23,162,4,5,5,Champions,Active
C08007,Maharashtra,West,149,988787.03,29855.71,2024-01-21,2025-12-31,0,2.5,19,211,5,5,5,Champions,Active
C01861,Rajasthan,North,88,988787.77,47927.17,2024-05-13,2025-12-26,5,3.8,13,126,5,5,5,Champions,Active
C06612,Karnataka,South,111,1033923.6,62840.07,2024-01-23,2025-12-26,5,2.6,17,159,5,5,5,Champions,Active
C04596,Karnataka,South,144,1039786.5,26066.85,2024-01-01,2025-12-08,23,2.6,17,197,4,5,5,Champions,Active
C02595,Delhi,North,142,1065792.65,122555.47,2024-02-05,2025-12-20,11,2.1,23,204,5,5,5,Champions,Active
C00836,Delhi,North,145,1106054.79,87375.21,2024-02-03,2025-12-21,10,2.1,19,192,5,5,5,Champions,Active
C02405,Uttar Pradesh,North,157,1132517.44,75030.89,2024-01-10,2025-12-29,2,3.4,35,236,5,5,5,Champions,Active
C02416,Tamil Nadu,South,151,1153875.74,44640.98,2024-01-21,2025-12-31,0,3.1,17,210,5,5,5,Champions,Active
